package,module,name,qualname,kind,visibility,origin,signature,deprecated,doc,verdict,reason
Affy,Bio.Affy.CelFile,ParserError,ParserError,exception,public,defined,,False,Affymetrix parser error.,parity,"drop-in compatibility; small surface, no large win expected"
Affy,Bio.Affy.CelFile,Record,Record,class,public,defined,,False,Stores the information in a cel file.,parity,"drop-in compatibility; small surface, no large win expected"
Affy,Bio.Affy.CelFile,read,read,function,public,defined,"(handle, version=None)",False,Read Affymetrix CEL file and return Record object.,parity,"drop-in compatibility; small surface, no large win expected"
Align,Bio.Align,MultipleSeqAlignment,MultipleSeqAlignment,class,public,defined,,False,Represents a classical multiple sequence alignment (MSA).,perf,"hot path: measured or structural speed gap, kernel candidate"
Align,Bio.Align,column_annotations,MultipleSeqAlignment.column_annotations,property,public,defined,(property),False,Dictionary of per-letter-annotation for the sequence.,perf,"hot path: measured or structural speed gap, kernel candidate"
Align,Bio.Align,get_alignment_length,MultipleSeqAlignment.get_alignment_length,method,public,defined,(self),False,Return the maximum length of the alignment.,perf,"hot path: measured or structural speed gap, kernel candidate"
Align,Bio.Align,extend,MultipleSeqAlignment.extend,method,public,defined,"(self, records)",False,Add more SeqRecord objects to the alignment as rows.,perf,"hot path: measured or structural speed gap, kernel candidate"
Align,Bio.Align,append,MultipleSeqAlignment.append,method,public,defined,"(self, record)",False,Add one more SeqRecord object to the alignment as a new row.,perf,"hot path: measured or structural speed gap, kernel candidate"
Align,Bio.Align,sort,MultipleSeqAlignment.sort,method,public,defined,"(self, key=None, reverse=False)",False,Sort the rows (SeqRecord objects) of the alignment in place.,perf,"hot path: measured or structural speed gap, kernel candidate"
Align,Bio.Align,substitutions,MultipleSeqAlignment.substitutions,property,public,defined,(property),False,Return an Array with the number of substitutions of letters in the alignment.,perf,"hot path: measured or structural speed gap, kernel candidate"
Align,Bio.Align,alignment,MultipleSeqAlignment.alignment,property,public,defined,(property),False,Return an Alignment object based on the MultipleSeqAlignment object.,perf,"hot path: measured or structural speed gap, kernel candidate"
Align,Bio.Align,Alignment,Alignment,class,public,defined,,False,Represents a sequence alignment.,perf,"hot path: measured or structural speed gap, kernel candidate"
Align,Bio.Align,parse_printed_alignment,Alignment.parse_printed_alignment,classmethod,public,defined,"(cls, lines)",False,Infer the sequences and coordinates from a printed alignment.,perf,"hot path: measured or structural speed gap, kernel candidate"
Align,Bio.Align,from_alignments_with_same_reference,Alignment.from_alignments_with_same_reference,classmethod,public,defined,"(cls, alignments: list['Alignment'] | tuple['Alignment']) -> 'Alignment'",False,Create an Alignment from a list of alignments in which the first sequence is the same (reference sequence).,perf,"hot path: measured or structural speed gap, kernel candidate"
Align,Bio.Align,frequencies,Alignment.frequencies,property,public,defined,(property),False,Return the frequency of each letter in each column of the alignment.,perf,"hot path: measured or structural speed gap, kernel candidate"
Align,Bio.Align,target,Alignment.target,property,public,defined,(property),False,Return self.sequences[0] for a pairwise alignment.,perf,"hot path: measured or structural speed gap, kernel candidate"
Align,Bio.Align,query,Alignment.query,property,public,defined,(property),False,Return self.sequences[1] for a pairwise alignment.,perf,"hot path: measured or structural speed gap, kernel candidate"
Align,Bio.Align,format,Alignment.format,method,public,defined,"(self, fmt='', *args, **kwargs)",False,Return the alignment as a string in the specified file format.,perf,"hot path: measured or structural speed gap, kernel candidate"
Align,Bio.Align,length,Alignment.length,property,public,defined,(property),False,"Return the alignment length, i.e. the number of columns when printed..",perf,"hot path: measured or structural speed gap, kernel candidate"
Align,Bio.Align,shape,Alignment.shape,property,public,defined,(property),False,Return the shape of the alignment as a tuple of two integer values.,perf,"hot path: measured or structural speed gap, kernel candidate"
Align,Bio.Align,aligned,Alignment.aligned,property,public,defined,(property),False,Return the indices of subsequences aligned to each other.,perf,"hot path: measured or structural speed gap, kernel candidate"
Align,Bio.Align,indices,Alignment.indices,property,public,defined,(property),False,Return the sequence index of each lettter in the alignment.,perf,"hot path: measured or structural speed gap, kernel candidate"
Align,Bio.Align,inverse_indices,Alignment.inverse_indices,property,public,defined,(property),False,Return the alignment column index for each letter in each sequence.,perf,"hot path: measured or structural speed gap, kernel candidate"
Align,Bio.Align,sort,Alignment.sort,method,public,defined,"(self, key=None, reverse=False)",False,Sort the sequences of the alignment in place.,perf,"hot path: measured or structural speed gap, kernel candidate"
Align,Bio.Align,map,Alignment.map,method,public,defined,"(self, alignment)",False,Map the alignment to self.target and return the resulting alignment.,perf,"hot path: measured or structural speed gap, kernel candidate"
Align,Bio.Align,mapall,Alignment.mapall,method,public,defined,"(self, alignments)",False,"Map each of the alignments to self, and return the mapped alignment.",perf,"hot path: measured or structural speed gap, kernel candidate"
Align,Bio.Align,substitutions,Alignment.substitutions,property,public,defined,(property),False,Return an Array with the number of substitutions of letters in the alignment.,perf,"hot path: measured or structural speed gap, kernel candidate"
Align,Bio.Align,counts,Alignment.counts,method,public,defined,"(self, scoring=None)",False,"Count the number of identities, mismatches, and gaps of an alignment.",perf,"hot path: measured or structural speed gap, kernel candidate"
Align,Bio.Align,reverse_complement,Alignment.reverse_complement,method,public,defined,(self),False,Reverse-complement the alignment and return it.,perf,"hot path: measured or structural speed gap, kernel candidate"
Align,Bio.Align,AlignmentsAbstractBaseClass,AlignmentsAbstractBaseClass,class,public,defined,,False,Abstract base class for sequence alignments.,perf,"hot path: measured or structural speed gap, kernel candidate"
Align,Bio.Align,rewind,AlignmentsAbstractBaseClass.rewind,method,public,defined,(self),False,Rewind the iterator to let it loop over the alignments from the beginning.,perf,"hot path: measured or structural speed gap, kernel candidate"
Align,Bio.Align,Alignments,Alignments,class,public,defined,,False,Abstract base class for sequence alignments.,perf,"hot path: measured or structural speed gap, kernel candidate"
Align,Bio.Align,rewind,Alignments.rewind,method,public,defined,(self),False,Rewind the iterator to let it loop over the alignments from the beginning.,perf,"hot path: measured or structural speed gap, kernel candidate"
Align,Bio.Align,PairwiseAlignments,PairwiseAlignments,class,public,defined,,False,Implements an iterator over pairwise alignments returned by the aligner.,perf,"hot path: measured or structural speed gap, kernel candidate"
Align,Bio.Align,rewind,PairwiseAlignments.rewind,method,public,defined,(self),False,Rewind the iterator to let it loop over the alignments from the beginning.,perf,"hot path: measured or structural speed gap, kernel candidate"
Align,Bio.Align,PairwiseAligner,PairwiseAligner,class,public,defined,,False,Performs pairwise sequence alignment using dynamic programming.,perf,"hot path: measured or structural speed gap, kernel candidate"
Align,Bio.Align,align,PairwiseAligner.align,method,public,defined,"(self, seqA, seqB, strand='+')",False,Return the alignments of two sequences using PairwiseAligner.,perf,"hot path: measured or structural speed gap, kernel candidate"
Align,Bio.Align,score,PairwiseAligner.score,method,public,defined,"(self, seqA, seqB, strand='+')",False,Return the alignment score of two sequences using PairwiseAligner.,perf,"hot path: measured or structural speed gap, kernel candidate"
Align,Bio.Align,CodonAligner,CodonAligner,class,public,defined,,False,Aligns a nucleotide sequence to an amino acid sequence.,perf,"hot path: measured or structural speed gap, kernel candidate"
Align,Bio.Align,score,CodonAligner.score,method,public,defined,"(self, seqA, seqB)",False,Return the alignment score of a protein sequence and nucleotide sequence.,perf,"hot path: measured or structural speed gap, kernel candidate"
Align,Bio.Align,align,CodonAligner.align,method,public,defined,"(self, seqA, seqB)",False,Align a nucleotide sequence to its corresponding protein sequence.,perf,"hot path: measured or structural speed gap, kernel candidate"
Align,Bio.Align,write,write,function,public,defined,"(alignments, target, fmt, *args, **kwargs)",False,Write alignments to a file.,perf,"hot path: measured or structural speed gap, kernel candidate"
Align,Bio.Align,parse,parse,function,public,defined,"(source, fmt)",False,Parse an alignment file and return an iterator over alignments.,perf,"hot path: measured or structural speed gap, kernel candidate"
Align,Bio.Align,read,read,function,public,defined,"(handle, fmt)",False,"Parse a file containing one alignment, and return it.",perf,"hot path: measured or structural speed gap, kernel candidate"
Align,Bio.Align.AlignInfo,SummaryInfo,SummaryInfo,class,public,defined,,True,Calculate summary info about the alignment (DEPRECATED).,skip,deprecated upstream (inventory flag)
Align,Bio.Align.AlignInfo,get_column,SummaryInfo.get_column,method,public,defined,"(self, col)",False,Return column of alignment.,parity,"drop-in compatibility; small surface, no large win expected"
Align,Bio.Align.a2m,AlignmentWriter,AlignmentWriter,class,public,defined,,False,Alignment file writer for the A2M file format.,parity,"drop-in compatibility; small surface, no large win expected"
Align,Bio.Align.a2m,format_alignment,AlignmentWriter.format_alignment,method,public,defined,"(self, alignment)",False,Return a string with the alignment in the A2M file format.,parity,"drop-in compatibility; small surface, no large win expected"
Align,Bio.Align.a2m,write_alignments,AlignmentWriter.write_alignments,method,public,defined,"(self, stream, alignments)",False,"Write a single alignment to the output file, and return 1.",parity,"drop-in compatibility; small surface, no large win expected"
Align,Bio.Align.a2m,AlignmentIterator,AlignmentIterator,class,public,defined,,False,Alignment iterator for files in the A2M file format.,parity,"drop-in compatibility; small surface, no large win expected"
Align,Bio.Align.analysis,calculate_dn_ds,calculate_dn_ds,function,public,defined,"(alignment, method='NG86', codon_table=None, k=1, cfreq=None)",False,Calculate dN and dS of the given two sequences.,perf,"hot path: measured or structural speed gap, kernel candidate"
Align,Bio.Align.analysis,calculate_dn_ds_matrix,calculate_dn_ds_matrix,function,public,defined,"(alignment, method='NG86', codon_table=None)",False,"Calculate dN and dS pairwise for the multiple alignment, and return as matrices.",perf,"hot path: measured or structural speed gap, kernel candidate"
Align,Bio.Align.analysis,mktest,mktest,function,public,defined,"(alignment, species=None, codon_table=None)",False,McDonald-Kreitman test for neutrality.,perf,"hot path: measured or structural speed gap, kernel candidate"
Align,Bio.Align.bed,AlignmentWriter,AlignmentWriter,class,public,defined,,False,Alignment file writer for the Browser Extensible Data (BED) file format.,parity,"drop-in compatibility; small surface, no large win expected"
Align,Bio.Align.bed,format_alignment,AlignmentWriter.format_alignment,method,public,defined,"(self, alignment)",False,Return a string with one alignment formatted as a BED line.,parity,"drop-in compatibility; small surface, no large win expected"
Align,Bio.Align.bed,AlignmentIterator,AlignmentIterator,class,public,defined,,False,Alignment iterator for Browser Extensible Data (BED) files.,parity,"drop-in compatibility; small surface, no large win expected"
Align,Bio.Align.bigbed,Field,Field,class,public,defined,,False,"Field(as_type, name, comment)",perf,"hot path: measured or structural speed gap, kernel candidate"
Align,Bio.Align.bigbed,AutoSQLTable,AutoSQLTable,class,public,defined,,False,AutoSQL table describing the columns of an (possibly extended) BED format.,perf,"hot path: measured or structural speed gap, kernel candidate"
Align,Bio.Align.bigbed,from_bytes,AutoSQLTable.from_bytes,classmethod,public,defined,"(cls, data)",False,Return an AutoSQLTable initialized using the bytes object data.,perf,"hot path: measured or structural speed gap, kernel candidate"
Align,Bio.Align.bigbed,from_string,AutoSQLTable.from_string,classmethod,public,defined,"(cls, data)",False,Return an AutoSQLTable initialized using the string object data.,perf,"hot path: measured or structural speed gap, kernel candidate"
Align,Bio.Align.bigbed,AlignmentWriter,AlignmentWriter,class,public,defined,,False,Alignment file writer for the bigBed file format.,perf,"hot path: measured or structural speed gap, kernel candidate"
Align,Bio.Align.bigbed,write_file,AlignmentWriter.write_file,method,public,defined,"(self, stream, alignments)",False,"Write the alignments to the file stream, and return the number of alignments.",perf,"hot path: measured or structural speed gap, kernel candidate"
Align,Bio.Align.bigbed,write_alignments,AlignmentWriter.write_alignments,method,public,defined,"(self, alignments, output, reductions, extra_indices)",False,"Write alignments to the output file, and return the number of alignments.",perf,"hot path: measured or structural speed gap, kernel candidate"
Align,Bio.Align.bigbed,AlignmentIterator,AlignmentIterator,class,public,defined,,False,Alignment iterator for bigBed files.,perf,"hot path: measured or structural speed gap, kernel candidate"
Align,Bio.Align.bigbed,search,AlignmentIterator.search,method,public,defined,"(self, chromosome=None, start=None, end=None)",False,Iterate over alignments overlapping the specified chromosome region..,perf,"hot path: measured or structural speed gap, kernel candidate"
Align,Bio.Align.bigbed,getvalue,_ZippedStream.getvalue,method,public,defined,(self),False,Retrieve the entire contents of the BytesIO object.,perf,"hot path: measured or structural speed gap, kernel candidate"
Align,Bio.Align.bigbed,write,_BufferedStream.write,method,public,defined,"(self, item)",False,,perf,"hot path: measured or structural speed gap, kernel candidate"
Align,Bio.Align.bigbed,flush,_BufferedStream.flush,method,public,defined,(self),False,,perf,"hot path: measured or structural speed gap, kernel candidate"
Align,Bio.Align.bigbed,write,_ZippedBufferedStream.write,method,public,defined,"(self, item)",False,,perf,"hot path: measured or structural speed gap, kernel candidate"
Align,Bio.Align.bigbed,flush,_ZippedBufferedStream.flush,method,public,defined,(self),False,,perf,"hot path: measured or structural speed gap, kernel candidate"
Align,Bio.Align.bigbed,fromfile,_Header.fromfile,classmethod,public,defined,"(cls, stream)",False,,perf,"hot path: measured or structural speed gap, kernel candidate"
Align,Bio.Align.bigbed,updateMaxFieldSize,_ExtraIndex.updateMaxFieldSize,method,public,defined,"(self, alignment)",False,,perf,"hot path: measured or structural speed gap, kernel candidate"
Align,Bio.Align.bigbed,addKeysFromRow,_ExtraIndex.addKeysFromRow,method,public,defined,"(self, alignment, recordIx)",False,,perf,"hot path: measured or structural speed gap, kernel candidate"
Align,Bio.Align.bigbed,addOffsetSize,_ExtraIndex.addOffsetSize,method,public,defined,"(self, offset, size, startIx, endIx)",False,,perf,"hot path: measured or structural speed gap, kernel candidate"
Align,Bio.Align.bigbed,size,_ExtraIndices.size,property,public,defined,(property),False,,perf,"hot path: measured or structural speed gap, kernel candidate"
Align,Bio.Align.bigbed,initialize,_ExtraIndices.initialize,method,public,defined,"(self, bedCount)",False,,perf,"hot path: measured or structural speed gap, kernel candidate"
Align,Bio.Align.bigbed,tofile,_ExtraIndices.tofile,method,public,defined,"(self, stream)",False,,perf,"hot path: measured or structural speed gap, kernel candidate"
Align,Bio.Align.bigbed,read,_ZoomLevel.read,method,public,defined,"(self, stream)",False,,perf,"hot path: measured or structural speed gap, kernel candidate"
Align,Bio.Align.bigbed,read,_ZoomLevels.read,method,public,defined,"(self, stream)",False,,perf,"hot path: measured or structural speed gap, kernel candidate"
Align,Bio.Align.bigbed,calculate_reductions,_ZoomLevels.calculate_reductions,classmethod,public,defined,"(cls, aveSize)",False,,perf,"hot path: measured or structural speed gap, kernel candidate"
Align,Bio.Align.bigbed,reduce,_ZoomLevels.reduce,method,public,defined,"(self, summaries, initialReduction, buffer, blockSize, itemsPerSlot)",False,,perf,"hot path: measured or structural speed gap, kernel candidate"
Align,Bio.Align.bigbed,update,_Summary.update,method,public,defined,"(self, size, val)",False,,perf,"hot path: measured or structural speed gap, kernel candidate"
Align,Bio.Align.bigbed,update,_RegionSummary.update,method,public,defined,"(self, overlap, val)",False,,perf,"hot path: measured or structural speed gap, kernel candidate"
Align,Bio.Align.bigbed,calcLevelSizes,_RTreeNode.calcLevelSizes,method,public,defined,"(self, levelSizes, level)",False,,perf,"hot path: measured or structural speed gap, kernel candidate"
Align,Bio.Align.bigbed,generate,_RangeTree.generate,classmethod,public,defined,"(cls, chromUsageList, alignments)",False,,perf,"hot path: measured or structural speed gap, kernel candidate"
Align,Bio.Align.bigbed,generate_summaries,_RangeTree.generate_summaries,method,public,defined,"(self, scale, totalSum)",False,,perf,"hot path: measured or structural speed gap, kernel candidate"
Align,Bio.Align.bigbed,find,_RangeTree.find,method,public,defined,"(self, start, end)",False,,perf,"hot path: measured or structural speed gap, kernel candidate"
Align,Bio.Align.bigbed,restructure,_RangeTree.restructure,method,public,defined,"(self, x, y, z)",False,,perf,"hot path: measured or structural speed gap, kernel candidate"
Align,Bio.Align.bigbed,add,_RangeTree.add,method,public,defined,"(self, item)",False,,perf,"hot path: measured or structural speed gap, kernel candidate"
Align,Bio.Align.bigbed,addToCoverageDepth,_RangeTree.addToCoverageDepth,method,public,defined,"(self, alignment)",False,,perf,"hot path: measured or structural speed gap, kernel candidate"
Align,Bio.Align.bigbed,traverse,_RedBlackTreeNode.traverse,method,public,defined,(self),False,,perf,"hot path: measured or structural speed gap, kernel candidate"
Align,Bio.Align.bigbed,traverse_range,_RedBlackTreeNode.traverse_range,method,public,defined,"(self, start, end)",False,,perf,"hot path: measured or structural speed gap, kernel candidate"
Align,Bio.Align.bigbed,read,_RTreeFormatter.read,method,public,defined,"(self, stream)",False,,perf,"hot path: measured or structural speed gap, kernel candidate"
Align,Bio.Align.bigbed,rTreeFromChromRangeArray,_RTreeFormatter.rTreeFromChromRangeArray,method,public,defined,"(self, blockSize, items, endFileOffset)",False,,perf,"hot path: measured or structural speed gap, kernel candidate"
Align,Bio.Align.bigbed,rWriteLeaves,_RTreeFormatter.rWriteLeaves,method,public,defined,"(self, itemsPerSlot, lNodeSize, tree, curLevel, leafLevel, output)",False,,perf,"hot path: measured or structural speed gap, kernel candidate"
Align,Bio.Align.bigbed,rWriteIndexLevel,_RTreeFormatter.rWriteIndexLevel,method,public,defined,"(self, parent, blockSize, childNodeSize, curLevel, destLevel, offset, output)",False,,perf,"hot path: measured or structural speed gap, kernel candidate"
Align,Bio.Align.bigbed,write,_RTreeFormatter.write,method,public,defined,"(self, items, blockSize, itemsPerSlot, endFileOffset, output)",False,,perf,"hot path: measured or structural speed gap, kernel candidate"
Align,Bio.Align.bigbed,read,_BPlusTreeFormatter.read,method,public,defined,"(self, stream)",False,,perf,"hot path: measured or structural speed gap, kernel candidate"
Align,Bio.Align.bigbed,write,_BPlusTreeFormatter.write,method,public,defined,"(self, items, blockSize, output)",False,,perf,"hot path: measured or structural speed gap, kernel candidate"
Align,Bio.Align.bigmaf,AlignmentWriter,AlignmentWriter,class,public,defined,,False,Alignment file writer for the bigMaf file format.,parity,"drop-in compatibility; small surface, no large win expected"
Align,Bio.Align.bigmaf,write_file,AlignmentWriter.write_file,method,public,defined,"(self, stream, alignments)",False,Write the file.,parity,"drop-in compatibility; small surface, no large win expected"
Align,Bio.Align.bigmaf,AlignmentIterator,AlignmentIterator,class,public,defined,,False,Alignment iterator for bigMaf files.,parity,"drop-in compatibility; small surface, no large win expected"
Align,Bio.Align.bigpsl,AlignmentWriter,AlignmentWriter,class,public,defined,,False,Alignment file writer for the bigPsl file format.,parity,"drop-in compatibility; small surface, no large win expected"
Align,Bio.Align.bigpsl,write_file,AlignmentWriter.write_file,method,public,defined,"(self, stream, alignments)",False,Write the file.,parity,"drop-in compatibility; small surface, no large win expected"
Align,Bio.Align.bigpsl,AlignmentIterator,AlignmentIterator,class,public,defined,,False,Alignment iterator for bigPsl files.,parity,"drop-in compatibility; small surface, no large win expected"
Align,Bio.Align.chain,AlignmentWriter,AlignmentWriter,class,public,defined,,False,Alignment file writer for the UCSC chain file format.,parity,"drop-in compatibility; small surface, no large win expected"
Align,Bio.Align.chain,format_alignment,AlignmentWriter.format_alignment,method,public,defined,"(self, alignment)",False,Return a string with one alignment formatted as a chain block.,parity,"drop-in compatibility; small surface, no large win expected"
Align,Bio.Align.chain,AlignmentIterator,AlignmentIterator,class,public,defined,,False,Alignment iterator for UCSC chain files.,parity,"drop-in compatibility; small surface, no large win expected"
Align,Bio.Align.clustal,AlignmentWriter,AlignmentWriter,class,public,defined,,False,Clustalw alignment writer.,parity,"drop-in compatibility; small surface, no large win expected"
Align,Bio.Align.clustal,write_header,AlignmentWriter.write_header,method,public,defined,"(self, stream, alignments)",False,Use this to write the file header.,parity,"drop-in compatibility; small surface, no large win expected"
Align,Bio.Align.clustal,format_alignment,AlignmentWriter.format_alignment,method,public,defined,"(self, alignment)",False,Return a string with a single alignment in the Clustal format.,parity,"drop-in compatibility; small surface, no large win expected"
Align,Bio.Align.clustal,AlignmentIterator,AlignmentIterator,class,public,defined,,False,Clustalw alignment iterator.,parity,"drop-in compatibility; small surface, no large win expected"
Align,Bio.Align.emboss,AlignmentIterator,AlignmentIterator,class,public,defined,,False,Emboss alignment iterator.,parity,"drop-in compatibility; small surface, no large win expected"
Align,Bio.Align.exonerate,AlignmentWriter,AlignmentWriter,class,public,defined,,False,Alignment file writer for the Exonerate cigar and vulgar file format.,parity,"drop-in compatibility; small surface, no large win expected"
Align,Bio.Align.exonerate,write_header,AlignmentWriter.write_header,method,public,defined,"(self, stream, alignments)",False,Write the header.,parity,"drop-in compatibility; small surface, no large win expected"
Align,Bio.Align.exonerate,write_footer,AlignmentWriter.write_footer,method,public,defined,"(self, stream)",False,Write the footer.,parity,"drop-in compatibility; small surface, no large win expected"
Align,Bio.Align.exonerate,AlignmentIterator,AlignmentIterator,class,public,defined,,False,"Alignment iterator for the Exonerate text, cigar, and vulgar formats.",parity,"drop-in compatibility; small surface, no large win expected"
Align,Bio.Align.fasta,AlignmentWriter,AlignmentWriter,class,public,defined,,False,Alignment file writer for the aligned FASTA file format.,parity,"drop-in compatibility; small surface, no large win expected"
Align,Bio.Align.fasta,format_alignment,AlignmentWriter.format_alignment,method,public,defined,"(self, alignment)",False,Return a string with the alignment in aligned FASTA format.,parity,"drop-in compatibility; small surface, no large win expected"
Align,Bio.Align.fasta,AlignmentIterator,AlignmentIterator,class,public,defined,,False,Alignment iterator for aligned FASTA files.,parity,"drop-in compatibility; small surface, no large win expected"
Align,Bio.Align.hhr,AlignmentIterator,AlignmentIterator,class,public,defined,,False,Alignment iterator for hhr output files generated by HHsearch or HHblits.,parity,"drop-in compatibility; small surface, no large win expected"
Align,Bio.Align.interfaces,AlignmentIterator,AlignmentIterator,class,public,defined,,False,Base class for building Alignment iterators.,perf,"hot path: measured or structural speed gap, kernel candidate"
Align,Bio.Align.interfaces,rewind,AlignmentIterator.rewind,method,public,defined,(self),False,Rewind the iterator to let it loop over the alignments from the beginning.,perf,"hot path: measured or structural speed gap, kernel candidate"
Align,Bio.Align.interfaces,AlignmentWriter,AlignmentWriter,class,public,defined,,False,Base class for alignment writers. This class should be subclassed.,perf,"hot path: measured or structural speed gap, kernel candidate"
Align,Bio.Align.interfaces,write_header,AlignmentWriter.write_header,method,public,defined,"(self, stream, alignments)",False,Write the file header to the output file.,perf,"hot path: measured or structural speed gap, kernel candidate"
Align,Bio.Align.interfaces,write_footer,AlignmentWriter.write_footer,method,public,defined,"(self, stream)",False,Write the file footer to the output file.,perf,"hot path: measured or structural speed gap, kernel candidate"
Align,Bio.Align.interfaces,format_alignment,AlignmentWriter.format_alignment,method,public,defined,"(self, alignment)",False,Format a single alignment as a string.,perf,"hot path: measured or structural speed gap, kernel candidate"
Align,Bio.Align.interfaces,write_single_alignment,AlignmentWriter.write_single_alignment,method,public,defined,"(self, stream, alignments)",False,"Write a single alignment to the output file, and return 1.",perf,"hot path: measured or structural speed gap, kernel candidate"
Align,Bio.Align.interfaces,write_multiple_alignments,AlignmentWriter.write_multiple_alignments,method,public,defined,"(self, stream, alignments)",False,"Write alignments to the output file, and return the number of alignments.",perf,"hot path: measured or structural speed gap, kernel candidate"
Align,Bio.Align.interfaces,write_alignments,AlignmentWriter.write_alignments,method,public,defined,"(self, stream, alignments)",False,"Write alignments to the output file, and return the number of alignments.",perf,"hot path: measured or structural speed gap, kernel candidate"
Align,Bio.Align.interfaces,write_file,AlignmentWriter.write_file,method,public,defined,"(self, stream, alignments)",False,"Write the alignments to the file stream, and return the number of alignments.",perf,"hot path: measured or structural speed gap, kernel candidate"
Align,Bio.Align.interfaces,write,AlignmentWriter.write,method,public,defined,"(self, alignments)",False,"Write a file with the alignments, and return the number of alignments.",perf,"hot path: measured or structural speed gap, kernel candidate"
Align,Bio.Align.maf,AlignmentWriter,AlignmentWriter,class,public,defined,,False,"Accepts Alignment objects, writes a MAF file.",parity,"drop-in compatibility; small surface, no large win expected"
Align,Bio.Align.maf,write_header,AlignmentWriter.write_header,method,public,defined,"(self, stream, alignments)",False,Write the MAF header.,parity,"drop-in compatibility; small surface, no large win expected"
Align,Bio.Align.maf,format_alignment,AlignmentWriter.format_alignment,method,public,defined,"(self, alignment)",False,Return a string with a single alignment formatted as a MAF block.,parity,"drop-in compatibility; small surface, no large win expected"
Align,Bio.Align.maf,AlignmentIterator,AlignmentIterator,class,public,defined,,False,Alignment iterator for Multiple Alignment Format files.,parity,"drop-in compatibility; small surface, no large win expected"
Align,Bio.Align.mauve,AlignmentWriter,AlignmentWriter,class,public,defined,,False,Mauve xmfa alignment writer.,parity,"drop-in compatibility; small surface, no large win expected"
Align,Bio.Align.mauve,write_header,AlignmentWriter.write_header,method,public,defined,"(self, stream, alignments)",False,Write the file header to the output file.,parity,"drop-in compatibility; small surface, no large win expected"
Align,Bio.Align.mauve,write_file,AlignmentWriter.write_file,method,public,defined,"(self, stream, alignments)",False,"Write a file with the alignments, and return the number of alignments.",parity,"drop-in compatibility; small surface, no large win expected"
Align,Bio.Align.mauve,format_alignment,AlignmentWriter.format_alignment,method,public,defined,"(self, alignment)",False,Return a string with a single alignment in the Mauve format.,parity,"drop-in compatibility; small surface, no large win expected"
Align,Bio.Align.mauve,AlignmentIterator,AlignmentIterator,class,public,defined,,False,Mauve xmfa alignment iterator.,parity,"drop-in compatibility; small surface, no large win expected"
Align,Bio.Align.msf,AlignmentIterator,AlignmentIterator,class,public,defined,,False,GCG MSF alignment iterator.,parity,"drop-in compatibility; small surface, no large win expected"
Align,Bio.Align.nexus,AlignmentWriter,AlignmentWriter,class,public,defined,,False,Nexus alignment writer.,parity,"drop-in compatibility; small surface, no large win expected"
Align,Bio.Align.nexus,write_file,AlignmentWriter.write_file,method,public,defined,"(self, stream, alignments)",False,"Write a file with the alignments, and return the number of alignments.",parity,"drop-in compatibility; small surface, no large win expected"
Align,Bio.Align.nexus,format_alignment,AlignmentWriter.format_alignment,method,public,defined,"(self, alignment, interleave=None)",False,Return a string with a single alignment in the Nexus format.,parity,"drop-in compatibility; small surface, no large win expected"
Align,Bio.Align.nexus,write_alignment,AlignmentWriter.write_alignment,method,public,defined,"(self, alignment, stream, interleave=None)",False,Write a single alignment to the output file.,parity,"drop-in compatibility; small surface, no large win expected"
Align,Bio.Align.nexus,write_alignments,AlignmentWriter.write_alignments,method,public,defined,"(self, stream, alignments)",False,"Write alignments to the output file, and return the number of alignments.",parity,"drop-in compatibility; small surface, no large win expected"
Align,Bio.Align.nexus,AlignmentIterator,AlignmentIterator,class,public,defined,,False,Nexus alignment iterator.,parity,"drop-in compatibility; small surface, no large win expected"
Align,Bio.Align.phylip,AlignmentWriter,AlignmentWriter,class,public,defined,,False,Clustalw alignment writer.,parity,"drop-in compatibility; small surface, no large win expected"
Align,Bio.Align.phylip,format_alignment,AlignmentWriter.format_alignment,method,public,defined,"(self, alignment)",False,Return a string with a single alignment in the Phylip format.,parity,"drop-in compatibility; small surface, no large win expected"
Align,Bio.Align.phylip,AlignmentIterator,AlignmentIterator,class,public,defined,,False,Reads a Phylip alignment file and returns an Alignment iterator.,parity,"drop-in compatibility; small surface, no large win expected"
Align,Bio.Align.psl,AlignmentWriter,AlignmentWriter,class,public,defined,,False,Alignment file writer for the Pattern Space Layout (PSL) file format.,parity,"drop-in compatibility; small surface, no large win expected"
Align,Bio.Align.psl,write_header,AlignmentWriter.write_header,method,public,defined,"(self, stream, alignments)",False,Write the PSL header.,parity,"drop-in compatibility; small surface, no large win expected"
Align,Bio.Align.psl,format_alignment,AlignmentWriter.format_alignment,method,public,defined,"(self, alignment)",False,Return a string with a single alignment formatted as one PSL line.,parity,"drop-in compatibility; small surface, no large win expected"
Align,Bio.Align.psl,AlignmentIterator,AlignmentIterator,class,public,defined,,False,Alignment iterator for Pattern Space Layout (PSL) files.,parity,"drop-in compatibility; small surface, no large win expected"
Align,Bio.Align.sam,AlignmentWriter,AlignmentWriter,class,public,defined,,False,Alignment file writer for the Sequence Alignment/Map (SAM) file format.,parity,"drop-in compatibility; small surface, no large win expected"
Align,Bio.Align.sam,write_header,AlignmentWriter.write_header,method,public,defined,"(self, stream, alignments)",False,Write the SAM header.,parity,"drop-in compatibility; small surface, no large win expected"
Align,Bio.Align.sam,format_alignment,AlignmentWriter.format_alignment,method,public,defined,"(self, alignment, md=None)",False,Return a string with a single alignment formatted as one SAM line.,parity,"drop-in compatibility; small surface, no large win expected"
Align,Bio.Align.sam,AlignmentIterator,AlignmentIterator,class,public,defined,,False,Alignment iterator for Sequence Alignment/Map (SAM) files.,parity,"drop-in compatibility; small surface, no large win expected"
Align,Bio.Align.stockholm,AlignmentIterator,AlignmentIterator,class,public,defined,,False,Alignment iterator for alignment files in the Stockholm format.,parity,"drop-in compatibility; small surface, no large win expected"
Align,Bio.Align.stockholm,AlignmentWriter,AlignmentWriter,class,public,defined,,False,Alignment file writer for the Stockholm file format.,parity,"drop-in compatibility; small surface, no large win expected"
Align,Bio.Align.stockholm,format_alignment,AlignmentWriter.format_alignment,method,public,defined,"(self, alignment)",False,Return a string with a single alignment in the Stockholm format.,parity,"drop-in compatibility; small surface, no large win expected"
Align,Bio.Align.substitution_matrices,Array,Array,class,public,defined,,False,numpy array subclass indexed by integers and by letters.,data,becomes data + a parser; no class port
Align,Bio.Align.substitution_matrices,get,Array.get,method,public,defined,"(self, key, value=None)",False,Return the value of the key if found; return value otherwise.,data,becomes data + a parser; no class port
Align,Bio.Align.substitution_matrices,items,Array.items,method,public,defined,(self),False,"Return an iterator of (key, value) pairs in the array.",data,becomes data + a parser; no class port
Align,Bio.Align.substitution_matrices,keys,Array.keys,method,public,defined,(self),False,Return a tuple with the keys associated with the array.,data,becomes data + a parser; no class port
Align,Bio.Align.substitution_matrices,values,Array.values,method,public,defined,(self),False,Return a tuple with the values stored in the array.,data,becomes data + a parser; no class port
Align,Bio.Align.substitution_matrices,update,Array.update,method,public,defined,"(self, E=None, **F)",False,Update the array from dict/iterable E and F.,data,becomes data + a parser; no class port
Align,Bio.Align.substitution_matrices,select,Array.select,method,public,defined,"(self, alphabet)",False,Subset the array by selecting the letters from the specified alphabet.,data,becomes data + a parser; no class port
Align,Bio.Align.substitution_matrices,format,Array.format,method,public,defined,"(self, fmt='')",False,Return a string representation of the array.,data,becomes data + a parser; no class port
Align,Bio.Align.substitution_matrices,read,read,function,public,defined,"(handle, dtype=<class 'float'>)",False,Parse the file and return an Array object.,data,becomes data + a parser; no class port
Align,Bio.Align.substitution_matrices,load,load,function,public,defined,(name=None),False,Load and return a precalculated substitution matrix.,data,becomes data + a parser; no class port
Align,Bio.Align.tabular,State,State,class,public,defined,,False,Enumerate alignment states needed when parsing a BTOP string.,parity,"drop-in compatibility; small surface, no large win expected"
Align,Bio.Align.tabular,AlignmentIterator,AlignmentIterator,class,public,defined,,False,Alignment iterator for tabular output from BLAST or FASTA.,parity,"drop-in compatibility; small surface, no large win expected"
Align,Bio.Align.tabular,parse_btop,AlignmentIterator.parse_btop,method,public,defined,"(self, btop)",False,Parse a BTOP string and return alignment coordinates.,parity,"drop-in compatibility; small surface, no large win expected"
Align,Bio.Align.tabular,parse_cigar,AlignmentIterator.parse_cigar,method,public,defined,"(self, cigar)",False,Parse a CIGAR string and return alignment coordinates.,parity,"drop-in compatibility; small surface, no large win expected"
AlignIO,Bio.AlignIO,write,write,function,public,defined,"(alignments, handle, format)",False,Write complete set of alignments to a file.,parity,"drop-in compatibility; small surface, no large win expected"
AlignIO,Bio.AlignIO,parse,parse,function,public,defined,"(handle, format, seq_count=None)",False,Iterate over an alignment file as MultipleSeqAlignment objects.,parity,"drop-in compatibility; small surface, no large win expected"
AlignIO,Bio.AlignIO,read,read,function,public,defined,"(handle, format, seq_count=None)",False,Turn an alignment file into a single MultipleSeqAlignment object.,parity,"drop-in compatibility; small surface, no large win expected"
AlignIO,Bio.AlignIO,convert,convert,function,public,defined,"(in_file, in_format, out_file, out_format, molecule_type=None)",False,"Convert between two alignment files, returns number of alignments.",parity,"drop-in compatibility; small surface, no large win expected"
AlignIO,Bio.AlignIO.ClustalIO,ClustalWriter,ClustalWriter,class,public,defined,,False,Clustalw alignment writer.,parity,"drop-in compatibility; small surface, no large win expected"
AlignIO,Bio.AlignIO.ClustalIO,write_alignment,ClustalWriter.write_alignment,method,public,defined,"(self, alignment)",False,Use this to write (another) single alignment to an open file.,parity,"drop-in compatibility; small surface, no large win expected"
AlignIO,Bio.AlignIO.ClustalIO,ClustalIterator,ClustalIterator,class,public,defined,,False,Clustalw alignment iterator.,parity,"drop-in compatibility; small surface, no large win expected"
AlignIO,Bio.AlignIO.EmbossIO,EmbossIterator,EmbossIterator,class,public,defined,,False,Emboss alignment iterator.,parity,"drop-in compatibility; small surface, no large win expected"
AlignIO,Bio.AlignIO.FastaIO,FastaM10Iterator,FastaM10Iterator,function,public,defined,"(handle, seq_count=None)",False,Alignment iterator for the FASTA tool's pairwise alignment output.,parity,"drop-in compatibility; small surface, no large win expected"
AlignIO,Bio.AlignIO.Interfaces,AlignmentIterator,AlignmentIterator,class,public,defined,,False,Base class for building MultipleSeqAlignment iterators.,parity,"drop-in compatibility; small surface, no large win expected"
AlignIO,Bio.AlignIO.Interfaces,AlignmentWriter,AlignmentWriter,class,public,defined,,False,Base class for building MultipleSeqAlignment writers.,parity,"drop-in compatibility; small surface, no large win expected"
AlignIO,Bio.AlignIO.Interfaces,write_file,AlignmentWriter.write_file,method,public,defined,"(self, alignments)",False,Use this to write an entire file containing the given alignments.,parity,"drop-in compatibility; small surface, no large win expected"
AlignIO,Bio.AlignIO.Interfaces,clean,AlignmentWriter.clean,method,public,defined,"(self, text)",False,Use this to avoid getting newlines in the output.,parity,"drop-in compatibility; small surface, no large win expected"
AlignIO,Bio.AlignIO.Interfaces,SequentialAlignmentWriter,SequentialAlignmentWriter,class,public,defined,,False,Base class for building MultipleSeqAlignment writers.,parity,"drop-in compatibility; small surface, no large win expected"
AlignIO,Bio.AlignIO.Interfaces,write_file,SequentialAlignmentWriter.write_file,method,public,defined,"(self, alignments)",False,Use this to write an entire file containing the given alignments.,parity,"drop-in compatibility; small surface, no large win expected"
AlignIO,Bio.AlignIO.Interfaces,write_header,SequentialAlignmentWriter.write_header,method,public,defined,(self),False,Use this to write any header.,parity,"drop-in compatibility; small surface, no large win expected"
AlignIO,Bio.AlignIO.Interfaces,write_footer,SequentialAlignmentWriter.write_footer,method,public,defined,(self),False,Use this to write any footer.,parity,"drop-in compatibility; small surface, no large win expected"
AlignIO,Bio.AlignIO.Interfaces,write_alignment,SequentialAlignmentWriter.write_alignment,method,public,defined,"(self, alignment)",False,Use this to write a single alignment.,parity,"drop-in compatibility; small surface, no large win expected"
AlignIO,Bio.AlignIO.MafIO,MafWriter,MafWriter,class,public,defined,,False,"Accepts a MultipleSeqAlignment object, writes a MAF file.",parity,"drop-in compatibility; small surface, no large win expected"
AlignIO,Bio.AlignIO.MafIO,write_header,MafWriter.write_header,method,public,defined,(self),False,Write the MAF header.,parity,"drop-in compatibility; small surface, no large win expected"
AlignIO,Bio.AlignIO.MafIO,write_alignment,MafWriter.write_alignment,method,public,defined,"(self, alignment)",False,Write a complete alignment to a MAF block.,parity,"drop-in compatibility; small surface, no large win expected"
AlignIO,Bio.AlignIO.MafIO,MafIterator,MafIterator,function,public,defined,"(handle, seq_count=None)",False,Iterate over a MAF file handle as MultipleSeqAlignment objects.,parity,"drop-in compatibility; small surface, no large win expected"
AlignIO,Bio.AlignIO.MafIO,MafIndex,MafIndex,class,public,defined,,False,Index for a MAF file.,parity,"drop-in compatibility; small surface, no large win expected"
AlignIO,Bio.AlignIO.MafIO,close,MafIndex.close,method,public,defined,(self),False,Close the file handle being used to read the data.,parity,"drop-in compatibility; small surface, no large win expected"
AlignIO,Bio.AlignIO.MafIO,search,MafIndex.search,method,public,defined,"(self, starts, ends)",False,Search index database for MAF records overlapping ranges provided.,parity,"drop-in compatibility; small surface, no large win expected"
AlignIO,Bio.AlignIO.MafIO,get_spliced,MafIndex.get_spliced,method,public,defined,"(self, starts, ends, strand=1)",False,Return a multiple alignment of the exact sequence range provided.,parity,"drop-in compatibility; small surface, no large win expected"
AlignIO,Bio.AlignIO.MauveIO,MauveWriter,MauveWriter,class,public,defined,,False,Mauve/XMFA alignment writer.,parity,"drop-in compatibility; small surface, no large win expected"
AlignIO,Bio.AlignIO.MauveIO,write_alignment,MauveWriter.write_alignment,method,public,defined,"(self, alignment)",False,Use this to write (another) single alignment to an open file.,parity,"drop-in compatibility; small surface, no large win expected"
AlignIO,Bio.AlignIO.MauveIO,MauveIterator,MauveIterator,class,public,defined,,False,Mauve xmfa alignment iterator.,parity,"drop-in compatibility; small surface, no large win expected"
AlignIO,Bio.AlignIO.MsfIO,MsfIterator,MsfIterator,class,public,defined,,False,GCG MSF alignment iterator.,parity,"drop-in compatibility; small surface, no large win expected"
AlignIO,Bio.AlignIO.NexusIO,NexusIterator,NexusIterator,function,public,defined,"(handle: IO[str], seq_count: int | None = None) -> collections.abc.Iterator[Bio.Align.MultipleSeqAlignment]",False,Return SeqRecord objects from a Nexus file.,parity,"drop-in compatibility; small surface, no large win expected"
AlignIO,Bio.AlignIO.NexusIO,NexusWriter,NexusWriter,class,public,defined,,False,Nexus alignment writer.,parity,"drop-in compatibility; small surface, no large win expected"
AlignIO,Bio.AlignIO.NexusIO,write_file,NexusWriter.write_file,method,public,defined,"(self, alignments)",False,Use this to write an entire file containing the given alignments.,parity,"drop-in compatibility; small surface, no large win expected"
AlignIO,Bio.AlignIO.NexusIO,write_alignment,NexusWriter.write_alignment,method,public,defined,"(self, alignment, interleave=None)",False,Write an alignment to file.,parity,"drop-in compatibility; small surface, no large win expected"
AlignIO,Bio.AlignIO.PhylipIO,PhylipWriter,PhylipWriter,class,public,defined,,False,Phylip alignment writer.,parity,"drop-in compatibility; small surface, no large win expected"
AlignIO,Bio.AlignIO.PhylipIO,write_alignment,PhylipWriter.write_alignment,method,public,defined,"(self, alignment, id_width=10)",False,Use this to write (another) single alignment to an open file.,parity,"drop-in compatibility; small surface, no large win expected"
AlignIO,Bio.AlignIO.PhylipIO,PhylipIterator,PhylipIterator,class,public,defined,,False,Reads a Phylip alignment file returning a MultipleSeqAlignment iterator.,parity,"drop-in compatibility; small surface, no large win expected"
AlignIO,Bio.AlignIO.PhylipIO,RelaxedPhylipWriter,RelaxedPhylipWriter,class,public,defined,,False,Relaxed Phylip format writer.,parity,"drop-in compatibility; small surface, no large win expected"
AlignIO,Bio.AlignIO.PhylipIO,write_alignment,RelaxedPhylipWriter.write_alignment,method,public,defined,"(self, alignment)",False,Write a relaxed phylip alignment.,parity,"drop-in compatibility; small surface, no large win expected"
AlignIO,Bio.AlignIO.PhylipIO,RelaxedPhylipIterator,RelaxedPhylipIterator,class,public,defined,,False,Relaxed Phylip format Iterator.,parity,"drop-in compatibility; small surface, no large win expected"
AlignIO,Bio.AlignIO.PhylipIO,SequentialPhylipWriter,SequentialPhylipWriter,class,public,defined,,False,Sequential Phylip format Writer.,parity,"drop-in compatibility; small surface, no large win expected"
AlignIO,Bio.AlignIO.PhylipIO,write_alignment,SequentialPhylipWriter.write_alignment,method,public,defined,"(self, alignment, id_width=10)",False,Write a Phylip alignment to the handle.,parity,"drop-in compatibility; small surface, no large win expected"
AlignIO,Bio.AlignIO.PhylipIO,SequentialPhylipIterator,SequentialPhylipIterator,class,public,defined,,False,Sequential Phylip format Iterator.,parity,"drop-in compatibility; small surface, no large win expected"
AlignIO,Bio.AlignIO.PhylipIO,sanitize_name,sanitize_name,function,public,defined,"(name, width=None)",False,Sanitise sequence identifier for output.,parity,"drop-in compatibility; small surface, no large win expected"
AlignIO,Bio.AlignIO.StockholmIO,StockholmWriter,StockholmWriter,class,public,defined,,False,Stockholm/PFAM alignment writer.,parity,"drop-in compatibility; small surface, no large win expected"
AlignIO,Bio.AlignIO.StockholmIO,write_alignment,StockholmWriter.write_alignment,method,public,defined,"(self, alignment)",False,Use this to write (another) single alignment to an open file.,parity,"drop-in compatibility; small surface, no large win expected"
AlignIO,Bio.AlignIO.StockholmIO,StockholmIterator,StockholmIterator,class,public,defined,,False,Loads a Stockholm file from PFAM into MultipleSeqAlignment objects.,parity,"drop-in compatibility; small surface, no large win expected"
Blast,Bio.Blast,NotXMLError,NotXMLError,exception,public,defined,,False,Failed to parse file as XML.,parity,"drop-in compatibility; small surface, no large win expected"
Blast,Bio.Blast,CorruptedXMLError,CorruptedXMLError,exception,public,defined,,False,Corrupted XML.,parity,"drop-in compatibility; small surface, no large win expected"
Blast,Bio.Blast,HSP,HSP,class,public,defined,,False,Stores an alignment of one query sequence against a target sequence.,parity,"drop-in compatibility; small surface, no large win expected"
Blast,Bio.Blast,Hit,Hit,class,public,defined,,False,Stores a single BLAST hit of one single query against one target.,parity,"drop-in compatibility; small surface, no large win expected"
Blast,Bio.Blast,Record,Record,class,public,defined,,False,Stores the BLAST results for a single query.,parity,"drop-in compatibility; small surface, no large win expected"
Blast,Bio.Blast,keys,Record.keys,method,public,defined,(self),False,Return a list of the target.id of each hit.,parity,"drop-in compatibility; small surface, no large win expected"
Blast,Bio.Blast,index,Record.index,method,public,defined,"(self, key)",False,Return the index of the hit for which the target.id is equal to the key.,parity,"drop-in compatibility; small surface, no large win expected"
Blast,Bio.Blast,Records,Records,class,public,defined,,False,Stores the BLAST results of a single BLAST run.,parity,"drop-in compatibility; small surface, no large win expected"
Blast,Bio.Blast,data,Records.data,property,public,defined,(property),False,Overrides the data attribute of UserList.,parity,"drop-in compatibility; small surface, no large win expected"
Blast,Bio.Blast,parse,parse,function,public,defined,(source),False,Parse an XML file containing BLAST output and return a Bio.Blast.Records object.,parity,"drop-in compatibility; small surface, no large win expected"
Blast,Bio.Blast,read,read,function,public,defined,(source),False,Parse an XML file containing BLAST output for a single query and return it.,parity,"drop-in compatibility; small surface, no large win expected"
Blast,Bio.Blast,write,write,function,public,defined,"(records, destination, fmt='XML')",False,"Write BLAST records as an XML file, and return the number of records.",parity,"drop-in compatibility; small surface, no large win expected"
Blast,Bio.Blast,qblast,qblast,function,public,defined,"(program, database, sequence, url_base='https://blast.ncbi.nlm.nih.gov/Blast.cgi', auto_format=None, composition_based_statistics=None, db_genetic_code=None, endpoints=None, entrez_query='(none)', expect=10.0, filter=None, gapcosts=None, genetic_code=None, hitlist_size=50, i_thresh=None, layout=None, lcase_mask=None, matrix_name=None, nucl_penalty=None, nucl_reward=None, other_advanced=None, perc_ident=None, phi_pattern=None, query_file=None, query_believe_defline=None, query_from=None, query_to=None, searchsp_eff=None, service=None, threshold=None, ungapped_alignment=None, word_size=None, short_query=None, alignments=500, alignment_view=None, descriptions=500, entrez_links_new_window=None, expect_low=None, expect_high=None, format_entrez_query=None, format_object=None, format_type='XML', ncbi_gi=None, results_file=None, show_overview=None, megablast=None, template_type=None, template_length=None, username='blast', password=None)",False,BLAST search using NCBI's QBLAST server.,parity,"drop-in compatibility; small surface, no large win expected"
Blast,Bio.Blast.NCBIWWW,qblast,qblast,function,public,defined,"(program, database, sequence, url_base='https://blast.ncbi.nlm.nih.gov/Blast.cgi', auto_format=None, composition_based_statistics=None, db_genetic_code=None, endpoints=None, entrez_query='(none)', expect=10.0, filter=None, gapcosts=None, genetic_code=None, hitlist_size=50, i_thresh=None, layout=None, lcase_mask=None, matrix_name=None, nucl_penalty=None, nucl_reward=None, other_advanced=None, perc_ident=None, phi_pattern=None, query_file=None, query_believe_defline=None, query_from=None, query_to=None, searchsp_eff=None, service=None, threshold=None, ungapped_alignment=None, word_size=None, short_query=None, alignments=500, alignment_view=None, descriptions=500, entrez_links_new_window=None, expect_low=None, expect_high=None, format_entrez_query=None, format_object=None, format_type='XML', ncbi_gi=None, results_file=None, show_overview=None, megablast=None, template_type=None, template_length=None, username='blast', password=None)",False,BLAST search using NCBI's QBLAST server.,skip,"network transport: an HTTP request, nothing for C to speed up"
Blast,Bio.Blast.NCBIXML,fmt_,fmt_,function,public,defined,"(value, format_spec='%s', default_str='<unknown>')",False,Ensure the given value formats to a string correctly.,parity,"drop-in compatibility; small surface, no large win expected"
Blast,Bio.Blast.NCBIXML,Header,Header,class,public,defined,,False,Saves information from a blast header.,parity,"drop-in compatibility; small surface, no large win expected"
Blast,Bio.Blast.NCBIXML,Description,Description,class,public,defined,,False,Stores information about one hit in the descriptions section.,parity,"drop-in compatibility; small surface, no large win expected"
Blast,Bio.Blast.NCBIXML,DescriptionExt,DescriptionExt,class,public,defined,,False,Extended description record for BLASTXML version 2.,parity,"drop-in compatibility; small surface, no large win expected"
Blast,Bio.Blast.NCBIXML,append_item,DescriptionExt.append_item,method,public,defined,"(self, item)",False,Add a description extended record.,parity,"drop-in compatibility; small surface, no large win expected"
Blast,Bio.Blast.NCBIXML,DescriptionExtItem,DescriptionExtItem,class,public,defined,,False,Stores information about one record in hit description for BLASTXML version 2.,parity,"drop-in compatibility; small surface, no large win expected"
Blast,Bio.Blast.NCBIXML,Alignment,Alignment,class,public,defined,,False,Stores information about one hit in the alignments section.,parity,"drop-in compatibility; small surface, no large win expected"
Blast,Bio.Blast.NCBIXML,HSP,HSP,class,public,defined,,False,Stores information about one hsp in an alignment hit.,parity,"drop-in compatibility; small surface, no large win expected"
Blast,Bio.Blast.NCBIXML,MultipleAlignment,MultipleAlignment,class,public,defined,,False,Holds information about a multiple alignment.,parity,"drop-in compatibility; small surface, no large win expected"
Blast,Bio.Blast.NCBIXML,to_generic,MultipleAlignment.to_generic,method,public,defined,(self),False,Retrieve generic alignment object for the given alignment.,parity,"drop-in compatibility; small surface, no large win expected"
Blast,Bio.Blast.NCBIXML,Round,Round,class,public,defined,,False,Holds information from a PSI-BLAST round.,parity,"drop-in compatibility; small surface, no large win expected"
Blast,Bio.Blast.NCBIXML,DatabaseReport,DatabaseReport,class,public,defined,,False,Holds information about a database report.,parity,"drop-in compatibility; small surface, no large win expected"
Blast,Bio.Blast.NCBIXML,Parameters,Parameters,class,public,defined,,False,Holds information about the parameters.,parity,"drop-in compatibility; small surface, no large win expected"
Blast,Bio.Blast.NCBIXML,Blast,Blast,class,public,defined,,False,Saves the results from a blast search.,parity,"drop-in compatibility; small surface, no large win expected"
Blast,Bio.Blast.NCBIXML,PSIBlast,PSIBlast,class,public,defined,,False,Saves the results from a blastpgp search.,parity,"drop-in compatibility; small surface, no large win expected"
Blast,Bio.Blast.NCBIXML,startElement,_XMLparser.startElement,method,public,defined,"(self, name, attr)",False,Found XML start tag.,parity,"drop-in compatibility; small surface, no large win expected"
Blast,Bio.Blast.NCBIXML,characters,_XMLparser.characters,method,public,defined,"(self, ch)",False,Found some text.,parity,"drop-in compatibility; small surface, no large win expected"
Blast,Bio.Blast.NCBIXML,endElement,_XMLparser.endElement,method,public,defined,"(self, name)",False,Found XML end tag.,parity,"drop-in compatibility; small surface, no large win expected"
Blast,Bio.Blast.NCBIXML,BlastParser,BlastParser,class,public,defined,,False,Parse XML BLAST data into a Blast object.,parity,"drop-in compatibility; small surface, no large win expected"
Blast,Bio.Blast.NCBIXML,reset,BlastParser.reset,method,public,defined,(self),False,Reset all the data allowing reuse of the BlastParser() object.,parity,"drop-in compatibility; small surface, no large win expected"
Blast,Bio.Blast.NCBIXML,set_hit_id,BlastParser.set_hit_id,method,public,defined,(self),False,Record the identifier of the database sequence (PRIVATE).,parity,"drop-in compatibility; small surface, no large win expected"
Blast,Bio.Blast.NCBIXML,set_hit_def,BlastParser.set_hit_def,method,public,defined,(self),False,Record the definition line of the database sequence (PRIVATE).,parity,"drop-in compatibility; small surface, no large win expected"
Blast,Bio.Blast.NCBIXML,set_hit_accession,BlastParser.set_hit_accession,method,public,defined,(self),False,Record the accession value of the database sequence (PRIVATE).,parity,"drop-in compatibility; small surface, no large win expected"
Blast,Bio.Blast.NCBIXML,set_hit_len,BlastParser.set_hit_len,method,public,defined,(self),False,Record the length of the hit.,parity,"drop-in compatibility; small surface, no large win expected"
Blast,Bio.Blast.NCBIXML,read,read,function,public,defined,"(handle, debug=0)",False,Return a single Blast record (assumes just one query).,parity,"drop-in compatibility; small surface, no large win expected"
Blast,Bio.Blast.NCBIXML,parse,parse,function,public,defined,"(handle, debug=0)",False,Return an iterator a Blast record for each query.,parity,"drop-in compatibility; small surface, no large win expected"
Blast,Bio.Blast._parser,DTDHandler,DTDHandler,class,public,defined,,False,Parser for the BLAST XML DTD file.,parity,"drop-in compatibility; small surface, no large win expected"
Blast,Bio.Blast._parser,parseFile,DTDHandler.parseFile,method,public,defined,"(self, filename)",False,Parse a DTD file.,parity,"drop-in compatibility; small surface, no large win expected"
Blast,Bio.Blast._parser,SchemaHandler,SchemaHandler,class,public,defined,,False,XML Schema parser used to parse NCBI_BlastOutput2.xsd.,parity,"drop-in compatibility; small surface, no large win expected"
Blast,Bio.Blast._parser,XMLHandler,XMLHandler,class,public,defined,,False,Handler for BLAST XML data.,parity,"drop-in compatibility; small surface, no large win expected"
Blast,Bio.Blast._writers,BaseXMLWriter,BaseXMLWriter,class,public,defined,,False,"XML Writer, abstract base class.",parity,"drop-in compatibility; small surface, no large win expected"
Blast,Bio.Blast._writers,write,BaseXMLWriter.write,method,public,defined,"(self, records)",False,Write the records.,parity,"drop-in compatibility; small surface, no large win expected"
Blast,Bio.Blast._writers,XMLWriter,XMLWriter,class,public,defined,,False,XML Writer.,parity,"drop-in compatibility; small surface, no large win expected"
Blast,Bio.Blast._writers,XML2Writer,XML2Writer,class,public,defined,,False,XML2 Writer.,parity,"drop-in compatibility; small surface, no large win expected"
CAPS,Bio.CAPS,DifferentialCutsite,DifferentialCutsite,class,public,defined,,False,Differential enzyme cutsite in an alignment.,parity,"drop-in compatibility; small surface, no large win expected"
CAPS,Bio.CAPS,AlignmentHasDifferentLengthsError,AlignmentHasDifferentLengthsError,exception,public,defined,,False,Exception where sequences in alignment have different lengths.,parity,"drop-in compatibility; small surface, no large win expected"
CAPS,Bio.CAPS,CAPSMap,CAPSMap,class,public,defined,,False,A map of an alignment showing all possible dcuts.,parity,"drop-in compatibility; small surface, no large win expected"
Cluster,Bio.Cluster,Node,Node,class,public,defined,,False,A Node object describes a single node in a hierarchical clustering tree.,skip,"already implemented in C upstream -- reuse, do not rewrite"
Cluster,Bio.Cluster,Tree,Tree,class,public,defined,,False,Hierarchical clustering tree.,skip,"already implemented in C upstream -- reuse, do not rewrite"
Cluster,Bio.Cluster,sort,Tree.sort,method,public,defined,"(self, order=None)",False,Sort the hierarchical clustering tree.,skip,"already implemented in C upstream -- reuse, do not rewrite"
Cluster,Bio.Cluster,cut,Tree.cut,method,public,defined,"(self, nclusters=None)",False,Create clusters by cutting the hierarchical clustering tree.,skip,"already implemented in C upstream -- reuse, do not rewrite"
Cluster,Bio.Cluster,kcluster,kcluster,function,public,defined,"(data, nclusters=2, mask=None, weight=None, transpose=False, npass=1, method='a', dist='e', initialid=None)",False,Perform k-means clustering.,skip,"already implemented in C upstream -- reuse, do not rewrite"
Cluster,Bio.Cluster,kmedoids,kmedoids,function,public,defined,"(distance, nclusters=2, npass=1, initialid=None)",False,Perform k-medoids clustering.,skip,"already implemented in C upstream -- reuse, do not rewrite"
Cluster,Bio.Cluster,treecluster,treecluster,function,public,defined,"(data, mask=None, weight=None, transpose=False, method='m', dist='e', distancematrix=None)",False,"Perform hierarchical clustering, and return a Tree object.",skip,"already implemented in C upstream -- reuse, do not rewrite"
Cluster,Bio.Cluster,somcluster,somcluster,function,public,defined,"(data, mask=None, weight=None, transpose=False, nxgrid=2, nygrid=1, inittau=0.02, niter=1, dist='e')",False,Calculate a Self-Organizing Map.,skip,"already implemented in C upstream -- reuse, do not rewrite"
Cluster,Bio.Cluster,clusterdistance,clusterdistance,function,public,defined,"(data, mask=None, weight=None, index1=None, index2=None, method='a', dist='e', transpose=False)",False,Calculate and return the distance between two clusters.,skip,"already implemented in C upstream -- reuse, do not rewrite"
Cluster,Bio.Cluster,clustercentroids,clustercentroids,function,public,defined,"(data, mask=None, clusterid=None, method='a', transpose=False)",False,Calculate and return the centroid of each cluster.,skip,"already implemented in C upstream -- reuse, do not rewrite"
Cluster,Bio.Cluster,distancematrix,distancematrix,function,public,defined,"(data, mask=None, weight=None, transpose=False, dist='e')",False,Calculate and return a distance matrix from the data.,skip,"already implemented in C upstream -- reuse, do not rewrite"
Cluster,Bio.Cluster,pca,pca,function,public,defined,(data),False,Perform principal component analysis.,skip,"already implemented in C upstream -- reuse, do not rewrite"
Cluster,Bio.Cluster,Record,Record,class,public,defined,,False,Store gene expression data.,skip,"already implemented in C upstream -- reuse, do not rewrite"
Cluster,Bio.Cluster,treecluster,Record.treecluster,method,public,defined,"(self, transpose=False, method='m', dist='e')",False,Apply hierarchical clustering and return a Tree object.,skip,"already implemented in C upstream -- reuse, do not rewrite"
Cluster,Bio.Cluster,kcluster,Record.kcluster,method,public,defined,"(self, nclusters=2, transpose=False, npass=1, method='a', dist='e', initialid=None)",False,Apply k-means or k-median clustering.,skip,"already implemented in C upstream -- reuse, do not rewrite"
Cluster,Bio.Cluster,somcluster,Record.somcluster,method,public,defined,"(self, transpose=False, nxgrid=2, nygrid=1, inittau=0.02, niter=1, dist='e')",False,Calculate a self-organizing map on a rectangular grid.,skip,"already implemented in C upstream -- reuse, do not rewrite"
Cluster,Bio.Cluster,clustercentroids,Record.clustercentroids,method,public,defined,"(self, clusterid=None, method='a', transpose=False)",False,"Calculate the cluster centroids and return a tuple (cdata, cmask).",skip,"already implemented in C upstream -- reuse, do not rewrite"
Cluster,Bio.Cluster,clusterdistance,Record.clusterdistance,method,public,defined,"(self, index1=0, index2=0, method='a', dist='e', transpose=False)",False,Calculate the distance between two clusters.,skip,"already implemented in C upstream -- reuse, do not rewrite"
Cluster,Bio.Cluster,distancematrix,Record.distancematrix,method,public,defined,"(self, transpose=False, dist='e')",False,Calculate the distance matrix and return it as a list of arrays.,skip,"already implemented in C upstream -- reuse, do not rewrite"
Cluster,Bio.Cluster,save,Record.save,method,public,defined,"(self, jobname, geneclusters=None, expclusters=None)",False,Save the clustering results.,skip,"already implemented in C upstream -- reuse, do not rewrite"
Cluster,Bio.Cluster,read,read,function,public,defined,(handle),False,Read gene expression data from the file handle and return a Record.,skip,"already implemented in C upstream -- reuse, do not rewrite"
Cluster,Bio.Cluster._cluster,version,version,function,public,defined,(),False,version() -> string,skip,"already implemented in C upstream -- reuse, do not rewrite"
Cluster,Bio.Cluster._cluster,kcluster,kcluster,function,public,defined,,False,"kcluster(data, nclusters, mask, weight, transpose, npass, method,",skip,"already implemented in C upstream -- reuse, do not rewrite"
Cluster,Bio.Cluster._cluster,kmedoids,kmedoids,function,public,defined,,False,"kmedoids(distance, nclusters, npass, clusterid) -> error, nfound",skip,"already implemented in C upstream -- reuse, do not rewrite"
Cluster,Bio.Cluster._cluster,treecluster,treecluster,function,public,defined,,False,"treecluster(tree, data, mask, weight, transpose, dist, method,",skip,"already implemented in C upstream -- reuse, do not rewrite"
Cluster,Bio.Cluster._cluster,somcluster,somcluster,function,public,defined,,False,"somcluster(clusterid, celldata, data, mask, weight, transpose,",skip,"already implemented in C upstream -- reuse, do not rewrite"
Cluster,Bio.Cluster._cluster,clusterdistance,clusterdistance,function,public,defined,,False,"clusterdistance(data, mask, weight, index1, index2, dist, method,",skip,"already implemented in C upstream -- reuse, do not rewrite"
Cluster,Bio.Cluster._cluster,clustercentroids,clustercentroids,function,public,defined,,False,"clustercentroids(data, mask, clusterid, method, transpose) -> cdata, cmask",skip,"already implemented in C upstream -- reuse, do not rewrite"
Cluster,Bio.Cluster._cluster,distancematrix,distancematrix,function,public,defined,,False,"distancematrix(data, mask, weight, transpose, dist, distancematrix)",skip,"already implemented in C upstream -- reuse, do not rewrite"
Cluster,Bio.Cluster._cluster,pca,pca,function,public,defined,,False,"pca(data, columnmean, coordinates, pc, eigenvalues) -> None",skip,"already implemented in C upstream -- reuse, do not rewrite"
Compass,Bio.Compass,read,read,function,public,defined,(handle),False,Read a COMPASS file containing one COMPASS record.,parity,"drop-in compatibility; small surface, no large win expected"
Compass,Bio.Compass,parse,parse,function,public,defined,(handle),False,Iterate over records in a COMPASS file.,parity,"drop-in compatibility; small surface, no large win expected"
Compass,Bio.Compass,Record,Record,class,public,defined,,False,Hold information from one compass hit.,parity,"drop-in compatibility; small surface, no large win expected"
Compass,Bio.Compass,query_coverage,Record.query_coverage,method,public,defined,(self),False,Return the length of the query covered in the alignment.,parity,"drop-in compatibility; small surface, no large win expected"
Compass,Bio.Compass,hit_coverage,Record.hit_coverage,method,public,defined,(self),False,Return the length of the hit covered in the alignment.,parity,"drop-in compatibility; small surface, no large win expected"
Data,Bio.Data.CodonTable,standard_dna_table,standard_dna_table,constant,public,defined,,False,Codon table for unambiguous DNA sequences.,data,becomes data + a parser; no class port
Data,Bio.Data.CodonTable,standard_rna_table,standard_rna_table,constant,public,defined,,False,Codon table for unambiguous RNA sequences.,data,becomes data + a parser; no class port
Data,Bio.Data.CodonTable,TranslationError,TranslationError,exception,public,defined,,False,Container for translation specific exceptions.,data,becomes data + a parser; no class port
Data,Bio.Data.CodonTable,CodonTable,CodonTable,class,public,defined,,False,"A codon-table, or genetic code.",data,becomes data + a parser; no class port
Data,Bio.Data.CodonTable,make_back_table,make_back_table,function,public,defined,"(table, default_stop_codon)",False,Back a back-table (naive single codon mapping).,data,becomes data + a parser; no class port
Data,Bio.Data.CodonTable,NCBICodonTable,NCBICodonTable,class,public,defined,,False,Codon table for generic nucleotide sequences.,data,becomes data + a parser; no class port
Data,Bio.Data.CodonTable,NCBICodonTableDNA,NCBICodonTableDNA,class,public,defined,,False,Codon table for unambiguous DNA sequences.,data,becomes data + a parser; no class port
Data,Bio.Data.CodonTable,NCBICodonTableRNA,NCBICodonTableRNA,class,public,defined,,False,Codon table for unambiguous RNA sequences.,data,becomes data + a parser; no class port
Data,Bio.Data.CodonTable,AmbiguousCodonTable,AmbiguousCodonTable,class,public,defined,,False,Base codon table for ambiguous sequences.,data,becomes data + a parser; no class port
Data,Bio.Data.CodonTable,list_possible_proteins,list_possible_proteins,function,public,defined,"(codon, forward_table, ambiguous_nucleotide_values)",False,Return all possible encoded amino acids for ambiguous codon.,data,becomes data + a parser; no class port
Data,Bio.Data.CodonTable,list_ambiguous_codons,list_ambiguous_codons,function,public,defined,"(codons, ambiguous_nucleotide_values)",False,Extend a codon list to include all possible ambiguous codons.,data,becomes data + a parser; no class port
Data,Bio.Data.CodonTable,AmbiguousForwardTable,AmbiguousForwardTable,class,public,defined,,False,Forward table for translation of ambiguous nucleotide sequences.,data,becomes data + a parser; no class port
Data,Bio.Data.CodonTable,get,AmbiguousForwardTable.get,method,public,defined,"(self, codon, failobj=None)",False,Implement get for dictionary-like behaviour.,data,becomes data + a parser; no class port
Data,Bio.Data.CodonTable,register_ncbi_table,register_ncbi_table,function,public,defined,"(name, alt_name, id, table, start_codons, stop_codons)",False,Turn codon table data into objects (PRIVATE).,data,becomes data + a parser; no class port
Emboss,Bio.Emboss.Primer3,Record,Record,class,public,defined,,False,Represent information from a primer3 run finding primers.,skip,launches an external program
Emboss,Bio.Emboss.Primer3,Primers,Primers,class,public,defined,,False,A primer set designed by Primer3.,skip,launches an external program
Emboss,Bio.Emboss.Primer3,parse,parse,function,public,defined,(handle),False,Iterate over primer3 output as Bio.Emboss.Primer3.Record objects.,skip,launches an external program
Emboss,Bio.Emboss.Primer3,read,read,function,public,defined,(handle),False,Parse primer3 output into a Bio.Emboss.Primer3.Record object.,skip,launches an external program
Emboss,Bio.Emboss.PrimerSearch,InputRecord,InputRecord,class,public,defined,,False,Represent the input file into the primersearch program.,skip,launches an external program
Emboss,Bio.Emboss.PrimerSearch,add_primer_set,InputRecord.add_primer_set,method,public,defined,"(self, primer_name, first_primer_seq, second_primer_seq)",False,Add primer information to the record.,skip,launches an external program
Emboss,Bio.Emboss.PrimerSearch,OutputRecord,OutputRecord,class,public,defined,,False,Represent the information from a primersearch job.,skip,launches an external program
Emboss,Bio.Emboss.PrimerSearch,Amplifier,Amplifier,class,public,defined,,False,Represent a single amplification from a primer.,skip,launches an external program
Emboss,Bio.Emboss.PrimerSearch,read,read,function,public,defined,(handle),False,Get output from primersearch into a PrimerSearchOutputRecord.,skip,launches an external program
Entrez,Bio.Entrez,epost,epost,function,public,defined,"(db, **keywds)",False,Post a file of identifiers for future use.,skip,"network transport: an HTTP request, nothing for C to speed up"
Entrez,Bio.Entrez,efetch,efetch,function,public,defined,"(db, **keywords)",False,Fetch Entrez results which are returned as a handle.,skip,"network transport: an HTTP request, nothing for C to speed up"
Entrez,Bio.Entrez,esearch,esearch,function,public,defined,"(db, term, **keywds)",False,Run an Entrez search and return a handle to the results.,skip,"network transport: an HTTP request, nothing for C to speed up"
Entrez,Bio.Entrez,elink,elink,function,public,defined,(**keywds),False,Check for linked external articles and return a handle.,skip,"network transport: an HTTP request, nothing for C to speed up"
Entrez,Bio.Entrez,einfo,einfo,function,public,defined,(**keywds),False,Return a summary of the Entrez databases as a results handle.,skip,"network transport: an HTTP request, nothing for C to speed up"
Entrez,Bio.Entrez,esummary,esummary,function,public,defined,(**keywds),False,Retrieve document summaries as a results handle.,skip,"network transport: an HTTP request, nothing for C to speed up"
Entrez,Bio.Entrez,espell,espell,function,public,defined,(**keywds),False,Retrieve spelling suggestions as a results handle.,skip,"network transport: an HTTP request, nothing for C to speed up"
Entrez,Bio.Entrez,ecitmatch,ecitmatch,function,public,defined,(**keywds),False,"Retrieve PMIDs for input citation strings, returned as a handle.",skip,"network transport: an HTTP request, nothing for C to speed up"
Entrez,Bio.Entrez,read,read,function,public,defined,"(source, validate=True, escape=False, ignore_errors=False)",False,Parse an XML file from the NCBI Entrez Utilities into python objects.,parity,"drop-in compatibility; small surface, no large win expected"
Entrez,Bio.Entrez,parse,parse,function,public,defined,"(source, validate=True, escape=False, ignore_errors=False)",False,Parse an XML file from the NCBI Entrez Utilities into python objects.,parity,"drop-in compatibility; small surface, no large win expected"
Entrez,Bio.Entrez.Parser,NoneElement,NoneElement,class,public,defined,,False,NCBI Entrez XML element mapped to None.,parity,parses a local file; the fetcher it is filed under lives elsewhere in the package
Entrez,Bio.Entrez.Parser,IntegerElement,IntegerElement,class,public,defined,,False,NCBI Entrez XML element mapped to an integer.,parity,parses a local file; the fetcher it is filed under lives elsewhere in the package
Entrez,Bio.Entrez.Parser,StringElement,StringElement,class,public,defined,,False,NCBI Entrez XML element mapped to a string.,parity,parses a local file; the fetcher it is filed under lives elsewhere in the package
Entrez,Bio.Entrez.Parser,ListElement,ListElement,class,public,defined,,False,NCBI Entrez XML element mapped to a list.,parity,parses a local file; the fetcher it is filed under lives elsewhere in the package
Entrez,Bio.Entrez.Parser,store,ListElement.store,method,public,defined,"(self, value)",False,"Append an element to the list, checking tags.",parity,parses a local file; the fetcher it is filed under lives elsewhere in the package
Entrez,Bio.Entrez.Parser,DictionaryElement,DictionaryElement,class,public,defined,,False,NCBI Entrez XML element mapped to a dictionaray.,parity,parses a local file; the fetcher it is filed under lives elsewhere in the package
Entrez,Bio.Entrez.Parser,store,DictionaryElement.store,method,public,defined,"(self, value)",False,"Add an entry to the dictionary, checking tags.",parity,parses a local file; the fetcher it is filed under lives elsewhere in the package
Entrez,Bio.Entrez.Parser,OrderedListElement,OrderedListElement,class,public,defined,,False,NCBI Entrez XML element mapped to a list of lists.,parity,parses a local file; the fetcher it is filed under lives elsewhere in the package
Entrez,Bio.Entrez.Parser,store,OrderedListElement.store,method,public,defined,"(self, value)",False,"Append an element to the list, checking tags.",parity,parses a local file; the fetcher it is filed under lives elsewhere in the package
Entrez,Bio.Entrez.Parser,ErrorElement,ErrorElement,class,public,defined,,False,NCBI Entrez XML element containing an error message.,parity,parses a local file; the fetcher it is filed under lives elsewhere in the package
Entrez,Bio.Entrez.Parser,NotXMLError,NotXMLError,exception,public,defined,,False,Failed to parse file as XML.,parity,parses a local file; the fetcher it is filed under lives elsewhere in the package
Entrez,Bio.Entrez.Parser,CorruptedXMLError,CorruptedXMLError,exception,public,defined,,False,Corrupted XML.,parity,parses a local file; the fetcher it is filed under lives elsewhere in the package
Entrez,Bio.Entrez.Parser,ValidationError,ValidationError,exception,public,defined,,False,XML tag found which was not defined in the DTD.,parity,parses a local file; the fetcher it is filed under lives elsewhere in the package
Entrez,Bio.Entrez.Parser,DataHandlerMeta,DataHandlerMeta,class,public,defined,,False,A metaclass is needed until Python supports @classproperty.,parity,parses a local file; the fetcher it is filed under lives elsewhere in the package
Entrez,Bio.Entrez.Parser,directory,DataHandlerMeta.directory,property,public,defined,(property),False,Directory for caching XSD and DTD files.,parity,parses a local file; the fetcher it is filed under lives elsewhere in the package
Entrez,Bio.Entrez.Parser,DataHandler,DataHandler,class,public,defined,,False,Data handler for parsing NCBI XML from Entrez.,parity,parses a local file; the fetcher it is filed under lives elsewhere in the package
Entrez,Bio.Entrez.Parser,read,DataHandler.read,method,public,defined,"(self, source)",False,Set up the parser and let it read the XML results.,parity,parses a local file; the fetcher it is filed under lives elsewhere in the package
Entrez,Bio.Entrez.Parser,parse,DataHandler.parse,method,public,defined,"(self, source)",False,Set up the parser and let it read the XML results.,parity,parses a local file; the fetcher it is filed under lives elsewhere in the package
Entrez,Bio.Entrez.Parser,xmlDeclHandler,DataHandler.xmlDeclHandler,method,public,defined,"(self, version, encoding, standalone)",False,Set XML handlers when an XML declaration is found.,parity,parses a local file; the fetcher it is filed under lives elsewhere in the package
Entrez,Bio.Entrez.Parser,handleMissingDocumentDefinition,DataHandler.handleMissingDocumentDefinition,method,public,defined,"(self, tag, attrs)",False,Raise an Exception if neither a DTD nor an XML Schema is found.,parity,parses a local file; the fetcher it is filed under lives elsewhere in the package
Entrez,Bio.Entrez.Parser,startNamespaceDeclHandler,DataHandler.startNamespaceDeclHandler,method,public,defined,"(self, prefix, uri)",False,Handle start of an XML namespace declaration.,parity,parses a local file; the fetcher it is filed under lives elsewhere in the package
Entrez,Bio.Entrez.Parser,endNamespaceDeclHandler,DataHandler.endNamespaceDeclHandler,method,public,defined,"(self, prefix)",False,Handle end of an XML namespace declaration.,parity,parses a local file; the fetcher it is filed under lives elsewhere in the package
Entrez,Bio.Entrez.Parser,schemaHandler,DataHandler.schemaHandler,method,public,defined,"(self, name, attrs)",False,Process the XML schema (before processing the element).,parity,parses a local file; the fetcher it is filed under lives elsewhere in the package
Entrez,Bio.Entrez.Parser,startElementHandler,DataHandler.startElementHandler,method,public,defined,"(self, tag, attrs)",False,Handle start of an XML element.,parity,parses a local file; the fetcher it is filed under lives elsewhere in the package
Entrez,Bio.Entrez.Parser,startRawElementHandler,DataHandler.startRawElementHandler,method,public,defined,"(self, name, attrs)",False,Handle start of an XML raw element.,parity,parses a local file; the fetcher it is filed under lives elsewhere in the package
Entrez,Bio.Entrez.Parser,startSkipElementHandler,DataHandler.startSkipElementHandler,method,public,defined,"(self, name, attrs)",False,Handle start of an XML skip element.,parity,parses a local file; the fetcher it is filed under lives elsewhere in the package
Entrez,Bio.Entrez.Parser,endStringElementHandler,DataHandler.endStringElementHandler,method,public,defined,"(self, tag)",False,Handle end of an XML string element.,parity,parses a local file; the fetcher it is filed under lives elsewhere in the package
Entrez,Bio.Entrez.Parser,endRawElementHandler,DataHandler.endRawElementHandler,method,public,defined,"(self, name)",False,Handle end of an XML raw element.,parity,parses a local file; the fetcher it is filed under lives elsewhere in the package
Entrez,Bio.Entrez.Parser,endSkipElementHandler,DataHandler.endSkipElementHandler,method,public,defined,"(self, name)",False,Handle end of an XML skip element.,parity,parses a local file; the fetcher it is filed under lives elsewhere in the package
Entrez,Bio.Entrez.Parser,endErrorElementHandler,DataHandler.endErrorElementHandler,method,public,defined,"(self, tag)",False,Handle end of an XML error element.,parity,parses a local file; the fetcher it is filed under lives elsewhere in the package
Entrez,Bio.Entrez.Parser,endElementHandler,DataHandler.endElementHandler,method,public,defined,"(self, name)",False,Handle end of an XML element.,parity,parses a local file; the fetcher it is filed under lives elsewhere in the package
Entrez,Bio.Entrez.Parser,endIntegerElementHandler,DataHandler.endIntegerElementHandler,method,public,defined,"(self, tag)",False,Handle end of an XML integer element.,parity,parses a local file; the fetcher it is filed under lives elsewhere in the package
Entrez,Bio.Entrez.Parser,characterDataHandlerRaw,DataHandler.characterDataHandlerRaw,method,public,defined,"(self, content)",False,Handle character data as-is (raw).,parity,parses a local file; the fetcher it is filed under lives elsewhere in the package
Entrez,Bio.Entrez.Parser,characterDataHandlerEscape,DataHandler.characterDataHandlerEscape,method,public,defined,"(self, content)",False,Handle character data by encoding it.,parity,parses a local file; the fetcher it is filed under lives elsewhere in the package
Entrez,Bio.Entrez.Parser,skipCharacterDataHandler,DataHandler.skipCharacterDataHandler,method,public,defined,"(self, content)",False,Handle character data by skipping it.,parity,parses a local file; the fetcher it is filed under lives elsewhere in the package
Entrez,Bio.Entrez.Parser,parse_xsd,DataHandler.parse_xsd,method,public,defined,"(self, root)",False,Parse an XSD file.,parity,parses a local file; the fetcher it is filed under lives elsewhere in the package
Entrez,Bio.Entrez.Parser,elementDecl,DataHandler.elementDecl,method,public,defined,"(self, name, model)",False,Call a call-back function for each element declaration in a DTD.,parity,parses a local file; the fetcher it is filed under lives elsewhere in the package
Entrez,Bio.Entrez.Parser,open_dtd_file,DataHandler.open_dtd_file,method,public,defined,"(self, filename)",False,Open specified DTD file.,parity,parses a local file; the fetcher it is filed under lives elsewhere in the package
Entrez,Bio.Entrez.Parser,open_xsd_file,DataHandler.open_xsd_file,method,public,defined,"(self, filename)",False,Open specified XSD file.,parity,parses a local file; the fetcher it is filed under lives elsewhere in the package
Entrez,Bio.Entrez.Parser,save_dtd_file,DataHandler.save_dtd_file,method,public,defined,"(self, filename, text)",False,Save DTD file to cache.,parity,parses a local file; the fetcher it is filed under lives elsewhere in the package
Entrez,Bio.Entrez.Parser,save_xsd_file,DataHandler.save_xsd_file,method,public,defined,"(self, filename, text)",False,Save XSD file to cache.,parity,parses a local file; the fetcher it is filed under lives elsewhere in the package
Entrez,Bio.Entrez.Parser,verify_security,DataHandler.verify_security,method,public,defined,"(self, url, verify_hostname=True)",False,Check if the given URL is from a trustable source.,parity,parses a local file; the fetcher it is filed under lives elsewhere in the package
Entrez,Bio.Entrez.Parser,externalEntityRefHandler,DataHandler.externalEntityRefHandler,method,public,defined,"(self, context, base, systemId, publicId)",False,Handle external entity reference in order to cache DTD locally.,parity,parses a local file; the fetcher it is filed under lives elsewhere in the package
ExPASy,Bio.ExPASy,get_prodoc_entry,get_prodoc_entry,function,public,defined,"(id, cgi='https://prosite.expasy.org/cgi-bin/prosite/get-prodoc-entry')",False,Get a text handle to a PRODOC entry at ExPASy in HTML format.,skip,"network transport: an HTTP request, nothing for C to speed up"
ExPASy,Bio.ExPASy,get_prosite_entry,get_prosite_entry,function,public,defined,"(id, cgi='https://prosite.expasy.org/cgi-bin/prosite/get-prosite-entry')",False,Get a text handle to a PROSITE entry at ExPASy in HTML format.,skip,"network transport: an HTTP request, nothing for C to speed up"
ExPASy,Bio.ExPASy,get_prosite_raw,get_prosite_raw,function,public,defined,"(id, cgi=None)",True,Get a text handle to a raw PROSITE or PRODOC record at ExPASy.,skip,deprecated upstream (inventory flag)
ExPASy,Bio.ExPASy,get_sprot_raw,get_sprot_raw,function,public,defined,(id),False,Get a text handle to a raw SwissProt entry at ExPASy.,skip,"network transport: an HTTP request, nothing for C to speed up"
ExPASy,Bio.ExPASy.Enzyme,parse,parse,function,public,defined,(handle),False,Parse ENZYME records.,parity,parses a local file; the fetcher it is filed under lives elsewhere in the package
ExPASy,Bio.ExPASy.Enzyme,read,read,function,public,defined,(handle),False,Read one ENZYME record.,parity,parses a local file; the fetcher it is filed under lives elsewhere in the package
ExPASy,Bio.ExPASy.Enzyme,Record,Record,class,public,defined,,False,Holds information from an ExPASy ENZYME record as a Python dictionary.,parity,parses a local file; the fetcher it is filed under lives elsewhere in the package
ExPASy,Bio.ExPASy.Prodoc,read,read,function,public,defined,(handle),False,Read in a record from a file with exactly one Prodoc record.,parity,parses a local file; the fetcher it is filed under lives elsewhere in the package
ExPASy,Bio.ExPASy.Prodoc,parse,parse,function,public,defined,(handle),False,Iterate over the records in a Prodoc file.,parity,parses a local file; the fetcher it is filed under lives elsewhere in the package
ExPASy,Bio.ExPASy.Prodoc,Record,Record,class,public,defined,,False,Holds information from a Prodoc record.,parity,parses a local file; the fetcher it is filed under lives elsewhere in the package
ExPASy,Bio.ExPASy.Prodoc,Reference,Reference,class,public,defined,,False,Holds information from a Prodoc citation.,parity,parses a local file; the fetcher it is filed under lives elsewhere in the package
ExPASy,Bio.ExPASy.Prosite,parse,parse,function,public,defined,(handle),False,Parse Prosite records.,parity,parses a local file; the fetcher it is filed under lives elsewhere in the package
ExPASy,Bio.ExPASy.Prosite,read,read,function,public,defined,(handle),False,Read one Prosite record.,parity,parses a local file; the fetcher it is filed under lives elsewhere in the package
ExPASy,Bio.ExPASy.Prosite,Record,Record,class,public,defined,,False,Holds information from a Prosite record.,parity,parses a local file; the fetcher it is filed under lives elsewhere in the package
ExPASy,Bio.ExPASy.ScanProsite,Record,Record,class,public,defined,,False,Represents search results returned by ScanProsite.,parity,parses a local file; the fetcher it is filed under lives elsewhere in the package
ExPASy,Bio.ExPASy.ScanProsite,scan,scan,function,public,defined,"(seq='', mirror='https://prosite.expasy.org', output='xml', **keywords)",False,Execute a ScanProsite search.,skip,"network transport: an HTTP request, nothing for C to speed up"
ExPASy,Bio.ExPASy.ScanProsite,read,read,function,public,defined,(handle),False,Parse search results returned by ScanProsite into a Python object.,parity,parses a local file; the fetcher it is filed under lives elsewhere in the package
ExPASy,Bio.ExPASy.ScanProsite,Parser,Parser,class,public,defined,,False,Process the result from a ScanProsite search (PRIVATE).,parity,parses a local file; the fetcher it is filed under lives elsewhere in the package
ExPASy,Bio.ExPASy.ScanProsite,feed,Parser.feed,method,public,defined,"(self, data, isFinal=0)",False,Raise an Error if plain text is received in the data.,parity,parses a local file; the fetcher it is filed under lives elsewhere in the package
ExPASy,Bio.ExPASy.ScanProsite,ContentHandler,ContentHandler,class,public,defined,,False,"Process and fill in the records, results of the search (PRIVATE).",parity,parses a local file; the fetcher it is filed under lives elsewhere in the package
ExPASy,Bio.ExPASy.ScanProsite,startElement,ContentHandler.startElement,method,public,defined,"(self, name, attrs)",False,Define the beginning of a record and stores the search record.,parity,parses a local file; the fetcher it is filed under lives elsewhere in the package
ExPASy,Bio.ExPASy.ScanProsite,endElement,ContentHandler.endElement,method,public,defined,"(self, name)",False,Define the end of the search record.,parity,parses a local file; the fetcher it is filed under lives elsewhere in the package
ExPASy,Bio.ExPASy.ScanProsite,characters,ContentHandler.characters,method,public,defined,"(self, content)",False,Store the record content.,parity,parses a local file; the fetcher it is filed under lives elsewhere in the package
ExPASy,Bio.ExPASy.cellosaurus,parse,parse,function,public,defined,(handle),False,Parse cell line records.,parity,parses a local file; the fetcher it is filed under lives elsewhere in the package
ExPASy,Bio.ExPASy.cellosaurus,read,read,function,public,defined,(handle),False,Read one cell line record.,parity,parses a local file; the fetcher it is filed under lives elsewhere in the package
ExPASy,Bio.ExPASy.cellosaurus,Record,Record,class,public,defined,,False,Holds information from an ExPASy Cellosaurus record as a Python dictionary.,parity,parses a local file; the fetcher it is filed under lives elsewhere in the package
File,Bio.File,as_handle,as_handle,function,public,defined,"(handleish, mode='r', **kwargs)",False,Context manager to ensure we are using a handle.,parity,"drop-in compatibility; small surface, no large win expected"
File,Bio.File,get,_IndexedSeqFileProxy.get,method,public,defined,"(self, offset)",False,Return parsed object for this entry.,parity,"drop-in compatibility; small surface, no large win expected"
File,Bio.File,get_raw,_IndexedSeqFileProxy.get_raw,method,public,defined,"(self, offset)",False,Return the raw record from the file as a bytes string (if implemented).,parity,"drop-in compatibility; small surface, no large win expected"
File,Bio.File,get_raw,_IndexedSeqFileDict.get_raw,method,public,defined,"(self, key)",False,Return the raw record from the file as a bytes string.,parity,"drop-in compatibility; small surface, no large win expected"
File,Bio.File,close,_IndexedSeqFileDict.close,method,public,defined,(self),False,Close the file handle being used to read the data.,parity,"drop-in compatibility; small surface, no large win expected"
File,Bio.File,get_raw,_SQLiteManySeqFilesDict.get_raw,method,public,defined,"(self, key)",False,Return the raw record from the file as a bytes string.,parity,"drop-in compatibility; small surface, no large win expected"
File,Bio.File,close,_SQLiteManySeqFilesDict.close,method,public,defined,(self),False,Close any open file handles.,parity,"drop-in compatibility; small surface, no large win expected"
GenBank,Bio.GenBank,Iterator,Iterator,class,public,defined,,True,Iterator interface to move over a file of GenBank entries one at a time (OBSOLETE).,skip,deprecated upstream (inventory flag)
GenBank,Bio.GenBank,ParserFailureError,ParserFailureError,exception,public,defined,,False,Failure caused by some kind of problem in the parser.,parity,"drop-in compatibility; small surface, no large win expected"
GenBank,Bio.GenBank,FeatureParser,FeatureParser,class,public,defined,,True,Parse GenBank files into Seq + Feature objects (OBSOLETE).,skip,deprecated upstream (inventory flag)
GenBank,Bio.GenBank,parse,FeatureParser.parse,method,public,defined,"(self, handle)",False,Parse the specified handle.,parity,"drop-in compatibility; small surface, no large win expected"
GenBank,Bio.GenBank,RecordParser,RecordParser,class,public,defined,,True,Parse GenBank files into Record objects (OBSOLETE).,skip,deprecated upstream (inventory flag)
GenBank,Bio.GenBank,parse,RecordParser.parse,method,public,defined,"(self, handle)",False,Parse the specified handle into a GenBank record.,parity,"drop-in compatibility; small surface, no large win expected"
GenBank,Bio.GenBank,locus,_FeatureConsumer.locus,method,public,defined,"(self, locus_name)",False,Set the locus name is set as the name of the Sequence.,parity,"drop-in compatibility; small surface, no large win expected"
GenBank,Bio.GenBank,size,_FeatureConsumer.size,method,public,defined,"(self, content)",False,Record the sequence length.,parity,"drop-in compatibility; small surface, no large win expected"
GenBank,Bio.GenBank,residue_type,_FeatureConsumer.residue_type,method,public,defined,"(self, type)",False,Record the sequence type (SEMI-OBSOLETE).,parity,"drop-in compatibility; small surface, no large win expected"
GenBank,Bio.GenBank,topology,_FeatureConsumer.topology,method,public,defined,"(self, topology)",False,Validate and record sequence topology.,parity,"drop-in compatibility; small surface, no large win expected"
GenBank,Bio.GenBank,molecule_type,_FeatureConsumer.molecule_type,method,public,defined,"(self, mol_type)",False,Validate and record the molecule type (for round-trip etc).,parity,"drop-in compatibility; small surface, no large win expected"
GenBank,Bio.GenBank,data_file_division,_FeatureConsumer.data_file_division,method,public,defined,"(self, division)",False,,parity,"drop-in compatibility; small surface, no large win expected"
GenBank,Bio.GenBank,date,_FeatureConsumer.date,method,public,defined,"(self, submit_date)",False,,parity,"drop-in compatibility; small surface, no large win expected"
GenBank,Bio.GenBank,definition,_FeatureConsumer.definition,method,public,defined,"(self, definition)",False,Set the definition as the description of the sequence.,parity,"drop-in compatibility; small surface, no large win expected"
GenBank,Bio.GenBank,accession,_FeatureConsumer.accession,method,public,defined,"(self, acc_num)",False,Set the accession number as the id of the sequence.,parity,"drop-in compatibility; small surface, no large win expected"
GenBank,Bio.GenBank,tls,_FeatureConsumer.tls,method,public,defined,"(self, content)",False,,parity,"drop-in compatibility; small surface, no large win expected"
GenBank,Bio.GenBank,tsa,_FeatureConsumer.tsa,method,public,defined,"(self, content)",False,,parity,"drop-in compatibility; small surface, no large win expected"
GenBank,Bio.GenBank,wgs,_FeatureConsumer.wgs,method,public,defined,"(self, content)",False,,parity,"drop-in compatibility; small surface, no large win expected"
GenBank,Bio.GenBank,add_wgs_scafld,_FeatureConsumer.add_wgs_scafld,method,public,defined,"(self, content)",False,,parity,"drop-in compatibility; small surface, no large win expected"
GenBank,Bio.GenBank,nid,_FeatureConsumer.nid,method,public,defined,"(self, content)",False,,parity,"drop-in compatibility; small surface, no large win expected"
GenBank,Bio.GenBank,pid,_FeatureConsumer.pid,method,public,defined,"(self, content)",False,,parity,"drop-in compatibility; small surface, no large win expected"
GenBank,Bio.GenBank,version,_FeatureConsumer.version,method,public,defined,"(self, version_id)",False,,parity,"drop-in compatibility; small surface, no large win expected"
GenBank,Bio.GenBank,project,_FeatureConsumer.project,method,public,defined,"(self, content)",False,Handle the information from the PROJECT line as a list of projects.,parity,"drop-in compatibility; small surface, no large win expected"
GenBank,Bio.GenBank,dblink,_FeatureConsumer.dblink,method,public,defined,"(self, content)",False,Store DBLINK cross references as dbxrefs in our record object.,parity,"drop-in compatibility; small surface, no large win expected"
GenBank,Bio.GenBank,version_suffix,_FeatureConsumer.version_suffix,method,public,defined,"(self, version)",False,Set the version to overwrite the id.,parity,"drop-in compatibility; small surface, no large win expected"
GenBank,Bio.GenBank,db_source,_FeatureConsumer.db_source,method,public,defined,"(self, content)",False,,parity,"drop-in compatibility; small surface, no large win expected"
GenBank,Bio.GenBank,gi,_FeatureConsumer.gi,method,public,defined,"(self, content)",False,,parity,"drop-in compatibility; small surface, no large win expected"
GenBank,Bio.GenBank,keywords,_FeatureConsumer.keywords,method,public,defined,"(self, content)",False,,parity,"drop-in compatibility; small surface, no large win expected"
GenBank,Bio.GenBank,segment,_FeatureConsumer.segment,method,public,defined,"(self, content)",False,,parity,"drop-in compatibility; small surface, no large win expected"
GenBank,Bio.GenBank,source,_FeatureConsumer.source,method,public,defined,"(self, content)",False,,parity,"drop-in compatibility; small surface, no large win expected"
GenBank,Bio.GenBank,organism,_FeatureConsumer.organism,method,public,defined,"(self, content)",False,,parity,"drop-in compatibility; small surface, no large win expected"
GenBank,Bio.GenBank,taxonomy,_FeatureConsumer.taxonomy,method,public,defined,"(self, content)",False,Record (another line of) the taxonomy lineage.,parity,"drop-in compatibility; small surface, no large win expected"
GenBank,Bio.GenBank,reference_num,_FeatureConsumer.reference_num,method,public,defined,"(self, content)",False,Signal the beginning of a new reference object.,parity,"drop-in compatibility; small surface, no large win expected"
GenBank,Bio.GenBank,reference_bases,_FeatureConsumer.reference_bases,method,public,defined,"(self, content)",False,Attempt to determine the sequence region the reference entails.,parity,"drop-in compatibility; small surface, no large win expected"
GenBank,Bio.GenBank,authors,_FeatureConsumer.authors,method,public,defined,"(self, content)",False,,parity,"drop-in compatibility; small surface, no large win expected"
GenBank,Bio.GenBank,consrtm,_FeatureConsumer.consrtm,method,public,defined,"(self, content)",False,,parity,"drop-in compatibility; small surface, no large win expected"
GenBank,Bio.GenBank,title,_FeatureConsumer.title,method,public,defined,"(self, content)",False,,parity,"drop-in compatibility; small surface, no large win expected"
GenBank,Bio.GenBank,journal,_FeatureConsumer.journal,method,public,defined,"(self, content)",False,,parity,"drop-in compatibility; small surface, no large win expected"
GenBank,Bio.GenBank,medline_id,_FeatureConsumer.medline_id,method,public,defined,"(self, content)",False,,parity,"drop-in compatibility; small surface, no large win expected"
GenBank,Bio.GenBank,pubmed_id,_FeatureConsumer.pubmed_id,method,public,defined,"(self, content)",False,,parity,"drop-in compatibility; small surface, no large win expected"
GenBank,Bio.GenBank,remark,_FeatureConsumer.remark,method,public,defined,"(self, content)",False,Deal with a reference comment.,parity,"drop-in compatibility; small surface, no large win expected"
GenBank,Bio.GenBank,comment,_FeatureConsumer.comment,method,public,defined,"(self, content)",False,,parity,"drop-in compatibility; small surface, no large win expected"
GenBank,Bio.GenBank,structured_comment,_FeatureConsumer.structured_comment,method,public,defined,"(self, content)",False,,parity,"drop-in compatibility; small surface, no large win expected"
GenBank,Bio.GenBank,features_line,_FeatureConsumer.features_line,method,public,defined,"(self, content)",False,Get ready for the feature table when we reach the FEATURE line.,parity,"drop-in compatibility; small surface, no large win expected"
GenBank,Bio.GenBank,start_feature_table,_FeatureConsumer.start_feature_table,method,public,defined,(self),False,Indicate we've got to the start of the feature table.,parity,"drop-in compatibility; small surface, no large win expected"
GenBank,Bio.GenBank,feature_key,_FeatureConsumer.feature_key,method,public,defined,"(self, content)",False,,parity,"drop-in compatibility; small surface, no large win expected"
GenBank,Bio.GenBank,location,_FeatureConsumer.location,method,public,defined,"(self, content)",False,Parse out location information from the location string.,parity,"drop-in compatibility; small surface, no large win expected"
GenBank,Bio.GenBank,feature_qualifier,_FeatureConsumer.feature_qualifier,method,public,defined,"(self, key, value)",False,When we get a qualifier key and its value.,parity,"drop-in compatibility; small surface, no large win expected"
GenBank,Bio.GenBank,feature_qualifier_name,_FeatureConsumer.feature_qualifier_name,method,public,defined,"(self, content_list)",False,Use feature_qualifier instead (OBSOLETE).,parity,"drop-in compatibility; small surface, no large win expected"
GenBank,Bio.GenBank,feature_qualifier_description,_FeatureConsumer.feature_qualifier_description,method,public,defined,"(self, content)",False,Use feature_qualifier instead (OBSOLETE).,parity,"drop-in compatibility; small surface, no large win expected"
GenBank,Bio.GenBank,contig_location,_FeatureConsumer.contig_location,method,public,defined,"(self, content)",False,Deal with CONTIG information.,parity,"drop-in compatibility; small surface, no large win expected"
GenBank,Bio.GenBank,origin_name,_FeatureConsumer.origin_name,method,public,defined,"(self, content)",False,,parity,"drop-in compatibility; small surface, no large win expected"
GenBank,Bio.GenBank,base_count,_FeatureConsumer.base_count,method,public,defined,"(self, content)",False,,parity,"drop-in compatibility; small surface, no large win expected"
GenBank,Bio.GenBank,base_number,_FeatureConsumer.base_number,method,public,defined,"(self, content)",False,,parity,"drop-in compatibility; small surface, no large win expected"
GenBank,Bio.GenBank,sequence,_FeatureConsumer.sequence,method,public,defined,"(self, content)",False,Add up sequence information as we get it.,parity,"drop-in compatibility; small surface, no large win expected"
GenBank,Bio.GenBank,record_end,_FeatureConsumer.record_end,method,public,defined,"(self, content)",False,Clean up when we've finished the record.,parity,"drop-in compatibility; small surface, no large win expected"
GenBank,Bio.GenBank,tls,_RecordConsumer.tls,method,public,defined,"(self, content)",False,,parity,"drop-in compatibility; small surface, no large win expected"
GenBank,Bio.GenBank,tsa,_RecordConsumer.tsa,method,public,defined,"(self, content)",False,,parity,"drop-in compatibility; small surface, no large win expected"
GenBank,Bio.GenBank,wgs,_RecordConsumer.wgs,method,public,defined,"(self, content)",False,,parity,"drop-in compatibility; small surface, no large win expected"
GenBank,Bio.GenBank,add_wgs_scafld,_RecordConsumer.add_wgs_scafld,method,public,defined,"(self, content)",False,,parity,"drop-in compatibility; small surface, no large win expected"
GenBank,Bio.GenBank,locus,_RecordConsumer.locus,method,public,defined,"(self, content)",False,,parity,"drop-in compatibility; small surface, no large win expected"
GenBank,Bio.GenBank,size,_RecordConsumer.size,method,public,defined,"(self, content)",False,,parity,"drop-in compatibility; small surface, no large win expected"
GenBank,Bio.GenBank,residue_type,_RecordConsumer.residue_type,method,public,defined,"(self, content)",False,,parity,"drop-in compatibility; small surface, no large win expected"
GenBank,Bio.GenBank,data_file_division,_RecordConsumer.data_file_division,method,public,defined,"(self, content)",False,,parity,"drop-in compatibility; small surface, no large win expected"
GenBank,Bio.GenBank,date,_RecordConsumer.date,method,public,defined,"(self, content)",False,,parity,"drop-in compatibility; small surface, no large win expected"
GenBank,Bio.GenBank,definition,_RecordConsumer.definition,method,public,defined,"(self, content)",False,,parity,"drop-in compatibility; small surface, no large win expected"
GenBank,Bio.GenBank,accession,_RecordConsumer.accession,method,public,defined,"(self, content)",False,,parity,"drop-in compatibility; small surface, no large win expected"
GenBank,Bio.GenBank,molecule_type,_RecordConsumer.molecule_type,method,public,defined,"(self, mol_type)",False,Validate and record the molecule type (for round-trip etc).,parity,"drop-in compatibility; small surface, no large win expected"
GenBank,Bio.GenBank,topology,_RecordConsumer.topology,method,public,defined,"(self, topology)",False,Validate and record sequence topology.,parity,"drop-in compatibility; small surface, no large win expected"
GenBank,Bio.GenBank,nid,_RecordConsumer.nid,method,public,defined,"(self, content)",False,,parity,"drop-in compatibility; small surface, no large win expected"
GenBank,Bio.GenBank,pid,_RecordConsumer.pid,method,public,defined,"(self, content)",False,,parity,"drop-in compatibility; small surface, no large win expected"
GenBank,Bio.GenBank,version,_RecordConsumer.version,method,public,defined,"(self, content)",False,,parity,"drop-in compatibility; small surface, no large win expected"
GenBank,Bio.GenBank,db_source,_RecordConsumer.db_source,method,public,defined,"(self, content)",False,,parity,"drop-in compatibility; small surface, no large win expected"
GenBank,Bio.GenBank,gi,_RecordConsumer.gi,method,public,defined,"(self, content)",False,,parity,"drop-in compatibility; small surface, no large win expected"
GenBank,Bio.GenBank,keywords,_RecordConsumer.keywords,method,public,defined,"(self, content)",False,,parity,"drop-in compatibility; small surface, no large win expected"
GenBank,Bio.GenBank,project,_RecordConsumer.project,method,public,defined,"(self, content)",False,,parity,"drop-in compatibility; small surface, no large win expected"
GenBank,Bio.GenBank,dblink,_RecordConsumer.dblink,method,public,defined,"(self, content)",False,,parity,"drop-in compatibility; small surface, no large win expected"
GenBank,Bio.GenBank,segment,_RecordConsumer.segment,method,public,defined,"(self, content)",False,,parity,"drop-in compatibility; small surface, no large win expected"
GenBank,Bio.GenBank,source,_RecordConsumer.source,method,public,defined,"(self, content)",False,,parity,"drop-in compatibility; small surface, no large win expected"
GenBank,Bio.GenBank,organism,_RecordConsumer.organism,method,public,defined,"(self, content)",False,,parity,"drop-in compatibility; small surface, no large win expected"
GenBank,Bio.GenBank,taxonomy,_RecordConsumer.taxonomy,method,public,defined,"(self, content)",False,,parity,"drop-in compatibility; small surface, no large win expected"
GenBank,Bio.GenBank,reference_num,_RecordConsumer.reference_num,method,public,defined,"(self, content)",False,Grab the reference number and signal the start of a new reference.,parity,"drop-in compatibility; small surface, no large win expected"
GenBank,Bio.GenBank,reference_bases,_RecordConsumer.reference_bases,method,public,defined,"(self, content)",False,,parity,"drop-in compatibility; small surface, no large win expected"
GenBank,Bio.GenBank,authors,_RecordConsumer.authors,method,public,defined,"(self, content)",False,,parity,"drop-in compatibility; small surface, no large win expected"
GenBank,Bio.GenBank,consrtm,_RecordConsumer.consrtm,method,public,defined,"(self, content)",False,,parity,"drop-in compatibility; small surface, no large win expected"
GenBank,Bio.GenBank,title,_RecordConsumer.title,method,public,defined,"(self, content)",False,,parity,"drop-in compatibility; small surface, no large win expected"
GenBank,Bio.GenBank,journal,_RecordConsumer.journal,method,public,defined,"(self, content)",False,,parity,"drop-in compatibility; small surface, no large win expected"
GenBank,Bio.GenBank,medline_id,_RecordConsumer.medline_id,method,public,defined,"(self, content)",False,,parity,"drop-in compatibility; small surface, no large win expected"
GenBank,Bio.GenBank,pubmed_id,_RecordConsumer.pubmed_id,method,public,defined,"(self, content)",False,,parity,"drop-in compatibility; small surface, no large win expected"
GenBank,Bio.GenBank,remark,_RecordConsumer.remark,method,public,defined,"(self, content)",False,,parity,"drop-in compatibility; small surface, no large win expected"
GenBank,Bio.GenBank,comment,_RecordConsumer.comment,method,public,defined,"(self, content)",False,,parity,"drop-in compatibility; small surface, no large win expected"
GenBank,Bio.GenBank,structured_comment,_RecordConsumer.structured_comment,method,public,defined,"(self, content)",False,,parity,"drop-in compatibility; small surface, no large win expected"
GenBank,Bio.GenBank,primary_ref_line,_RecordConsumer.primary_ref_line,method,public,defined,"(self, content)",False,Save reference data for the PRIMARY line.,parity,"drop-in compatibility; small surface, no large win expected"
GenBank,Bio.GenBank,primary,_RecordConsumer.primary,method,public,defined,"(self, content)",False,,parity,"drop-in compatibility; small surface, no large win expected"
GenBank,Bio.GenBank,features_line,_RecordConsumer.features_line,method,public,defined,"(self, content)",False,Get ready for the feature table when we reach the FEATURE line.,parity,"drop-in compatibility; small surface, no large win expected"
GenBank,Bio.GenBank,start_feature_table,_RecordConsumer.start_feature_table,method,public,defined,(self),False,Signal the start of the feature table.,parity,"drop-in compatibility; small surface, no large win expected"
GenBank,Bio.GenBank,feature_key,_RecordConsumer.feature_key,method,public,defined,"(self, content)",False,Grab the key of the feature and signal the start of a new feature.,parity,"drop-in compatibility; small surface, no large win expected"
GenBank,Bio.GenBank,location,_RecordConsumer.location,method,public,defined,"(self, content)",False,,parity,"drop-in compatibility; small surface, no large win expected"
GenBank,Bio.GenBank,feature_qualifier,_RecordConsumer.feature_qualifier,method,public,defined,"(self, key, value)",False,,parity,"drop-in compatibility; small surface, no large win expected"
GenBank,Bio.GenBank,feature_qualifier_name,_RecordConsumer.feature_qualifier_name,method,public,defined,"(self, content_list)",False,Deal with qualifier names.,parity,"drop-in compatibility; small surface, no large win expected"
GenBank,Bio.GenBank,feature_qualifier_description,_RecordConsumer.feature_qualifier_description,method,public,defined,"(self, content)",False,,parity,"drop-in compatibility; small surface, no large win expected"
GenBank,Bio.GenBank,base_count,_RecordConsumer.base_count,method,public,defined,"(self, content)",False,,parity,"drop-in compatibility; small surface, no large win expected"
GenBank,Bio.GenBank,origin_name,_RecordConsumer.origin_name,method,public,defined,"(self, content)",False,,parity,"drop-in compatibility; small surface, no large win expected"
GenBank,Bio.GenBank,contig_location,_RecordConsumer.contig_location,method,public,defined,"(self, content)",False,Signal that we have contig information to add to the record.,parity,"drop-in compatibility; small surface, no large win expected"
GenBank,Bio.GenBank,sequence,_RecordConsumer.sequence,method,public,defined,"(self, content)",False,Add sequence information to a list of sequence strings.,parity,"drop-in compatibility; small surface, no large win expected"
GenBank,Bio.GenBank,record_end,_RecordConsumer.record_end,method,public,defined,"(self, content)",False,Signal the end of the record and do any necessary clean-up.,parity,"drop-in compatibility; small surface, no large win expected"
GenBank,Bio.GenBank,parse,parse,function,public,defined,(handle),False,Iterate over GenBank formatted entries as Record objects.,parity,"drop-in compatibility; small surface, no large win expected"
GenBank,Bio.GenBank,read,read,function,public,defined,(handle),False,Read a handle containing a single GenBank entry as a Record object.,parity,"drop-in compatibility; small surface, no large win expected"
GenBank,Bio.GenBank.Record,Record,Record,class,public,defined,,False,Hold GenBank information in a format similar to the original record.,parity,"drop-in compatibility; small surface, no large win expected"
GenBank,Bio.GenBank.Record,Reference,Reference,class,public,defined,,False,Hold information from a GenBank reference.,parity,"drop-in compatibility; small surface, no large win expected"
GenBank,Bio.GenBank.Record,Feature,Feature,class,public,defined,,False,Hold information about a Feature in the Feature Table of GenBank record.,parity,"drop-in compatibility; small surface, no large win expected"
GenBank,Bio.GenBank.Record,Qualifier,Qualifier,class,public,defined,,False,Hold information about a qualifier in a GenBank feature.,parity,"drop-in compatibility; small surface, no large win expected"
GenBank,Bio.GenBank.Scanner,InsdcScanner,InsdcScanner,class,public,defined,,False,Basic functions for breaking up a GenBank/EMBL file into sub sections.,parity,"drop-in compatibility; small surface, no large win expected"
GenBank,Bio.GenBank.Scanner,set_handle,InsdcScanner.set_handle,method,public,defined,"(self, handle)",False,Set the handle attribute.,parity,"drop-in compatibility; small surface, no large win expected"
GenBank,Bio.GenBank.Scanner,find_start,InsdcScanner.find_start,method,public,defined,(self),False,"Read in lines until find the ID/LOCUS line, which is returned.",parity,"drop-in compatibility; small surface, no large win expected"
GenBank,Bio.GenBank.Scanner,parse_header,InsdcScanner.parse_header,method,public,defined,(self),False,Return list of strings making up the header.,parity,"drop-in compatibility; small surface, no large win expected"
GenBank,Bio.GenBank.Scanner,parse_features,InsdcScanner.parse_features,method,public,defined,"(self, skip=False)",False,Return list of tuples for the features (if present).,parity,"drop-in compatibility; small surface, no large win expected"
GenBank,Bio.GenBank.Scanner,parse_feature,InsdcScanner.parse_feature,method,public,defined,"(self, feature_key, lines)",False,Parse a feature given as a list of strings into a tuple.,parity,"drop-in compatibility; small surface, no large win expected"
GenBank,Bio.GenBank.Scanner,parse_footer,InsdcScanner.parse_footer,method,public,defined,(self),False,"Return a tuple containing a list of any misc strings, and the sequence.",parity,"drop-in compatibility; small surface, no large win expected"
GenBank,Bio.GenBank.Scanner,feed,InsdcScanner.feed,method,public,defined,"(self, handle, consumer, do_features=True)",False,Feed a set of data into the consumer.,parity,"drop-in compatibility; small surface, no large win expected"
GenBank,Bio.GenBank.Scanner,parse,InsdcScanner.parse,method,public,defined,"(self, handle, do_features=True)",False,Return a SeqRecord (with SeqFeatures if do_features=True).,parity,"drop-in compatibility; small surface, no large win expected"
GenBank,Bio.GenBank.Scanner,parse_records,InsdcScanner.parse_records,method,public,defined,"(self, handle, do_features=True)",False,"Parse records, return a SeqRecord object iterator.",parity,"drop-in compatibility; small surface, no large win expected"
GenBank,Bio.GenBank.Scanner,parse_cds_features,InsdcScanner.parse_cds_features,method,public,defined,"(self, handle, alphabet=None, tags2id=('protein_id', 'locus_tag', 'product'))",False,"Parse CDS features, return SeqRecord object iterator.",parity,"drop-in compatibility; small surface, no large win expected"
GenBank,Bio.GenBank.Scanner,EmblScanner,EmblScanner,class,public,defined,,False,For extracting chunks of information in EMBL files.,parity,"drop-in compatibility; small surface, no large win expected"
GenBank,Bio.GenBank.Scanner,parse_footer,EmblScanner.parse_footer,method,public,defined,(self),False,"Return a tuple containing a list of any misc strings, and the sequence.",parity,"drop-in compatibility; small surface, no large win expected"
GenBank,Bio.GenBank.Scanner,parse_features,_ImgtScanner.parse_features,method,public,defined,"(self, skip=False)",False,Return list of tuples for the features (if present).,parity,"drop-in compatibility; small surface, no large win expected"
GenBank,Bio.GenBank.Scanner,GenBankScanner,GenBankScanner,class,public,defined,,False,For extracting chunks of information in GenBank files.,parity,"drop-in compatibility; small surface, no large win expected"
GenBank,Bio.GenBank.Scanner,parse_footer,GenBankScanner.parse_footer,method,public,defined,(self),False,"Return a tuple containing a list of any misc strings, and the sequence.",parity,"drop-in compatibility; small surface, no large win expected"
GenBank,Bio.GenBank.utils,FeatureValueCleaner,FeatureValueCleaner,class,public,defined,,False,Provide specialized capabilities for cleaning up values in features.,parity,"drop-in compatibility; small surface, no large win expected"
GenBank,Bio.GenBank.utils,clean_value,FeatureValueCleaner.clean_value,method,public,defined,"(self, key_name, value)",False,Clean the specified value and return it.,parity,"drop-in compatibility; small surface, no large win expected"
Geo,Bio.Geo,parse,parse,function,public,defined,(handle),False,Read Gene Expression Omnibus records from file handle.,parity,parses a local file; the fetcher it is filed under lives elsewhere in the package
Geo,Bio.Geo.Record,Record,Record,class,public,defined,,False,Hold GEO information in a format similar to the original record.,parity,"drop-in compatibility; small surface, no large win expected"
Geo,Bio.Geo.Record,out_block,out_block,function,public,defined,"(text, prefix='')",False,Format text in blocks of 80 chars with an additional optional prefix.,parity,"drop-in compatibility; small surface, no large win expected"
KEGG,Bio.KEGG.Compound,Record,Record,class,public,defined,,False,Holds info from a KEGG Ligand/Compound record.,parity,parses a local file; the fetcher it is filed under lives elsewhere in the package
KEGG,Bio.KEGG.Compound,parse,parse,function,public,defined,(handle),False,"Parse a KEGG Ligan/Compound file, returning Record objects.",parity,parses a local file; the fetcher it is filed under lives elsewhere in the package
KEGG,Bio.KEGG.Enzyme,Record,Record,class,public,defined,,False,Holds info from a KEGG Enzyme record.,parity,parses a local file; the fetcher it is filed under lives elsewhere in the package
KEGG,Bio.KEGG.Enzyme,parse,parse,function,public,defined,(handle),False,"Parse a KEGG Enzyme file, returning Record objects.",parity,parses a local file; the fetcher it is filed under lives elsewhere in the package
KEGG,Bio.KEGG.Enzyme,read,read,function,public,defined,(handle),False,Parse a KEGG Enzyme file with exactly one entry.,parity,parses a local file; the fetcher it is filed under lives elsewhere in the package
KEGG,Bio.KEGG.Gene,Record,Record,class,public,defined,,False,Holds info from a KEGG Gene record.,parity,parses a local file; the fetcher it is filed under lives elsewhere in the package
KEGG,Bio.KEGG.Gene,parse,parse,function,public,defined,(handle),False,"Parse a KEGG Gene file, returning Record objects.",parity,parses a local file; the fetcher it is filed under lives elsewhere in the package
KEGG,Bio.KEGG.KGML.KGML_parser,read,read,function,public,defined,(handle),False,Parse a single KEGG Pathway from given file handle.,parity,"drop-in compatibility; small surface, no large win expected"
KEGG,Bio.KEGG.KGML.KGML_parser,parse,parse,function,public,defined,(handle),False,Return an iterator over Pathway elements.,parity,"drop-in compatibility; small surface, no large win expected"
KEGG,Bio.KEGG.KGML.KGML_parser,KGMLParser,KGMLParser,class,public,defined,,False,Parses a KGML XML Pathway entry into a Pathway object.,parity,"drop-in compatibility; small surface, no large win expected"
KEGG,Bio.KEGG.KGML.KGML_parser,parse,KGMLParser.parse,method,public,defined,(self),False,Parse the input elements.,parity,"drop-in compatibility; small surface, no large win expected"
KEGG,Bio.KEGG.KGML.KGML_pathway,Pathway,Pathway,class,public,defined,,False,Represents a KGML pathway from KEGG.,parity,"drop-in compatibility; small surface, no large win expected"
KEGG,Bio.KEGG.KGML.KGML_pathway,get_KGML,Pathway.get_KGML,method,public,defined,(self),False,Return the pathway as a string in prettified KGML format.,parity,"drop-in compatibility; small surface, no large win expected"
KEGG,Bio.KEGG.KGML.KGML_pathway,add_entry,Pathway.add_entry,method,public,defined,"(self, entry)",False,Add an Entry element to the pathway.,parity,"drop-in compatibility; small surface, no large win expected"
KEGG,Bio.KEGG.KGML.KGML_pathway,remove_entry,Pathway.remove_entry,method,public,defined,"(self, entry)",False,Remove an Entry element from the pathway.,parity,"drop-in compatibility; small surface, no large win expected"
KEGG,Bio.KEGG.KGML.KGML_pathway,add_reaction,Pathway.add_reaction,method,public,defined,"(self, reaction)",False,Add a Reaction element to the pathway.,parity,"drop-in compatibility; small surface, no large win expected"
KEGG,Bio.KEGG.KGML.KGML_pathway,remove_reaction,Pathway.remove_reaction,method,public,defined,"(self, reaction)",False,Remove a Reaction element from the pathway.,parity,"drop-in compatibility; small surface, no large win expected"
KEGG,Bio.KEGG.KGML.KGML_pathway,add_relation,Pathway.add_relation,method,public,defined,"(self, relation)",False,Add a Relation element to the pathway.,parity,"drop-in compatibility; small surface, no large win expected"
KEGG,Bio.KEGG.KGML.KGML_pathway,remove_relation,Pathway.remove_relation,method,public,defined,"(self, relation)",False,Remove a Relation element from the pathway.,parity,"drop-in compatibility; small surface, no large win expected"
KEGG,Bio.KEGG.KGML.KGML_pathway,name,Pathway.name,property,public,defined,(property),False,The KEGGID for the pathway map.,parity,"drop-in compatibility; small surface, no large win expected"
KEGG,Bio.KEGG.KGML.KGML_pathway,number,Pathway.number,property,public,defined,(property),False,The KEGG map number.,parity,"drop-in compatibility; small surface, no large win expected"
KEGG,Bio.KEGG.KGML.KGML_pathway,compounds,Pathway.compounds,property,public,defined,(property),False,Get a list of entries of type compound.,parity,"drop-in compatibility; small surface, no large win expected"
KEGG,Bio.KEGG.KGML.KGML_pathway,maps,Pathway.maps,property,public,defined,(property),False,Get a list of entries of type map.,parity,"drop-in compatibility; small surface, no large win expected"
KEGG,Bio.KEGG.KGML.KGML_pathway,orthologs,Pathway.orthologs,property,public,defined,(property),False,Get a list of entries of type ortholog.,parity,"drop-in compatibility; small surface, no large win expected"
KEGG,Bio.KEGG.KGML.KGML_pathway,genes,Pathway.genes,property,public,defined,(property),False,Get a list of entries of type gene.,parity,"drop-in compatibility; small surface, no large win expected"
KEGG,Bio.KEGG.KGML.KGML_pathway,reactions,Pathway.reactions,property,public,defined,(property),False,Get a list of reactions in the pathway.,parity,"drop-in compatibility; small surface, no large win expected"
KEGG,Bio.KEGG.KGML.KGML_pathway,reaction_entries,Pathway.reaction_entries,property,public,defined,(property),False,List of entries corresponding to each reaction in the pathway.,parity,"drop-in compatibility; small surface, no large win expected"
KEGG,Bio.KEGG.KGML.KGML_pathway,relations,Pathway.relations,property,public,defined,(property),False,Get a list of relations in the pathway.,parity,"drop-in compatibility; small surface, no large win expected"
KEGG,Bio.KEGG.KGML.KGML_pathway,element,Pathway.element,property,public,defined,(property),False,Return the Pathway as a valid KGML element.,parity,"drop-in compatibility; small surface, no large win expected"
KEGG,Bio.KEGG.KGML.KGML_pathway,bounds,Pathway.bounds,property,public,defined,(property),False,Coordinate bounds for all Graphics elements in the Pathway.,parity,"drop-in compatibility; small surface, no large win expected"
KEGG,Bio.KEGG.KGML.KGML_pathway,Entry,Entry,class,public,defined,,False,Represent an Entry from KGML.,parity,"drop-in compatibility; small surface, no large win expected"
KEGG,Bio.KEGG.KGML.KGML_pathway,add_component,Entry.add_component,method,public,defined,"(self, element)",False,Add an element to the entry.,parity,"drop-in compatibility; small surface, no large win expected"
KEGG,Bio.KEGG.KGML.KGML_pathway,remove_component,Entry.remove_component,method,public,defined,"(self, value)",False,Remove the entry with the passed ID from the group.,parity,"drop-in compatibility; small surface, no large win expected"
KEGG,Bio.KEGG.KGML.KGML_pathway,add_graphics,Entry.add_graphics,method,public,defined,"(self, entry)",False,Add the Graphics entry.,parity,"drop-in compatibility; small surface, no large win expected"
KEGG,Bio.KEGG.KGML.KGML_pathway,remove_graphics,Entry.remove_graphics,method,public,defined,"(self, entry)",False,Remove the Graphics entry with the passed ID from the group.,parity,"drop-in compatibility; small surface, no large win expected"
KEGG,Bio.KEGG.KGML.KGML_pathway,name,Entry.name,property,public,defined,(property),False,List of KEGG identifiers for the Entry.,parity,"drop-in compatibility; small surface, no large win expected"
KEGG,Bio.KEGG.KGML.KGML_pathway,reaction,Entry.reaction,property,public,defined,(property),False,List of reaction KEGG IDs for this Entry.,parity,"drop-in compatibility; small surface, no large win expected"
KEGG,Bio.KEGG.KGML.KGML_pathway,id,Entry.id,property,public,defined,(property),False,The pathway graph node ID for the Entry.,parity,"drop-in compatibility; small surface, no large win expected"
KEGG,Bio.KEGG.KGML.KGML_pathway,element,Entry.element,property,public,defined,(property),False,Return the Entry as a valid KGML element.,parity,"drop-in compatibility; small surface, no large win expected"
KEGG,Bio.KEGG.KGML.KGML_pathway,bounds,Entry.bounds,property,public,defined,(property),False,Coordinate bounds for all Graphics elements in the Entry.,parity,"drop-in compatibility; small surface, no large win expected"
KEGG,Bio.KEGG.KGML.KGML_pathway,is_reactant,Entry.is_reactant,property,public,defined,(property),False,Return true if this Entry participates in any reaction in its parent pathway.,parity,"drop-in compatibility; small surface, no large win expected"
KEGG,Bio.KEGG.KGML.KGML_pathway,Component,Component,class,public,defined,,False,An Entry subelement used to represents a complex node.,parity,"drop-in compatibility; small surface, no large win expected"
KEGG,Bio.KEGG.KGML.KGML_pathway,id,Component.id,property,public,defined,(property),False,The pathway graph node ID for the Entry,parity,"drop-in compatibility; small surface, no large win expected"
KEGG,Bio.KEGG.KGML.KGML_pathway,element,Component.element,property,public,defined,(property),False,Return the Component as a valid KGML element.,parity,"drop-in compatibility; small surface, no large win expected"
KEGG,Bio.KEGG.KGML.KGML_pathway,Graphics,Graphics,class,public,defined,,False,An Entry subelement used to represents the visual representation.,parity,"drop-in compatibility; small surface, no large win expected"
KEGG,Bio.KEGG.KGML.KGML_pathway,x,Graphics.x,property,public,defined,(property),False,The X coordinate for the graphics element.,parity,"drop-in compatibility; small surface, no large win expected"
KEGG,Bio.KEGG.KGML.KGML_pathway,y,Graphics.y,property,public,defined,(property),False,The Y coordinate for the graphics element.,parity,"drop-in compatibility; small surface, no large win expected"
KEGG,Bio.KEGG.KGML.KGML_pathway,width,Graphics.width,property,public,defined,(property),False,The width of the graphics element.,parity,"drop-in compatibility; small surface, no large win expected"
KEGG,Bio.KEGG.KGML.KGML_pathway,height,Graphics.height,property,public,defined,(property),False,The height of the graphics element.,parity,"drop-in compatibility; small surface, no large win expected"
KEGG,Bio.KEGG.KGML.KGML_pathway,coords,Graphics.coords,property,public,defined,(property),False,Polyline coordinates for the graphics element.,parity,"drop-in compatibility; small surface, no large win expected"
KEGG,Bio.KEGG.KGML.KGML_pathway,fgcolor,Graphics.fgcolor,property,public,defined,(property),False,Foreground color.,parity,"drop-in compatibility; small surface, no large win expected"
KEGG,Bio.KEGG.KGML.KGML_pathway,bgcolor,Graphics.bgcolor,property,public,defined,(property),False,Background color.,parity,"drop-in compatibility; small surface, no large win expected"
KEGG,Bio.KEGG.KGML.KGML_pathway,element,Graphics.element,property,public,defined,(property),False,Return the Graphics as a valid KGML element.,parity,"drop-in compatibility; small surface, no large win expected"
KEGG,Bio.KEGG.KGML.KGML_pathway,bounds,Graphics.bounds,property,public,defined,(property),False,Coordinate bounds for the Graphics element.,parity,"drop-in compatibility; small surface, no large win expected"
KEGG,Bio.KEGG.KGML.KGML_pathway,centre,Graphics.centre,property,public,defined,(property),False,"Return the centre of the Graphics object as an (x, y) tuple.",parity,"drop-in compatibility; small surface, no large win expected"
KEGG,Bio.KEGG.KGML.KGML_pathway,Reaction,Reaction,class,public,defined,,False,A specific chemical reaction with substrates and products.,parity,"drop-in compatibility; small surface, no large win expected"
KEGG,Bio.KEGG.KGML.KGML_pathway,add_substrate,Reaction.add_substrate,method,public,defined,"(self, substrate_id)",False,"Add a substrate, identified by its node ID, to the reaction.",parity,"drop-in compatibility; small surface, no large win expected"
KEGG,Bio.KEGG.KGML.KGML_pathway,add_product,Reaction.add_product,method,public,defined,"(self, product_id)",False,"Add a product, identified by its node ID, to the reaction.",parity,"drop-in compatibility; small surface, no large win expected"
KEGG,Bio.KEGG.KGML.KGML_pathway,id,Reaction.id,property,public,defined,(property),False,Node ID for the reaction.,parity,"drop-in compatibility; small surface, no large win expected"
KEGG,Bio.KEGG.KGML.KGML_pathway,name,Reaction.name,property,public,defined,(property),False,List of KEGG identifiers for the reaction.,parity,"drop-in compatibility; small surface, no large win expected"
KEGG,Bio.KEGG.KGML.KGML_pathway,substrates,Reaction.substrates,property,public,defined,(property),False,Return list of substrate Entry elements.,parity,"drop-in compatibility; small surface, no large win expected"
KEGG,Bio.KEGG.KGML.KGML_pathway,products,Reaction.products,property,public,defined,(property),False,Return list of product Entry elements.,parity,"drop-in compatibility; small surface, no large win expected"
KEGG,Bio.KEGG.KGML.KGML_pathway,entry,Reaction.entry,property,public,defined,(property),False,Return the Entry corresponding to this reaction.,parity,"drop-in compatibility; small surface, no large win expected"
KEGG,Bio.KEGG.KGML.KGML_pathway,reactant_ids,Reaction.reactant_ids,property,public,defined,(property),False,Return a list of substrate and product reactant IDs.,parity,"drop-in compatibility; small surface, no large win expected"
KEGG,Bio.KEGG.KGML.KGML_pathway,element,Reaction.element,property,public,defined,(property),False,Return KGML element describing the Reaction.,parity,"drop-in compatibility; small surface, no large win expected"
KEGG,Bio.KEGG.KGML.KGML_pathway,Relation,Relation,class,public,defined,,False,"A relationship between to products, KOs, or protein and compound.",parity,"drop-in compatibility; small surface, no large win expected"
KEGG,Bio.KEGG.KGML.KGML_pathway,entry1,Relation.entry1,property,public,defined,(property),False,Entry1 of the relation.,parity,"drop-in compatibility; small surface, no large win expected"
KEGG,Bio.KEGG.KGML.KGML_pathway,entry2,Relation.entry2,property,public,defined,(property),False,Entry2 of the relation.,parity,"drop-in compatibility; small surface, no large win expected"
KEGG,Bio.KEGG.KGML.KGML_pathway,element,Relation.element,property,public,defined,(property),False,Return KGML element describing the Relation.,parity,"drop-in compatibility; small surface, no large win expected"
KEGG,Bio.KEGG.Map,parse,parse,function,public,defined,(handle),False,Parse a KEGG pathway map.,parity,parses a local file; the fetcher it is filed under lives elsewhere in the package
KEGG,Bio.KEGG.REST,kegg_info,kegg_info,function,public,defined,(database),False,KEGG info - Displays the current statistics of a given database.,skip,"network transport: an HTTP request, nothing for C to speed up"
KEGG,Bio.KEGG.REST,kegg_list,kegg_list,function,public,defined,"(database, org=None)",False,"KEGG list - Entry list for database, or specified database entries.",skip,"network transport: an HTTP request, nothing for C to speed up"
KEGG,Bio.KEGG.REST,kegg_find,kegg_find,function,public,defined,"(database, query, option=None)",False,KEGG find - Data search.,skip,"network transport: an HTTP request, nothing for C to speed up"
KEGG,Bio.KEGG.REST,kegg_get,kegg_get,function,public,defined,"(dbentries, option=None)",False,KEGG get - Data retrieval.,skip,"network transport: an HTTP request, nothing for C to speed up"
KEGG,Bio.KEGG.REST,kegg_conv,kegg_conv,function,public,defined,"(target_db, source_db, option=None)",False,KEGG conv - convert KEGG identifiers to/from outside identifiers.,skip,"network transport: an HTTP request, nothing for C to speed up"
KEGG,Bio.KEGG.REST,kegg_link,kegg_link,function,public,defined,"(target_db, source_db, option=None)",False,KEGG link - find related entries by using database cross-references.,skip,"network transport: an HTTP request, nothing for C to speed up"
Medline,Bio.Medline,Record,Record,class,public,defined,,False,A dictionary holding information from a Medline record.,parity,parses a local file; the fetcher it is filed under lives elsewhere in the package
Medline,Bio.Medline,parse,parse,function,public,defined,(handle),False,Read Medline records one by one from the handle.,parity,parses a local file; the fetcher it is filed under lives elsewhere in the package
Medline,Bio.Medline,read,read,function,public,defined,(handle),False,Read a single Medline record from the handle.,parity,parses a local file; the fetcher it is filed under lives elsewhere in the package
NMR,Bio.NMR.NOEtools,predictNOE,predictNOE,function,public,defined,"(peaklist, originNuc, detectedNuc, originResNum, toResNum)",False,Predict the i->j NOE position based on self peak (diagonal) assignments.,parity,"drop-in compatibility; small surface, no large win expected"
NMR,Bio.NMR.xpktools,XpkEntry,XpkEntry,class,public,defined,,False,Provide dictionary access to single entry from nmrview .xpk file.,parity,"drop-in compatibility; small surface, no large win expected"
NMR,Bio.NMR.xpktools,Peaklist,Peaklist,class,public,defined,,False,Provide access to header lines and data from a nmrview xpk file.,parity,"drop-in compatibility; small surface, no large win expected"
NMR,Bio.NMR.xpktools,residue_dict,Peaklist.residue_dict,method,public,defined,"(self, index)",False,Return a dict of lines in 'data' indexed by residue number or a nucleus.,parity,"drop-in compatibility; small surface, no large win expected"
NMR,Bio.NMR.xpktools,write_header,Peaklist.write_header,method,public,defined,"(self, outfn)",False,Write header lines from input file to handle ``outfn``.,parity,"drop-in compatibility; small surface, no large win expected"
NMR,Bio.NMR.xpktools,replace_entry,replace_entry,function,public,defined,"(line, fieldn, newentry)",False,Replace an entry in a string by the field number.,parity,"drop-in compatibility; small surface, no large win expected"
NMR,Bio.NMR.xpktools,data_table,data_table,function,public,defined,"(fn_list, datalabel, keyatom)",False,Generate a data table from a list of input xpk files.,parity,"drop-in compatibility; small surface, no large win expected"
Nexus,Bio.Nexus.Nexus,NexusError,NexusError,exception,public,defined,,False,Provision for the management of Nexus exceptions.,parity,"drop-in compatibility; small surface, no large win expected"
Nexus,Bio.Nexus.Nexus,CharBuffer,CharBuffer,class,public,defined,,False,Helps reading NEXUS-words and characters from a buffer (semi-PRIVATE).,parity,"drop-in compatibility; small surface, no large win expected"
Nexus,Bio.Nexus.Nexus,peek,CharBuffer.peek,method,public,defined,(self),False,Return the first character from the buffer.,parity,"drop-in compatibility; small surface, no large win expected"
Nexus,Bio.Nexus.Nexus,peek_nonwhitespace,CharBuffer.peek_nonwhitespace,method,public,defined,(self),False,"Return the first character from the buffer, do not include spaces.",parity,"drop-in compatibility; small surface, no large win expected"
Nexus,Bio.Nexus.Nexus,next_nonwhitespace,CharBuffer.next_nonwhitespace,method,public,defined,(self),False,Check for next non whitespace character in NEXUS file.,parity,"drop-in compatibility; small surface, no large win expected"
Nexus,Bio.Nexus.Nexus,skip_whitespace,CharBuffer.skip_whitespace,method,public,defined,(self),False,Skip whitespace characters in NEXUS file.,parity,"drop-in compatibility; small surface, no large win expected"
Nexus,Bio.Nexus.Nexus,next_until,CharBuffer.next_until,method,public,defined,"(self, target)",False,Iterate over the NEXUS file until a target character is reached.,parity,"drop-in compatibility; small surface, no large win expected"
Nexus,Bio.Nexus.Nexus,peek_word,CharBuffer.peek_word,method,public,defined,"(self, word)",False,Return a word stored in the buffer.,parity,"drop-in compatibility; small surface, no large win expected"
Nexus,Bio.Nexus.Nexus,next_word,CharBuffer.next_word,method,public,defined,(self),False,Return the next NEXUS word from a string.,parity,"drop-in compatibility; small surface, no large win expected"
Nexus,Bio.Nexus.Nexus,rest,CharBuffer.rest,method,public,defined,(self),False,Return the rest of the string without parsing.,parity,"drop-in compatibility; small surface, no large win expected"
Nexus,Bio.Nexus.Nexus,StepMatrix,StepMatrix,class,public,defined,,False,Calculate a stepmatrix for weighted parsimony.,parity,"drop-in compatibility; small surface, no large win expected"
Nexus,Bio.Nexus.Nexus,set,StepMatrix.set,method,public,defined,"(self, x, y, value)",False,Set a given value in the matrix's position.,parity,"drop-in compatibility; small surface, no large win expected"
Nexus,Bio.Nexus.Nexus,add,StepMatrix.add,method,public,defined,"(self, x, y, value)",False,"Add the given value to existing, in matrix's position.",parity,"drop-in compatibility; small surface, no large win expected"
Nexus,Bio.Nexus.Nexus,sum,StepMatrix.sum,method,public,defined,(self),False,"Calculate the associations, makes matrix of associations.",parity,"drop-in compatibility; small surface, no large win expected"
Nexus,Bio.Nexus.Nexus,transformation,StepMatrix.transformation,method,public,defined,(self),False,Calculate the transformation matrix.,parity,"drop-in compatibility; small surface, no large win expected"
Nexus,Bio.Nexus.Nexus,weighting,StepMatrix.weighting,method,public,defined,(self),False,Calculate the Phylogenetic weight matrix.,parity,"drop-in compatibility; small surface, no large win expected"
Nexus,Bio.Nexus.Nexus,smprint,StepMatrix.smprint,method,public,defined,"(self, name='your_name_here')",False,Print a stepmatrix.,parity,"drop-in compatibility; small surface, no large win expected"
Nexus,Bio.Nexus.Nexus,safename,safename,function,public,defined,"(name, mrbayes=False)",False,Return a taxon identifier according to NEXUS standard.,parity,"drop-in compatibility; small surface, no large win expected"
Nexus,Bio.Nexus.Nexus,quotestrip,quotestrip,function,public,defined,(word),False,Remove quotes and/or double quotes around identifiers.,parity,"drop-in compatibility; small surface, no large win expected"
Nexus,Bio.Nexus.Nexus,get_start_end,get_start_end,function,public,defined,"(sequence, skiplist=('-', '?'))",False,Return position of first and last character which is not in skiplist.,parity,"drop-in compatibility; small surface, no large win expected"
Nexus,Bio.Nexus.Nexus,combine,combine,function,public,defined,(matrices),False,"Combine matrices in [(name,nexus-instance),...] and return new nexus instance.",parity,"drop-in compatibility; small surface, no large win expected"
Nexus,Bio.Nexus.Nexus,Commandline,Commandline,class,public,defined,,False,Represent a commandline as command and options.,parity,"drop-in compatibility; small surface, no large win expected"
Nexus,Bio.Nexus.Nexus,Block,Block,class,public,defined,,False,Represent a NEXUS block with block name and list of commandlines.,parity,"drop-in compatibility; small surface, no large win expected"
Nexus,Bio.Nexus.Nexus,Nexus,Nexus,class,public,defined,,False,"Create the Nexus class, main class for the management of Nexus files.",parity,"drop-in compatibility; small surface, no large win expected"
Nexus,Bio.Nexus.Nexus,read,Nexus.read,method,public,defined,"(self, input)",False,"Read and parse NEXUS input (a filename, file-handle, or string).",parity,"drop-in compatibility; small surface, no large win expected"
Nexus,Bio.Nexus.Nexus,write_nexus_data_partitions,Nexus.write_nexus_data_partitions,method,public,defined,"(self, matrix=None, filename=None, blocksize=None, interleave=False, exclude=(), delete=(), charpartition=None, comment='', mrbayes=False)",False,Write a nexus file for each partition in charpartition.,parity,"drop-in compatibility; small surface, no large win expected"
Nexus,Bio.Nexus.Nexus,write_nexus_data,Nexus.write_nexus_data,method,public,defined,"(self, filename=None, matrix=None, exclude=(), delete=(), blocksize=None, interleave=False, interleave_by_partition=False, comment=None, omit_NEXUS=False, append_sets=True, mrbayes=False, codons_block=True)",False,Write a nexus file with data and sets block to a file or handle.,parity,"drop-in compatibility; small surface, no large win expected"
Nexus,Bio.Nexus.Nexus,append_sets,Nexus.append_sets,method,public,defined,"(self, exclude=(), delete=(), mrbayes=False, include_codons=True, codons_only=False)",False,Return a sets block.,parity,"drop-in compatibility; small surface, no large win expected"
Nexus,Bio.Nexus.Nexus,export_fasta,Nexus.export_fasta,method,public,defined,"(self, filename=None, width=70)",False,Write matrix into a fasta file.,parity,"drop-in compatibility; small surface, no large win expected"
Nexus,Bio.Nexus.Nexus,export_phylip,Nexus.export_phylip,method,public,defined,"(self, filename=None)",False,Write matrix into a PHYLIP file.,parity,"drop-in compatibility; small surface, no large win expected"
Nexus,Bio.Nexus.Nexus,constant,Nexus.constant,method,public,defined,"(self, matrix=None, delete=(), exclude=())",False,Return a list with all constant characters.,parity,"drop-in compatibility; small surface, no large win expected"
Nexus,Bio.Nexus.Nexus,cstatus,Nexus.cstatus,method,public,defined,"(self, site, delete=(), narrow=True)",False,Summarize character.,parity,"drop-in compatibility; small surface, no large win expected"
Nexus,Bio.Nexus.Nexus,weighted_stepmatrix,Nexus.weighted_stepmatrix,method,public,defined,"(self, name='your_name_here', exclude=(), delete=())",False,Calculate a stepmatrix for weighted parsimony.,parity,"drop-in compatibility; small surface, no large win expected"
Nexus,Bio.Nexus.Nexus,crop_matrix,Nexus.crop_matrix,method,public,defined,"(self, matrix=None, delete=(), exclude=())",False,Return a matrix without deleted taxa and excluded characters.,parity,"drop-in compatibility; small surface, no large win expected"
Nexus,Bio.Nexus.Nexus,bootstrap,Nexus.bootstrap,method,public,defined,"(self, matrix=None, delete=(), exclude=())",False,Return a bootstrapped matrix.,parity,"drop-in compatibility; small surface, no large win expected"
Nexus,Bio.Nexus.Nexus,add_sequence,Nexus.add_sequence,method,public,defined,"(self, name, sequence)",False,Add a sequence (string) to the matrix.,parity,"drop-in compatibility; small surface, no large win expected"
Nexus,Bio.Nexus.Nexus,insert_gap,Nexus.insert_gap,method,public,defined,"(self, pos, n=1, leftgreedy=False)",False,Add a gap into the matrix and adjust charsets and partitions.,parity,"drop-in compatibility; small surface, no large win expected"
Nexus,Bio.Nexus.Nexus,invert,Nexus.invert,method,public,defined,"(self, charlist)",False,Return all character indices that are not in charlist.,parity,"drop-in compatibility; small surface, no large win expected"
Nexus,Bio.Nexus.Nexus,gaponly,Nexus.gaponly,method,public,defined,"(self, include_missing=False)",False,Return gap-only sites.,parity,"drop-in compatibility; small surface, no large win expected"
Nexus,Bio.Nexus.Nexus,terminal_gap_to_missing,Nexus.terminal_gap_to_missing,method,public,defined,"(self, missing=None, skip_n=True)",False,Replace all terminal gaps with missing character.,parity,"drop-in compatibility; small surface, no large win expected"
Nexus,Bio.Nexus.Nodes,ChainException,ChainException,exception,public,defined,,False,Provision for the management of Chain exceptions.,parity,"drop-in compatibility; small surface, no large win expected"
Nexus,Bio.Nexus.Nodes,NodeException,NodeException,exception,public,defined,,False,Provision for the management of Node exceptions.,parity,"drop-in compatibility; small surface, no large win expected"
Nexus,Bio.Nexus.Nodes,Chain,Chain,class,public,defined,,False,Stores a list of nodes that are linked together.,parity,"drop-in compatibility; small surface, no large win expected"
Nexus,Bio.Nexus.Nodes,all_ids,Chain.all_ids,method,public,defined,(self) -> list[int],False,Return a list of all node ids.,parity,"drop-in compatibility; small surface, no large win expected"
Nexus,Bio.Nexus.Nodes,add,Chain.add,method,public,defined,"(self, node: 'Node', prev: int | None = None) -> int",False,Attach node to another.,parity,"drop-in compatibility; small surface, no large win expected"
Nexus,Bio.Nexus.Nodes,collapse,Chain.collapse,method,public,defined,"(self, id)",False,Delete node from chain and relinks successors to predecessor.,parity,"drop-in compatibility; small surface, no large win expected"
Nexus,Bio.Nexus.Nodes,kill,Chain.kill,method,public,defined,"(self, id)",False,Kill a node from chain without caring to what it is connected.,parity,"drop-in compatibility; small surface, no large win expected"
Nexus,Bio.Nexus.Nodes,unlink,Chain.unlink,method,public,defined,"(self, id)",False,Disconnect node from his predecessor.,parity,"drop-in compatibility; small surface, no large win expected"
Nexus,Bio.Nexus.Nodes,link,Chain.link,method,public,defined,"(self, parent, child)",False,Connect son to parent.,parity,"drop-in compatibility; small surface, no large win expected"
Nexus,Bio.Nexus.Nodes,is_parent_of,Chain.is_parent_of,method,public,defined,"(self, parent, grandchild)",False,Check if grandchild is a subnode of parent.,parity,"drop-in compatibility; small surface, no large win expected"
Nexus,Bio.Nexus.Nodes,trace,Chain.trace,method,public,defined,"(self, start, finish)",False,"Return a list of all node_ids between two nodes (excluding start, including end).",parity,"drop-in compatibility; small surface, no large win expected"
Nexus,Bio.Nexus.Nodes,Node,Node,class,public,defined,,False,A single node.,parity,"drop-in compatibility; small surface, no large win expected"
Nexus,Bio.Nexus.Nodes,set_id,Node.set_id,method,public,defined,"(self, id)",False,"Set the id of a node, if not set yet.",parity,"drop-in compatibility; small surface, no large win expected"
Nexus,Bio.Nexus.Nodes,get_id,Node.get_id,method,public,defined,(self),False,Return the node's id.,parity,"drop-in compatibility; small surface, no large win expected"
Nexus,Bio.Nexus.Nodes,get_succ,Node.get_succ,method,public,defined,(self),False,Return a list of the node's successors.,parity,"drop-in compatibility; small surface, no large win expected"
Nexus,Bio.Nexus.Nodes,get_prev,Node.get_prev,method,public,defined,(self),False,Return the id of the node's predecessor.,parity,"drop-in compatibility; small surface, no large win expected"
Nexus,Bio.Nexus.Nodes,add_succ,Node.add_succ,method,public,defined,"(self, id)",False,Add a node id to the node's successors.,parity,"drop-in compatibility; small surface, no large win expected"
Nexus,Bio.Nexus.Nodes,remove_succ,Node.remove_succ,method,public,defined,"(self, id)",False,Remove a node id from the node's successors.,parity,"drop-in compatibility; small surface, no large win expected"
Nexus,Bio.Nexus.Nodes,set_succ,Node.set_succ,method,public,defined,"(self, new_succ)",False,Set the node's successors.,parity,"drop-in compatibility; small surface, no large win expected"
Nexus,Bio.Nexus.Nodes,set_prev,Node.set_prev,method,public,defined,"(self, id)",False,Set the node's predecessor.,parity,"drop-in compatibility; small surface, no large win expected"
Nexus,Bio.Nexus.Nodes,get_data,Node.get_data,method,public,defined,(self),False,Return a node's data.,parity,"drop-in compatibility; small surface, no large win expected"
Nexus,Bio.Nexus.Nodes,set_data,Node.set_data,method,public,defined,"(self, data)",False,Set a node's data.,parity,"drop-in compatibility; small surface, no large win expected"
Nexus,Bio.Nexus.StandardData,NexusError,NexusError,exception,public,defined,,False,Provision for the management of Nexus exceptions.,parity,"drop-in compatibility; small surface, no large win expected"
Nexus,Bio.Nexus.StandardData,StandardData,StandardData,class,public,defined,,False,Create a StandardData iterable object.,parity,"drop-in compatibility; small surface, no large win expected"
Nexus,Bio.Nexus.StandardData,raw,StandardData.raw,method,public,defined,(self),False,Return the full coding as a python list.,parity,"drop-in compatibility; small surface, no large win expected"
Nexus,Bio.Nexus.Trees,TreeError,TreeError,exception,public,defined,,False,Provision for the management of Tree exceptions.,parity,"drop-in compatibility; small surface, no large win expected"
Nexus,Bio.Nexus.Trees,NodeData,NodeData,class,public,defined,,False,Store tree-relevant data associated with nodes (e.g. branches or otus).,parity,"drop-in compatibility; small surface, no large win expected"
Nexus,Bio.Nexus.Trees,Tree,Tree,class,public,defined,,False,Represent a tree using a chain of nodes with on predecessor (=ancestor) and multiple successors (=subclades).,parity,"drop-in compatibility; small surface, no large win expected"
Nexus,Bio.Nexus.Trees,node,Tree.node,method,public,defined,"(self, node_id)",False,Return the instance of node_id.,parity,"drop-in compatibility; small surface, no large win expected"
Nexus,Bio.Nexus.Trees,split,Tree.split,method,public,defined,"(self, parent_id=None, n=2, branchlength=1.0)",False,Speciation: generates n (default two) descendants of a node.,parity,"drop-in compatibility; small surface, no large win expected"
Nexus,Bio.Nexus.Trees,search_taxon,Tree.search_taxon,method,public,defined,"(self, taxon)",False,Return the first matching taxon in self.data.taxon. Not restricted to terminal nodes.,parity,"drop-in compatibility; small surface, no large win expected"
Nexus,Bio.Nexus.Trees,prune,Tree.prune,method,public,defined,"(self, taxon)",False,Prune a terminal taxon from the tree.,parity,"drop-in compatibility; small surface, no large win expected"
Nexus,Bio.Nexus.Trees,get_taxa,Tree.get_taxa,method,public,defined,"(self, node_id=None)",False,Return a list of all otus downwards from a node.,parity,"drop-in compatibility; small surface, no large win expected"
Nexus,Bio.Nexus.Trees,get_terminals,Tree.get_terminals,method,public,defined,(self),False,Return a list of all terminal nodes.,parity,"drop-in compatibility; small surface, no large win expected"
Nexus,Bio.Nexus.Trees,is_terminal,Tree.is_terminal,method,public,defined,"(self, node)",False,Return True if node is a terminal node.,parity,"drop-in compatibility; small surface, no large win expected"
Nexus,Bio.Nexus.Trees,is_internal,Tree.is_internal,method,public,defined,"(self, node)",False,Return True if node is an internal node.,parity,"drop-in compatibility; small surface, no large win expected"
Nexus,Bio.Nexus.Trees,is_preterminal,Tree.is_preterminal,method,public,defined,"(self, node)",False,Return True if all successors of a node are terminal ones.,parity,"drop-in compatibility; small surface, no large win expected"
Nexus,Bio.Nexus.Trees,count_terminals,Tree.count_terminals,method,public,defined,"(self, node=None)",False,Count the number of terminal nodes that are attached to a node.,parity,"drop-in compatibility; small surface, no large win expected"
Nexus,Bio.Nexus.Trees,collapse_genera,Tree.collapse_genera,method,public,defined,"(self, space_equals_underscore=True)",False,Collapse all subtrees which belong to the same genus.,parity,"drop-in compatibility; small surface, no large win expected"
Nexus,Bio.Nexus.Trees,sum_branchlength,Tree.sum_branchlength,method,public,defined,"(self, root=None, node=None)",False,Add up the branchlengths from root (default self.root) to node.,parity,"drop-in compatibility; small surface, no large win expected"
Nexus,Bio.Nexus.Trees,set_subtree,Tree.set_subtree,method,public,defined,"(self, node)",False,Return subtree as a set of nested sets.,parity,"drop-in compatibility; small surface, no large win expected"
Nexus,Bio.Nexus.Trees,is_identical,Tree.is_identical,method,public,defined,"(self, tree2)",False,Compare tree and tree2 for identity.,parity,"drop-in compatibility; small surface, no large win expected"
Nexus,Bio.Nexus.Trees,is_compatible,Tree.is_compatible,method,public,defined,"(self, tree2, threshold, strict=True)",False,Compare branches with support>threshold for compatibility.,parity,"drop-in compatibility; small surface, no large win expected"
Nexus,Bio.Nexus.Trees,common_ancestor,Tree.common_ancestor,method,public,defined,"(self, node1, node2)",False,Return the common ancestor that connects two nodes.,parity,"drop-in compatibility; small surface, no large win expected"
Nexus,Bio.Nexus.Trees,distance,Tree.distance,method,public,defined,"(self, node1, node2)",False,Add and return the sum of the branchlengths between two nodes.,parity,"drop-in compatibility; small surface, no large win expected"
Nexus,Bio.Nexus.Trees,is_monophyletic,Tree.is_monophyletic,method,public,defined,"(self, taxon_list)",False,"Return node_id of common ancestor if taxon_list is monophyletic, -1 otherwise.",parity,"drop-in compatibility; small surface, no large win expected"
Nexus,Bio.Nexus.Trees,is_bifurcating,Tree.is_bifurcating,method,public,defined,"(self, node=None)",False,Return True if tree downstream of node is strictly bifurcating.,parity,"drop-in compatibility; small surface, no large win expected"
Nexus,Bio.Nexus.Trees,branchlength2support,Tree.branchlength2support,method,public,defined,(self),False,"Move values stored in data.branchlength to data.support, and set branchlength to 0.0.",parity,"drop-in compatibility; small surface, no large win expected"
Nexus,Bio.Nexus.Trees,convert_absolute_support,Tree.convert_absolute_support,method,public,defined,"(self, nrep)",False,Convert absolute support (clade-count) to rel. frequencies.,parity,"drop-in compatibility; small surface, no large win expected"
Nexus,Bio.Nexus.Trees,has_support,Tree.has_support,method,public,defined,"(self, node=None)",False,Return True if any of the nodes has data.support != None.,parity,"drop-in compatibility; small surface, no large win expected"
Nexus,Bio.Nexus.Trees,randomize,Tree.randomize,method,public,defined,"(self, ntax=None, taxon_list=None, branchlength=1.0, branchlength_sd=None, bifurcate=True)",False,Generate a random tree with ntax taxa and/or taxa from taxlabels.,parity,"drop-in compatibility; small surface, no large win expected"
Nexus,Bio.Nexus.Trees,display,Tree.display,method,public,defined,(self),False,Quick and dirty lists of all nodes.,parity,"drop-in compatibility; small surface, no large win expected"
Nexus,Bio.Nexus.Trees,to_string,Tree.to_string,method,public,defined,"(self, support_as_branchlengths=False, branchlengths_only=False, plain=True, plain_newick=False, ladderize=None, ignore_comments=True)",False,Return a paup compatible tree line.,parity,"drop-in compatibility; small surface, no large win expected"
Nexus,Bio.Nexus.Trees,unroot,Tree.unroot,method,public,defined,(self),False,"Define a unrooted Tree structure, using data of a rooted Tree.",parity,"drop-in compatibility; small surface, no large win expected"
Nexus,Bio.Nexus.Trees,root_with_outgroup,Tree.root_with_outgroup,method,public,defined,"(self, outgroup=None)",False,Define a tree's root with a reference group outgroup.,parity,"drop-in compatibility; small surface, no large win expected"
Nexus,Bio.Nexus.Trees,merge_with_support,Tree.merge_with_support,method,public,defined,"(self, bstrees=None, constree=None, threshold=0.5, outgroup=None)",False,Merge clade support (from consensus or list of bootstrap-trees) with phylogeny.,parity,"drop-in compatibility; small surface, no large win expected"
Nexus,Bio.Nexus.Trees,consensus,consensus,function,public,defined,"(trees, threshold=0.5, outgroup=None)",False,Compute a majority rule consensus tree of all clades with relative frequency>=threshold from a list of trees.,parity,"drop-in compatibility; small surface, no large win expected"
Nexus,Bio.Nexus.cnexus,scanfile,scanfile,function,public,defined,,False,Scan file and deal with comments and quotes.,skip,"already implemented in C upstream -- reuse, do not rewrite"
PDB,Bio.PDB.AbstractPropertyMap,AbstractPropertyMap,AbstractPropertyMap,class,public,defined,,False,"Define base class, map holder of residue properties.",parity,"drop-in compatibility; small surface, no large win expected"
PDB,Bio.PDB.AbstractPropertyMap,keys,AbstractPropertyMap.keys,method,public,defined,(self),False,Return the list of residues.,parity,"drop-in compatibility; small surface, no large win expected"
PDB,Bio.PDB.AbstractPropertyMap,AbstractResiduePropertyMap,AbstractResiduePropertyMap,class,public,defined,,False,Define class for residue properties map.,parity,"drop-in compatibility; small surface, no large win expected"
PDB,Bio.PDB.AbstractPropertyMap,AbstractAtomPropertyMap,AbstractAtomPropertyMap,class,public,defined,,False,Define class for atom properties map.,parity,"drop-in compatibility; small surface, no large win expected"
PDB,Bio.PDB.Atom,Atom,Atom,class,public,defined,,False,Define Atom class.,perf,"hot path: measured or structural speed gap, kernel candidate"
PDB,Bio.PDB.Atom,strictly_equals,Atom.strictly_equals,method,public,defined,"(self: ~_AtomT, other: ~_AtomT, compare_coordinates: bool = False) -> bool",False,Compare this atom to the other atom using a strict definition of equality.,perf,"hot path: measured or structural speed gap, kernel candidate"
PDB,Bio.PDB.Atom,set_serial_number,Atom.set_serial_number,method,public,defined,"(self, n)",False,Set serial number.,perf,"hot path: measured or structural speed gap, kernel candidate"
PDB,Bio.PDB.Atom,set_bfactor,Atom.set_bfactor,method,public,defined,"(self, bfactor: float | None)",False,Set isotroptic B factor.,perf,"hot path: measured or structural speed gap, kernel candidate"
PDB,Bio.PDB.Atom,set_coord,Atom.set_coord,method,public,defined,"(self, coord: numpy.ndarray)",False,Set coordinates.,perf,"hot path: measured or structural speed gap, kernel candidate"
PDB,Bio.PDB.Atom,set_altloc,Atom.set_altloc,method,public,defined,"(self, altloc: str)",False,Set alternative location specifier.,perf,"hot path: measured or structural speed gap, kernel candidate"
PDB,Bio.PDB.Atom,set_occupancy,Atom.set_occupancy,method,public,defined,"(self, occupancy: float | None)",False,Set occupancy.,perf,"hot path: measured or structural speed gap, kernel candidate"
PDB,Bio.PDB.Atom,set_sigatm,Atom.set_sigatm,method,public,defined,"(self, sigatm_array: numpy.ndarray | None)",False,Set standard deviation of atomic parameters.,perf,"hot path: measured or structural speed gap, kernel candidate"
PDB,Bio.PDB.Atom,set_siguij,Atom.set_siguij,method,public,defined,"(self, siguij_array: numpy.ndarray | None)",False,Set standard deviations of anisotropic temperature factors.,perf,"hot path: measured or structural speed gap, kernel candidate"
PDB,Bio.PDB.Atom,set_anisou,Atom.set_anisou,method,public,defined,"(self, anisou_array: numpy.ndarray | None)",False,Set anisotropic B factor.,perf,"hot path: measured or structural speed gap, kernel candidate"
PDB,Bio.PDB.Atom,set_charge,Atom.set_charge,method,public,defined,"(self, pqr_charge: float | None)",False,Set charge.,perf,"hot path: measured or structural speed gap, kernel candidate"
PDB,Bio.PDB.Atom,set_radius,Atom.set_radius,method,public,defined,"(self, radius: float | None)",False,Set radius.,perf,"hot path: measured or structural speed gap, kernel candidate"
PDB,Bio.PDB.Atom,flag_disorder,Atom.flag_disorder,method,public,defined,(self),False,Set the disordered flag to 1.,perf,"hot path: measured or structural speed gap, kernel candidate"
PDB,Bio.PDB.Atom,is_disordered,Atom.is_disordered,method,public,defined,(self) -> int,False,"Return the disordered flag (1 if disordered, 0 otherwise).",perf,"hot path: measured or structural speed gap, kernel candidate"
PDB,Bio.PDB.Atom,set_parent,Atom.set_parent,method,public,defined,"(self, parent)",False,Set the parent residue.,perf,"hot path: measured or structural speed gap, kernel candidate"
PDB,Bio.PDB.Atom,detach_parent,Atom.detach_parent,method,public,defined,(self),False,Remove reference to parent.,perf,"hot path: measured or structural speed gap, kernel candidate"
PDB,Bio.PDB.Atom,get_sigatm,Atom.get_sigatm,method,public,defined,(self) -> numpy.ndarray | None,False,Return standard deviation of atomic parameters.,perf,"hot path: measured or structural speed gap, kernel candidate"
PDB,Bio.PDB.Atom,get_siguij,Atom.get_siguij,method,public,defined,(self) -> numpy.ndarray | None,False,Return standard deviations of anisotropic temperature factors.,perf,"hot path: measured or structural speed gap, kernel candidate"
PDB,Bio.PDB.Atom,get_anisou,Atom.get_anisou,method,public,defined,(self) -> numpy.ndarray | None,False,Return anisotropic B factor.,perf,"hot path: measured or structural speed gap, kernel candidate"
PDB,Bio.PDB.Atom,get_parent,Atom.get_parent,method,public,defined,(self) -> Bio.PDB.Residue.Residue | None,False,Return parent residue.,perf,"hot path: measured or structural speed gap, kernel candidate"
PDB,Bio.PDB.Atom,get_serial_number,Atom.get_serial_number,method,public,defined,(self),False,Return the serial number.,perf,"hot path: measured or structural speed gap, kernel candidate"
PDB,Bio.PDB.Atom,get_name,Atom.get_name,method,public,defined,(self) -> str,False,Return atom name.,perf,"hot path: measured or structural speed gap, kernel candidate"
PDB,Bio.PDB.Atom,get_id,Atom.get_id,method,public,defined,(self) -> str,False,Return the id of the atom (which is its atom name).,perf,"hot path: measured or structural speed gap, kernel candidate"
PDB,Bio.PDB.Atom,get_full_id,Atom.get_full_id,method,public,defined,(self),False,Return the full id of the atom.,perf,"hot path: measured or structural speed gap, kernel candidate"
PDB,Bio.PDB.Atom,get_coord,Atom.get_coord,method,public,defined,(self) -> numpy.ndarray,False,Return atomic coordinates.,perf,"hot path: measured or structural speed gap, kernel candidate"
PDB,Bio.PDB.Atom,get_bfactor,Atom.get_bfactor,method,public,defined,(self) -> float | None,False,Return B factor.,perf,"hot path: measured or structural speed gap, kernel candidate"
PDB,Bio.PDB.Atom,get_occupancy,Atom.get_occupancy,method,public,defined,(self) -> float | None,False,Return occupancy.,perf,"hot path: measured or structural speed gap, kernel candidate"
PDB,Bio.PDB.Atom,get_fullname,Atom.get_fullname,method,public,defined,(self) -> str,False,"Return the atom name, including leading and trailing spaces.",perf,"hot path: measured or structural speed gap, kernel candidate"
PDB,Bio.PDB.Atom,get_altloc,Atom.get_altloc,method,public,defined,(self) -> str,False,Return alternative location specifier.,perf,"hot path: measured or structural speed gap, kernel candidate"
PDB,Bio.PDB.Atom,get_level,Atom.get_level,method,public,defined,(self) -> str,False,Return level.,perf,"hot path: measured or structural speed gap, kernel candidate"
PDB,Bio.PDB.Atom,get_charge,Atom.get_charge,method,public,defined,(self) -> float | None,False,Return charge.,perf,"hot path: measured or structural speed gap, kernel candidate"
PDB,Bio.PDB.Atom,get_radius,Atom.get_radius,method,public,defined,(self) -> float | None,False,Return radius.,perf,"hot path: measured or structural speed gap, kernel candidate"
PDB,Bio.PDB.Atom,transform,Atom.transform,method,public,defined,"(self, rot: numpy.ndarray, tran: numpy.ndarray)",False,Apply rotation and translation to the atomic coordinates.,perf,"hot path: measured or structural speed gap, kernel candidate"
PDB,Bio.PDB.Atom,get_vector,Atom.get_vector,method,public,defined,(self) -> Bio.PDB.vectors.Vector,False,Return coordinates as Vector.,perf,"hot path: measured or structural speed gap, kernel candidate"
PDB,Bio.PDB.Atom,copy,Atom.copy,method,public,defined,(self),False,Create a copy of the Atom.,perf,"hot path: measured or structural speed gap, kernel candidate"
PDB,Bio.PDB.Atom,DisorderedAtom,DisorderedAtom,class,public,defined,,False,Contains all Atom objects that represent the same disordered atom.,perf,"hot path: measured or structural speed gap, kernel candidate"
PDB,Bio.PDB.Atom,center_of_mass,DisorderedAtom.center_of_mass,method,public,defined,(self),False,Return the center of mass of the DisorderedAtom as a numpy array.,perf,"hot path: measured or structural speed gap, kernel candidate"
PDB,Bio.PDB.Atom,disordered_get_list,DisorderedAtom.disordered_get_list,method,public,defined,(self) -> list[Bio.PDB.Atom.Atom],False,Return list of atom instances.,perf,"hot path: measured or structural speed gap, kernel candidate"
PDB,Bio.PDB.Atom,disordered_add,DisorderedAtom.disordered_add,method,public,defined,"(self, atom)",False,Add a disordered atom.,perf,"hot path: measured or structural speed gap, kernel candidate"
PDB,Bio.PDB.Atom,disordered_remove,DisorderedAtom.disordered_remove,method,public,defined,"(self, altloc: str)",False,Remove a child atom altloc from the DisorderedAtom.,perf,"hot path: measured or structural speed gap, kernel candidate"
PDB,Bio.PDB.Atom,transform,DisorderedAtom.transform,method,public,defined,"(self, rot: numpy.ndarray, tran: numpy.ndarray)",False,Apply rotation and translation to all children.,perf,"hot path: measured or structural speed gap, kernel candidate"
PDB,Bio.PDB.Chain,Chain,Chain,class,public,defined,,False,Define Chain class.,perf,"hot path: measured or structural speed gap, kernel candidate"
PDB,Bio.PDB.Chain,get_unpacked_list,Chain.get_unpacked_list,method,public,defined,(self),False,Return a list of undisordered residues.,perf,"hot path: measured or structural speed gap, kernel candidate"
PDB,Bio.PDB.Chain,has_id,Chain.has_id,method,public,defined,"(self, id)",False,Return 1 if a residue with given id is present.,perf,"hot path: measured or structural speed gap, kernel candidate"
PDB,Bio.PDB.Chain,get_residues,Chain.get_residues,method,public,defined,(self),False,Return residues.,perf,"hot path: measured or structural speed gap, kernel candidate"
PDB,Bio.PDB.Chain,get_atoms,Chain.get_atoms,method,public,defined,(self),False,Return atoms from residues.,perf,"hot path: measured or structural speed gap, kernel candidate"
PDB,Bio.PDB.Chain,atom_to_internal_coordinates,Chain.atom_to_internal_coordinates,method,public,defined,"(self, verbose: bool = False) -> None",False,"Create/update internal coordinates from Atom X,Y,Z coordinates.",perf,"hot path: measured or structural speed gap, kernel candidate"
PDB,Bio.PDB.Chain,internal_to_atom_coordinates,Chain.internal_to_atom_coordinates,method,public,defined,"(self, verbose: bool = False, start: int | None = None, fin: int | None = None)",False,Create/update atom coordinates from internal coordinates.,perf,"hot path: measured or structural speed gap, kernel candidate"
PDB,Bio.PDB.DSSP,version,version,function,public,defined,(version_string),False,Parse semantic version scheme for easy comparison.,parity,"drop-in compatibility; small surface, no large win expected"
PDB,Bio.PDB.DSSP,ss_to_index,ss_to_index,function,public,defined,(ss),False,Secondary structure symbol to index.,parity,"drop-in compatibility; small surface, no large win expected"
PDB,Bio.PDB.DSSP,dssp_dict_from_pdb_file,dssp_dict_from_pdb_file,function,public,defined,"(in_file, DSSP='dssp', dssp_version='3.9.9')",False,Create a DSSP dictionary from a PDB file.,skip,launches an external program
PDB,Bio.PDB.DSSP,make_dssp_dict,make_dssp_dict,function,public,defined,(filename),False,DSSP dictionary mapping identifiers to properties.,parity,"drop-in compatibility; small surface, no large win expected"
PDB,Bio.PDB.DSSP,DSSP,DSSP,class,public,defined,,False,Run DSSP and parse secondary structure and accessibility.,skip,launches an external program
PDB,Bio.PDB.Dice,ChainSelector,ChainSelector,class,public,defined,,False,"Only accepts residues with right chainid, between start and end.",parity,"drop-in compatibility; small surface, no large win expected"
PDB,Bio.PDB.Dice,accept_model,ChainSelector.accept_model,method,public,defined,"(self, model)",False,Verify if model match the model identifier.,parity,"drop-in compatibility; small surface, no large win expected"
PDB,Bio.PDB.Dice,accept_chain,ChainSelector.accept_chain,method,public,defined,"(self, chain)",False,Verify if chain match chain identifier.,parity,"drop-in compatibility; small surface, no large win expected"
PDB,Bio.PDB.Dice,accept_residue,ChainSelector.accept_residue,method,public,defined,"(self, residue)",False,Verify if a residue sequence is between the start and end sequence.,parity,"drop-in compatibility; small surface, no large win expected"
PDB,Bio.PDB.Dice,accept_atom,ChainSelector.accept_atom,method,public,defined,"(self, atom)",False,Verify if atoms are not Hydrogen.,parity,"drop-in compatibility; small surface, no large win expected"
PDB,Bio.PDB.Dice,extract,extract,function,public,defined,"(structure, chain_id, start, end, filename)",False,Write out selected portion to filename.,parity,"drop-in compatibility; small surface, no large win expected"
PDB,Bio.PDB.Entity,Entity,Entity,class,public,defined,,False,Basic container object for PDB hierarchy.,perf,"hot path: measured or structural speed gap, kernel candidate"
PDB,Bio.PDB.Entity,id,Entity.id,property,public,defined,(property),False,Return identifier.,perf,"hot path: measured or structural speed gap, kernel candidate"
PDB,Bio.PDB.Entity,strictly_equals,Entity.strictly_equals,method,public,defined,"(self: ~_Self, other: ~_Self, compare_coordinates: bool = False) -> bool",False,Compare this entity to the other entity for equality.,perf,"hot path: measured or structural speed gap, kernel candidate"
PDB,Bio.PDB.Entity,get_level,Entity.get_level,method,public,defined,(self),False,Return level in hierarchy.,perf,"hot path: measured or structural speed gap, kernel candidate"
PDB,Bio.PDB.Entity,set_parent,Entity.set_parent,method,public,defined,"(self, entity: ~_Parent)",False,Set the parent Entity object.,perf,"hot path: measured or structural speed gap, kernel candidate"
PDB,Bio.PDB.Entity,detach_parent,Entity.detach_parent,method,public,defined,(self),False,Detach the parent.,perf,"hot path: measured or structural speed gap, kernel candidate"
PDB,Bio.PDB.Entity,detach_child,Entity.detach_child,method,public,defined,"(self, id)",False,Remove a child.,perf,"hot path: measured or structural speed gap, kernel candidate"
PDB,Bio.PDB.Entity,add,Entity.add,method,public,defined,"(self, entity: ~_Child)",False,Add a child to the Entity.,perf,"hot path: measured or structural speed gap, kernel candidate"
PDB,Bio.PDB.Entity,insert,Entity.insert,method,public,defined,"(self, pos: int, entity: ~_Child)",False,Add a child to the Entity at a specified position.,perf,"hot path: measured or structural speed gap, kernel candidate"
PDB,Bio.PDB.Entity,get_iterator,Entity.get_iterator,method,public,defined,(self),False,Return iterator over children.,perf,"hot path: measured or structural speed gap, kernel candidate"
PDB,Bio.PDB.Entity,get_list,Entity.get_list,method,public,defined,(self),False,Return a copy of the list of children.,perf,"hot path: measured or structural speed gap, kernel candidate"
PDB,Bio.PDB.Entity,has_id,Entity.has_id,method,public,defined,"(self, id)",False,Check if a child with given id exists.,perf,"hot path: measured or structural speed gap, kernel candidate"
PDB,Bio.PDB.Entity,get_parent,Entity.get_parent,method,public,defined,(self),False,Return the parent Entity object.,perf,"hot path: measured or structural speed gap, kernel candidate"
PDB,Bio.PDB.Entity,get_id,Entity.get_id,method,public,defined,(self),False,Return the id.,perf,"hot path: measured or structural speed gap, kernel candidate"
PDB,Bio.PDB.Entity,get_full_id,Entity.get_full_id,method,public,defined,(self),False,Return the full id.,perf,"hot path: measured or structural speed gap, kernel candidate"
PDB,Bio.PDB.Entity,transform,Entity.transform,method,public,defined,"(self, rot, tran)",False,Apply rotation and translation to the atomic coordinates.,perf,"hot path: measured or structural speed gap, kernel candidate"
PDB,Bio.PDB.Entity,center_of_mass,Entity.center_of_mass,method,public,defined,"(self, geometric=False)",False,Return the center of mass of the Entity as a numpy array.,perf,"hot path: measured or structural speed gap, kernel candidate"
PDB,Bio.PDB.Entity,copy,Entity.copy,method,public,defined,(self),False,Copy entity recursively.,perf,"hot path: measured or structural speed gap, kernel candidate"
PDB,Bio.PDB.Entity,DisorderedEntityWrapper,DisorderedEntityWrapper,class,public,defined,,False,Wrapper class to group equivalent Entities.,perf,"hot path: measured or structural speed gap, kernel candidate"
PDB,Bio.PDB.Entity,copy,DisorderedEntityWrapper.copy,method,public,defined,(self),False,Copy disorderd entity recursively.,perf,"hot path: measured or structural speed gap, kernel candidate"
PDB,Bio.PDB.Entity,get_id,DisorderedEntityWrapper.get_id,method,public,defined,(self),False,Return the id.,perf,"hot path: measured or structural speed gap, kernel candidate"
PDB,Bio.PDB.Entity,strictly_equals,DisorderedEntityWrapper.strictly_equals,method,public,defined,"(self, other: 'DisorderedEntityWrapper', compare_coordinates: bool = False) -> bool",False,Compare this entity to the other entity using a strict definition of equality.,perf,"hot path: measured or structural speed gap, kernel candidate"
PDB,Bio.PDB.Entity,disordered_has_id,DisorderedEntityWrapper.disordered_has_id,method,public,defined,"(self, id)",False,Check if there is an object present associated with this id.,perf,"hot path: measured or structural speed gap, kernel candidate"
PDB,Bio.PDB.Entity,detach_parent,DisorderedEntityWrapper.detach_parent,method,public,defined,(self),False,Detach the parent.,perf,"hot path: measured or structural speed gap, kernel candidate"
PDB,Bio.PDB.Entity,get_parent,DisorderedEntityWrapper.get_parent,method,public,defined,(self),False,Return parent.,perf,"hot path: measured or structural speed gap, kernel candidate"
PDB,Bio.PDB.Entity,set_parent,DisorderedEntityWrapper.set_parent,method,public,defined,"(self, parent)",False,Set the parent for the object and its children.,perf,"hot path: measured or structural speed gap, kernel candidate"
PDB,Bio.PDB.Entity,disordered_select,DisorderedEntityWrapper.disordered_select,method,public,defined,"(self, id)",False,Select the object with given id as the currently active object.,perf,"hot path: measured or structural speed gap, kernel candidate"
PDB,Bio.PDB.Entity,disordered_add,DisorderedEntityWrapper.disordered_add,method,public,defined,"(self, child)",False,Add disordered entry.,perf,"hot path: measured or structural speed gap, kernel candidate"
PDB,Bio.PDB.Entity,disordered_remove,DisorderedEntityWrapper.disordered_remove,method,public,defined,"(self, child)",False,Remove disordered entry.,perf,"hot path: measured or structural speed gap, kernel candidate"
PDB,Bio.PDB.Entity,is_disordered,DisorderedEntityWrapper.is_disordered,method,public,defined,(self),False,"Return 2, indicating that this Entity is a collection of Entities.",perf,"hot path: measured or structural speed gap, kernel candidate"
PDB,Bio.PDB.Entity,disordered_get_id_list,DisorderedEntityWrapper.disordered_get_id_list,method,public,defined,(self),False,Return a list of id's.,perf,"hot path: measured or structural speed gap, kernel candidate"
PDB,Bio.PDB.Entity,disordered_get,DisorderedEntityWrapper.disordered_get,method,public,defined,"(self, id=None)",False,Get the child object associated with id.,perf,"hot path: measured or structural speed gap, kernel candidate"
PDB,Bio.PDB.Entity,disordered_get_list,DisorderedEntityWrapper.disordered_get_list,method,public,defined,(self),False,Return list of children.,perf,"hot path: measured or structural speed gap, kernel candidate"
PDB,Bio.PDB.FragmentMapper,Fragment,Fragment,class,public,defined,,False,Represent a polypeptide C-alpha fragment.,parity,"drop-in compatibility; small surface, no large win expected"
PDB,Bio.PDB.FragmentMapper,get_resname_list,Fragment.get_resname_list,method,public,defined,(self),False,Get residue list.,parity,"drop-in compatibility; small surface, no large win expected"
PDB,Bio.PDB.FragmentMapper,get_id,Fragment.get_id,method,public,defined,(self),False,Get identifier for the fragment.,parity,"drop-in compatibility; small surface, no large win expected"
PDB,Bio.PDB.FragmentMapper,get_coords,Fragment.get_coords,method,public,defined,(self),False,Get the CA coordinates in the fragment.,parity,"drop-in compatibility; small surface, no large win expected"
PDB,Bio.PDB.FragmentMapper,add_residue,Fragment.add_residue,method,public,defined,"(self, resname, ca_coord)",False,Add a residue.,parity,"drop-in compatibility; small surface, no large win expected"
PDB,Bio.PDB.FragmentMapper,FragmentMapper,FragmentMapper,class,public,defined,,False,Map polypeptides in a model to lists of representative fragments.,parity,"drop-in compatibility; small surface, no large win expected"
PDB,Bio.PDB.HSExposure,HSExposureCA,HSExposureCA,class,public,defined,,False,Class to calculate HSE based on the approximate CA-CB vectors.,perf,"hot path: measured or structural speed gap, kernel candidate"
PDB,Bio.PDB.HSExposure,pcb_vectors_pymol,HSExposureCA.pcb_vectors_pymol,method,public,defined,"(self, filename='hs_exp.py')",False,Write PyMol script for visualization.,perf,"hot path: measured or structural speed gap, kernel candidate"
PDB,Bio.PDB.HSExposure,HSExposureCB,HSExposureCB,class,public,defined,,False,Class to calculate HSE based on the real CA-CB vectors.,perf,"hot path: measured or structural speed gap, kernel candidate"
PDB,Bio.PDB.HSExposure,ExposureCN,ExposureCN,class,public,defined,,False,Residue exposure as number of CA atoms around its CA atom.,perf,"hot path: measured or structural speed gap, kernel candidate"
PDB,Bio.PDB.MMCIF2Dict,MMCIF2Dict,MMCIF2Dict,class,public,defined,,False,Parse a mmCIF file and return a dictionary.,perf,"hot path: measured or structural speed gap, kernel candidate"
PDB,Bio.PDB.MMCIFParser,MMCIFParser,MMCIFParser,class,public,defined,,False,Parse a mmCIF file and return a Structure object.,perf,"hot path: measured or structural speed gap, kernel candidate"
PDB,Bio.PDB.MMCIFParser,get_structure,MMCIFParser.get_structure,method,public,defined,"(self, structure_id, filename)",False,Return the structure.,perf,"hot path: measured or structural speed gap, kernel candidate"
PDB,Bio.PDB.MMCIFParser,FastMMCIFParser,FastMMCIFParser,class,public,defined,,False,Parse an MMCIF file and return a Structure object.,perf,"hot path: measured or structural speed gap, kernel candidate"
PDB,Bio.PDB.MMCIFParser,get_structure,FastMMCIFParser.get_structure,method,public,defined,"(self, structure_id, filename)",False,Return the structure.,perf,"hot path: measured or structural speed gap, kernel candidate"
PDB,Bio.PDB.Model,Model,Model,class,public,defined,,False,The object representing a model in a structure.,perf,"hot path: measured or structural speed gap, kernel candidate"
PDB,Bio.PDB.Model,get_chains,Model.get_chains,method,public,defined,(self),False,Return chains.,perf,"hot path: measured or structural speed gap, kernel candidate"
PDB,Bio.PDB.Model,get_residues,Model.get_residues,method,public,defined,(self),False,Return residues.,perf,"hot path: measured or structural speed gap, kernel candidate"
PDB,Bio.PDB.Model,get_atoms,Model.get_atoms,method,public,defined,(self),False,Return atoms.,perf,"hot path: measured or structural speed gap, kernel candidate"
PDB,Bio.PDB.Model,atom_to_internal_coordinates,Model.atom_to_internal_coordinates,method,public,defined,"(self, verbose: bool = False) -> None",False,"Create/update internal coordinates from Atom X,Y,Z coordinates.",perf,"hot path: measured or structural speed gap, kernel candidate"
PDB,Bio.PDB.Model,internal_to_atom_coordinates,Model.internal_to_atom_coordinates,method,public,defined,"(self, verbose: bool = False) -> None",False,Create/update atom coordinates from internal coordinates.,perf,"hot path: measured or structural speed gap, kernel candidate"
PDB,Bio.PDB.NACCESS,run_naccess,run_naccess,function,public,defined,"(model, pdb_file, probe_size=None, z_slice=None, naccess='naccess', temp_path='/tmp/')",False,Run naccess for a pdb file.,skip,launches an external program
PDB,Bio.PDB.NACCESS,process_rsa_data,process_rsa_data,function,public,defined,(rsa_data),False,Process the .rsa output file: residue level SASA data.,parity,"drop-in compatibility; small surface, no large win expected"
PDB,Bio.PDB.NACCESS,process_asa_data,process_asa_data,function,public,defined,(rsa_data),False,Process the .asa output file: atomic level SASA data.,parity,"drop-in compatibility; small surface, no large win expected"
PDB,Bio.PDB.NACCESS,NACCESS,NACCESS,class,public,defined,,False,Define NACCESS class for residue properties map.,skip,launches an external program
PDB,Bio.PDB.NACCESS,NACCESS_atomic,NACCESS_atomic,class,public,defined,,False,Define NACCESS atomic class for atom properties map.,skip,launches an external program
PDB,Bio.PDB.NeighborSearch,NeighborSearch,NeighborSearch,class,public,defined,,False,Class for neighbor searching.,perf,"hot path: measured or structural speed gap, kernel candidate"
PDB,Bio.PDB.NeighborSearch,search,NeighborSearch.search,method,public,defined,"(self, center, radius, level='A')",False,Neighbor search.,perf,"hot path: measured or structural speed gap, kernel candidate"
PDB,Bio.PDB.NeighborSearch,search_all,NeighborSearch.search_all,method,public,defined,"(self, radius, level='A')",False,All neighbor search.,perf,"hot path: measured or structural speed gap, kernel candidate"
PDB,Bio.PDB.PDBExceptions,PDBException,PDBException,exception,public,defined,,False,Define class PDBException.,parity,"drop-in compatibility; small surface, no large win expected"
PDB,Bio.PDB.PDBExceptions,PDBConstructionException,PDBConstructionException,exception,public,defined,,False,Define class PDBConstructionException.,parity,"drop-in compatibility; small surface, no large win expected"
PDB,Bio.PDB.PDBExceptions,PDBConstructionWarning,PDBConstructionWarning,exception,public,defined,,False,Define class PDBConstructionWarning.,parity,"drop-in compatibility; small surface, no large win expected"
PDB,Bio.PDB.PDBExceptions,PDBIOException,PDBIOException,exception,public,defined,,False,Define class PDBIOException.,parity,"drop-in compatibility; small surface, no large win expected"
PDB,Bio.PDB.PDBExceptions,PDBIOWarning,PDBIOWarning,exception,public,defined,,False,Define class PDBIOWarning.,parity,"drop-in compatibility; small surface, no large win expected"
PDB,Bio.PDB.PDBIO,Select,Select,class,public,defined,,False,Select everything for PDB output (for use as a base class).,parity,"drop-in compatibility; small surface, no large win expected"
PDB,Bio.PDB.PDBIO,accept_model,Select.accept_model,method,public,defined,"(self, model)",False,Overload this to reject models for output.,parity,"drop-in compatibility; small surface, no large win expected"
PDB,Bio.PDB.PDBIO,accept_chain,Select.accept_chain,method,public,defined,"(self, chain)",False,Overload this to reject chains for output.,parity,"drop-in compatibility; small surface, no large win expected"
PDB,Bio.PDB.PDBIO,accept_residue,Select.accept_residue,method,public,defined,"(self, residue)",False,Overload this to reject residues for output.,parity,"drop-in compatibility; small surface, no large win expected"
PDB,Bio.PDB.PDBIO,accept_atom,Select.accept_atom,method,public,defined,"(self, atom)",False,Overload this to reject atoms for output.,parity,"drop-in compatibility; small surface, no large win expected"
PDB,Bio.PDB.PDBIO,StructureIO,StructureIO,class,public,defined,,False,Base class to derive structure file format writers from.,parity,"drop-in compatibility; small surface, no large win expected"
PDB,Bio.PDB.PDBIO,set_structure,StructureIO.set_structure,method,public,defined,"(self, pdb_object)",False,Check what the user is providing and build a structure.,parity,"drop-in compatibility; small surface, no large win expected"
PDB,Bio.PDB.PDBIO,PDBIO,PDBIO,class,public,defined,,False,Write a Structure object (or a subset of a Structure object) as a PDB or PQR file.,parity,"drop-in compatibility; small surface, no large win expected"
PDB,Bio.PDB.PDBIO,save,PDBIO.save,method,public,defined,"(self, file, select=<Select all>, write_end=True, preserve_atom_numbering=False)",False,Save structure to a file.,parity,"drop-in compatibility; small surface, no large win expected"
PDB,Bio.PDB.PDBList,PDBList,PDBList,class,public,defined,,False,Quick access to the structure lists on the PDB or its mirrors.,skip,"network transport: an HTTP request, nothing for C to speed up"
PDB,Bio.PDB.PDBList,get_status_list,PDBList.get_status_list,staticmethod,public,defined,(url),False,Retrieve a list of pdb codes in the weekly pdb status file from given URL.,skip,"network transport: an HTTP request, nothing for C to speed up"
PDB,Bio.PDB.PDBList,get_recent_changes,PDBList.get_recent_changes,method,public,defined,(self),False,"Return three lists of the newest weekly files (added,mod,obsolete).",skip,"network transport: an HTTP request, nothing for C to speed up"
PDB,Bio.PDB.PDBList,get_all_entries,PDBList.get_all_entries,method,public,defined,(self),False,Retrieve the big file containing all the PDB entries and some annotation.,skip,"network transport: an HTTP request, nothing for C to speed up"
PDB,Bio.PDB.PDBList,get_all_obsolete,PDBList.get_all_obsolete,method,public,defined,(self),False,Return a list of all obsolete entries ever in the PDB.,skip,"network transport: an HTTP request, nothing for C to speed up"
PDB,Bio.PDB.PDBList,retrieve_pdb_file,PDBList.retrieve_pdb_file,method,public,defined,"(self, pdb_code, obsolete=False, pdir=None, file_format=None, overwrite=False)",False,"Fetch PDB structure file from PDB server, and store it locally.",skip,"network transport: an HTTP request, nothing for C to speed up"
PDB,Bio.PDB.PDBList,update_pdb,PDBList.update_pdb,method,public,defined,"(self, file_format=None, with_assemblies=False)",False,Update your local copy of the PDB files.,skip,"network transport: an HTTP request, nothing for C to speed up"
PDB,Bio.PDB.PDBList,download_pdb_files,PDBList.download_pdb_files,method,public,defined,"(self, pdb_codes: list[str], obsolete: bool = False, pdir: str | None = None, file_format: str | None = None, overwrite: bool = False, max_num_threads: int | None = None)",False,Fetch set of PDB structure files from the PDB server and store them locally.,skip,"network transport: an HTTP request, nothing for C to speed up"
PDB,Bio.PDB.PDBList,get_all_assemblies,PDBList.get_all_assemblies,method,public,defined,"(self, file_format: str = '') -> list[tuple[str, str]]",False,Retrieve the list of PDB entries with an associated bio assembly.,skip,"network transport: an HTTP request, nothing for C to speed up"
PDB,Bio.PDB.PDBList,retrieve_assembly_file,PDBList.retrieve_assembly_file,method,public,defined,"(self, pdb_code, assembly_num, pdir=None, file_format=None, overwrite=False)",False,Fetch one or more assembly structures associated with a PDB entry.,skip,"network transport: an HTTP request, nothing for C to speed up"
PDB,Bio.PDB.PDBList,download_all_assemblies,PDBList.download_all_assemblies,method,public,defined,"(self, listfile: str | None = None, file_format: str | None = None, max_num_threads: int | None = None)",False,Retrieve all biological assemblies not in the local PDB copy.,skip,"network transport: an HTTP request, nothing for C to speed up"
PDB,Bio.PDB.PDBList,download_entire_pdb,PDBList.download_entire_pdb,method,public,defined,"(self, listfile: str | None = None, file_format: str | None = None, max_num_threads: int | None = None)",False,Retrieve all PDB entries not present in the local PDB copy.,skip,"network transport: an HTTP request, nothing for C to speed up"
PDB,Bio.PDB.PDBList,download_obsolete_entries,PDBList.download_obsolete_entries,method,public,defined,"(self, listfile: str | None = None, file_format: str | None = None, max_num_threads: int | None = None)",False,Retrieve all obsolete PDB entries not present in local obsolete PDB copy.,skip,"network transport: an HTTP request, nothing for C to speed up"
PDB,Bio.PDB.PDBList,get_seqres_file,PDBList.get_seqres_file,method,public,defined,"(self, savefile='pdb_seqres.txt')",False,Retrieve and save a (big) file containing all the sequences of PDB entries.,skip,"network transport: an HTTP request, nothing for C to speed up"
PDB,Bio.PDB.PDBMLParser,PDBMLParser,PDBMLParser,class,public,defined,,False,A parser for PDBML (PDB XML) files. See https://pdbml.wwpdb.org/.,perf,"hot path: measured or structural speed gap, kernel candidate"
PDB,Bio.PDB.PDBMLParser,get_structure,PDBMLParser.get_structure,method,public,defined,"(self, source: int | str | bytes | os.PathLike | typing.TextIO) -> Bio.PDB.Structure.Structure",False,Parse and return the PDB structure from XML source.,perf,"hot path: measured or structural speed gap, kernel candidate"
PDB,Bio.PDB.PDBParser,PDBParser,PDBParser,class,public,defined,,False,Parse a PDB file and return a Structure object.,perf,"hot path: measured or structural speed gap, kernel candidate"
PDB,Bio.PDB.PDBParser,get_structure,PDBParser.get_structure,method,public,defined,"(self, id, file)",False,Return the structure.,perf,"hot path: measured or structural speed gap, kernel candidate"
PDB,Bio.PDB.PDBParser,get_header,PDBParser.get_header,method,public,defined,(self),False,Return the header.,perf,"hot path: measured or structural speed gap, kernel candidate"
PDB,Bio.PDB.PDBParser,get_trailer,PDBParser.get_trailer,method,public,defined,(self),False,Return the trailer.,perf,"hot path: measured or structural speed gap, kernel candidate"
PDB,Bio.PDB.PICIO,read_PIC,read_PIC,function,public,defined,"(file: <class 'TextIO'>, verbose: bool = False, quick: bool = False, defaults: bool = False) -> Bio.PDB.Structure.Structure",False,Load Protein Internal Coordinate (.pic) data from file.,parity,parses a local file; the fetcher it is filed under lives elsewhere in the package
PDB,Bio.PDB.PICIO,read_PIC_seq,read_PIC_seq,function,public,defined,"(seqRec: 'SeqIO.SeqRecord', pdbid: str = None, title: str = None, chain: str = None) -> Bio.PDB.Structure.Structure",False,Read :class:`.SeqRecord` into Structure with default internal coords.,parity,parses a local file; the fetcher it is filed under lives elsewhere in the package
PDB,Bio.PDB.PICIO,enumerate_atoms,enumerate_atoms,function,public,defined,(entity),False,Ensure all atoms in entity have serial_number set.,parity,parses a local file; the fetcher it is filed under lives elsewhere in the package
PDB,Bio.PDB.PICIO,pdb_date,pdb_date,function,public,defined,(datestr: str) -> str,False,Convert yyyy-mm-dd date to dd-month-yy.,parity,parses a local file; the fetcher it is filed under lives elsewhere in the package
PDB,Bio.PDB.PICIO,write_PIC,write_PIC,function,public,defined,"(entity, file, pdbid=None, chainid=None, picFlags: int = 31744, hCut: float | None = None, pCut: float | None = None)",False,Write Protein Internal Coordinates (PIC) to file.,parity,parses a local file; the fetcher it is filed under lives elsewhere in the package
PDB,Bio.PDB.PSEA,run_psea,run_psea,function,public,defined,"(fname, verbose=False)",False,Run PSEA and return output filename.,skip,launches an external program
PDB,Bio.PDB.PSEA,psea,psea,function,public,defined,(pname),False,Parse PSEA output file.,parity,"drop-in compatibility; small surface, no large win expected"
PDB,Bio.PDB.PSEA,psea2HEC,psea2HEC,function,public,defined,(pseq),False,Translate PSEA secondary structure string into HEC.,parity,"drop-in compatibility; small surface, no large win expected"
PDB,Bio.PDB.PSEA,annotate,annotate,function,public,defined,"(m, ss_seq)",False,Apply secondary structure information to residues in model.,parity,"drop-in compatibility; small surface, no large win expected"
PDB,Bio.PDB.PSEA,PSEA,PSEA,class,public,defined,,False,Define PSEA class.,skip,launches an external program
PDB,Bio.PDB.PSEA,get_seq,PSEA.get_seq,method,public,defined,(self),False,Return secondary structure string.,parity,"drop-in compatibility; small surface, no large win expected"
PDB,Bio.PDB.Polypeptide,index_to_one,index_to_one,function,public,defined,(index),False,Index to corresponding one letter amino acid name.,parity,"drop-in compatibility; small surface, no large win expected"
PDB,Bio.PDB.Polypeptide,one_to_index,one_to_index,function,public,defined,(s),False,One letter code to index.,parity,"drop-in compatibility; small surface, no large win expected"
PDB,Bio.PDB.Polypeptide,index_to_three,index_to_three,function,public,defined,(i),False,Index to corresponding three letter amino acid name.,parity,"drop-in compatibility; small surface, no large win expected"
PDB,Bio.PDB.Polypeptide,three_to_index,three_to_index,function,public,defined,(s),False,Three letter code to index.,parity,"drop-in compatibility; small surface, no large win expected"
PDB,Bio.PDB.Polypeptide,is_aa,is_aa,function,public,defined,"(residue, standard=False)",False,Return True if residue object/string is an amino acid.,parity,"drop-in compatibility; small surface, no large win expected"
PDB,Bio.PDB.Polypeptide,is_nucleic,is_nucleic,function,public,defined,"(residue, standard=False)",False,Return True if residue object/string is a nucleic acid.,parity,"drop-in compatibility; small surface, no large win expected"
PDB,Bio.PDB.Polypeptide,Polypeptide,Polypeptide,class,public,defined,,False,A polypeptide is simply a list of L{Residue} objects.,parity,"drop-in compatibility; small surface, no large win expected"
PDB,Bio.PDB.Polypeptide,get_ca_list,Polypeptide.get_ca_list,method,public,defined,(self),False,Get list of C-alpha atoms in the polypeptide.,parity,"drop-in compatibility; small surface, no large win expected"
PDB,Bio.PDB.Polypeptide,get_phi_psi_list,Polypeptide.get_phi_psi_list,method,public,defined,(self),False,Return the list of phi/psi dihedral angles.,parity,"drop-in compatibility; small surface, no large win expected"
PDB,Bio.PDB.Polypeptide,get_tau_list,Polypeptide.get_tau_list,method,public,defined,(self),False,List of tau torsions angles for all 4 consecutive Calpha atoms.,parity,"drop-in compatibility; small surface, no large win expected"
PDB,Bio.PDB.Polypeptide,get_theta_list,Polypeptide.get_theta_list,method,public,defined,(self),False,List of theta angles for all 3 consecutive Calpha atoms.,parity,"drop-in compatibility; small surface, no large win expected"
PDB,Bio.PDB.Polypeptide,get_sequence,Polypeptide.get_sequence,method,public,defined,(self),False,Return the AA sequence as a Seq object.,parity,"drop-in compatibility; small surface, no large win expected"
PDB,Bio.PDB.Polypeptide,build_peptides,_PPBuilder.build_peptides,method,public,defined,"(self, entity, aa_only=1)",False,Build and return a list of Polypeptide objects.,parity,"drop-in compatibility; small surface, no large win expected"
PDB,Bio.PDB.Polypeptide,CaPPBuilder,CaPPBuilder,class,public,defined,,False,Use CA--CA distance to find polypeptides.,parity,"drop-in compatibility; small surface, no large win expected"
PDB,Bio.PDB.Polypeptide,PPBuilder,PPBuilder,class,public,defined,,False,Use C--N distance to find polypeptides.,parity,"drop-in compatibility; small surface, no large win expected"
PDB,Bio.PDB.Residue,Residue,Residue,class,public,defined,,False,Represents a residue. A Residue object stores atoms.,perf,"hot path: measured or structural speed gap, kernel candidate"
PDB,Bio.PDB.Residue,strictly_equals,Residue.strictly_equals,method,public,defined,"(self: ~_ResidueT, other: ~_ResidueT, compare_coordinates: bool = False) -> bool",False,Compare this residue to the other residue using a strict definition of equality.,perf,"hot path: measured or structural speed gap, kernel candidate"
PDB,Bio.PDB.Residue,add,Residue.add,method,public,defined,"(self, atom)",False,Add an Atom object.,perf,"hot path: measured or structural speed gap, kernel candidate"
PDB,Bio.PDB.Residue,flag_disordered,Residue.flag_disordered,method,public,defined,(self),False,Set the disordered flag.,perf,"hot path: measured or structural speed gap, kernel candidate"
PDB,Bio.PDB.Residue,is_disordered,Residue.is_disordered,method,public,defined,(self),False,Return 1 if the residue contains disordered atoms.,perf,"hot path: measured or structural speed gap, kernel candidate"
PDB,Bio.PDB.Residue,get_resname,Residue.get_resname,method,public,defined,(self),False,Return the residue name.,perf,"hot path: measured or structural speed gap, kernel candidate"
PDB,Bio.PDB.Residue,get_unpacked_list,Residue.get_unpacked_list,method,public,defined,(self),False,"Return the list of all atoms, unpack DisorderedAtoms.",perf,"hot path: measured or structural speed gap, kernel candidate"
PDB,Bio.PDB.Residue,get_segid,Residue.get_segid,method,public,defined,(self),False,Return the segment identifier.,perf,"hot path: measured or structural speed gap, kernel candidate"
PDB,Bio.PDB.Residue,get_atoms,Residue.get_atoms,method,public,defined,(self),False,Return atoms.,perf,"hot path: measured or structural speed gap, kernel candidate"
PDB,Bio.PDB.Residue,DisorderedResidue,DisorderedResidue,class,public,defined,,False,DisorderedResidue is a wrapper around two or more Residue objects.,perf,"hot path: measured or structural speed gap, kernel candidate"
PDB,Bio.PDB.Residue,add,DisorderedResidue.add,method,public,defined,"(self, atom)",False,Add atom to residue.,perf,"hot path: measured or structural speed gap, kernel candidate"
PDB,Bio.PDB.Residue,sort,DisorderedResidue.sort,method,public,defined,(self),False,Sort the atoms in the child Residue objects.,perf,"hot path: measured or structural speed gap, kernel candidate"
PDB,Bio.PDB.Residue,disordered_add,DisorderedResidue.disordered_add,method,public,defined,"(self, residue)",False,Add a residue object and use its resname as key.,perf,"hot path: measured or structural speed gap, kernel candidate"
PDB,Bio.PDB.Residue,disordered_remove,DisorderedResidue.disordered_remove,method,public,defined,"(self, resname)",False,Remove a child residue from the DisorderedResidue.,perf,"hot path: measured or structural speed gap, kernel candidate"
PDB,Bio.PDB.ResidueDepth,get_surface,get_surface,function,public,defined,"(model, MSMS='msms')",False,Represent molecular surface as a vertex list array.,skip,launches an external program
PDB,Bio.PDB.ResidueDepth,min_dist,min_dist,function,public,defined,"(coord, surface)",False,Return minimum distance between coord and surface.,parity,"drop-in compatibility; small surface, no large win expected"
PDB,Bio.PDB.ResidueDepth,residue_depth,residue_depth,function,public,defined,"(residue, surface)",False,Residue depth as average depth of all its atoms.,parity,"drop-in compatibility; small surface, no large win expected"
PDB,Bio.PDB.ResidueDepth,ca_depth,ca_depth,function,public,defined,"(residue, surface)",False,Return CA depth.,parity,"drop-in compatibility; small surface, no large win expected"
PDB,Bio.PDB.ResidueDepth,ResidueDepth,ResidueDepth,class,public,defined,,False,Calculate residue and CA depth for all residues.,skip,launches an external program
PDB,Bio.PDB.SASA,ShrakeRupley,ShrakeRupley,class,public,defined,,False,Calculates SASAs using the Shrake-Rupley algorithm.,perf,"hot path: measured or structural speed gap, kernel candidate"
PDB,Bio.PDB.SASA,compute,ShrakeRupley.compute,method,public,defined,"(self, entity, level='A')",False,Calculate surface accessibility surface area for an entity.,perf,"hot path: measured or structural speed gap, kernel candidate"
PDB,Bio.PDB.SCADIO,write_SCAD,write_SCAD,function,public,defined,"(entity, file, scale=None, pdbid=None, backboneOnly=False, includeCode=True, maxPeptideBond=None, start=None, fin=None, handle='protein')",False,Write hedron assembly to file as OpenSCAD matrices.,parity,"drop-in compatibility; small surface, no large win expected"
PDB,Bio.PDB.Selection,uniqueify,uniqueify,function,public,defined,(items),False,Return a list of the unique items in the given iterable.,parity,"drop-in compatibility; small surface, no large win expected"
PDB,Bio.PDB.Selection,get_unique_parents,get_unique_parents,function,public,defined,(entity_list),False,Translate a list of entities to a list of their (unique) parents.,parity,"drop-in compatibility; small surface, no large win expected"
PDB,Bio.PDB.Selection,unfold_entities,unfold_entities,function,public,defined,"(entity_list, target_level)",False,Unfold entities list to a child level (e.g. residues in chain).,parity,"drop-in compatibility; small surface, no large win expected"
PDB,Bio.PDB.Structure,Structure,Structure,class,public,defined,,False,The Structure class contains a collection of Model instances.,perf,"hot path: measured or structural speed gap, kernel candidate"
PDB,Bio.PDB.Structure,get_models,Structure.get_models,method,public,defined,(self),False,Return models.,perf,"hot path: measured or structural speed gap, kernel candidate"
PDB,Bio.PDB.Structure,get_chains,Structure.get_chains,method,public,defined,(self),False,Return chains from models.,perf,"hot path: measured or structural speed gap, kernel candidate"
PDB,Bio.PDB.Structure,get_residues,Structure.get_residues,method,public,defined,(self),False,Return residues from chains.,perf,"hot path: measured or structural speed gap, kernel candidate"
PDB,Bio.PDB.Structure,get_atoms,Structure.get_atoms,method,public,defined,(self),False,Return atoms from residue.,perf,"hot path: measured or structural speed gap, kernel candidate"
PDB,Bio.PDB.Structure,atom_to_internal_coordinates,Structure.atom_to_internal_coordinates,method,public,defined,"(self, verbose: bool = False) -> None",False,"Create/update internal coordinates from Atom X,Y,Z coordinates.",perf,"hot path: measured or structural speed gap, kernel candidate"
PDB,Bio.PDB.Structure,internal_to_atom_coordinates,Structure.internal_to_atom_coordinates,method,public,defined,"(self, verbose: bool = False) -> None",False,Create/update atom coordinates from internal coordinates.,perf,"hot path: measured or structural speed gap, kernel candidate"
PDB,Bio.PDB.StructureAlignment,StructureAlignment,StructureAlignment,class,public,defined,,False,Class to align two structures based on an alignment of their sequences.,perf,"hot path: measured or structural speed gap, kernel candidate"
PDB,Bio.PDB.StructureAlignment,get_maps,StructureAlignment.get_maps,method,public,defined,(self),False,Map residues between the structures.,perf,"hot path: measured or structural speed gap, kernel candidate"
PDB,Bio.PDB.StructureAlignment,get_iterator,StructureAlignment.get_iterator,method,public,defined,(self),False,Create an iterator over all residue pairs.,perf,"hot path: measured or structural speed gap, kernel candidate"
PDB,Bio.PDB.StructureBuilder,StructureBuilder,StructureBuilder,class,public,defined,,False,Deals with constructing the Structure object.,parity,"drop-in compatibility; small surface, no large win expected"
PDB,Bio.PDB.StructureBuilder,set_header,StructureBuilder.set_header,method,public,defined,"(self, header)",False,Set header.,parity,"drop-in compatibility; small surface, no large win expected"
PDB,Bio.PDB.StructureBuilder,set_line_counter,StructureBuilder.set_line_counter,method,public,defined,"(self, line_counter: int)",False,Tracks line in the PDB file that is being parsed.,parity,"drop-in compatibility; small surface, no large win expected"
PDB,Bio.PDB.StructureBuilder,init_structure,StructureBuilder.init_structure,method,public,defined,"(self, structure_id: str)",False,Initialize a new Structure object with given id.,parity,"drop-in compatibility; small surface, no large win expected"
PDB,Bio.PDB.StructureBuilder,init_model,StructureBuilder.init_model,method,public,defined,"(self, model_id: int, serial_num: int | None = None)",False,Create a new Model object with given id.,parity,"drop-in compatibility; small surface, no large win expected"
PDB,Bio.PDB.StructureBuilder,init_chain,StructureBuilder.init_chain,method,public,defined,"(self, chain_id: str)",False,Create a new Chain object with given id.,parity,"drop-in compatibility; small surface, no large win expected"
PDB,Bio.PDB.StructureBuilder,init_seg,StructureBuilder.init_seg,method,public,defined,"(self, segid: str)",False,Flag a change in segid.,parity,"drop-in compatibility; small surface, no large win expected"
PDB,Bio.PDB.StructureBuilder,init_residue,StructureBuilder.init_residue,method,public,defined,"(self, resname: str, field: str, resseq: int, icode: str)",False,Create a new Residue object.,parity,"drop-in compatibility; small surface, no large win expected"
PDB,Bio.PDB.StructureBuilder,init_atom,StructureBuilder.init_atom,method,public,defined,"(self, name: str, coord: numpy.ndarray, b_factor: float | None, occupancy: float | None, altloc: str, fullname: str, serial_number=None, element: str | None = None, pqr_charge: float | None = None, radius: float | None = None, is_pqr: bool = False)",False,Create a new Atom object.,parity,"drop-in compatibility; small surface, no large win expected"
PDB,Bio.PDB.StructureBuilder,set_anisou,StructureBuilder.set_anisou,method,public,defined,"(self, anisou_array)",False,Set anisotropic B factor of current Atom.,parity,"drop-in compatibility; small surface, no large win expected"
PDB,Bio.PDB.StructureBuilder,set_siguij,StructureBuilder.set_siguij,method,public,defined,"(self, siguij_array)",False,Set standard deviation of anisotropic B factor of current Atom.,parity,"drop-in compatibility; small surface, no large win expected"
PDB,Bio.PDB.StructureBuilder,set_sigatm,StructureBuilder.set_sigatm,method,public,defined,"(self, sigatm_array)",False,Set standard deviation of atom position of current Atom.,parity,"drop-in compatibility; small surface, no large win expected"
PDB,Bio.PDB.StructureBuilder,get_structure,StructureBuilder.get_structure,method,public,defined,(self),False,Return the structure.,parity,"drop-in compatibility; small surface, no large win expected"
PDB,Bio.PDB.StructureBuilder,set_symmetry,StructureBuilder.set_symmetry,method,public,defined,"(self, spacegroup, cell)",False,Set symmetry.,parity,"drop-in compatibility; small surface, no large win expected"
PDB,Bio.PDB.Superimposer,Superimposer,Superimposer,class,public,defined,,False,Rotate/translate one set of atoms on top of another to minimize RMSD.,perf,"hot path: measured or structural speed gap, kernel candidate"
PDB,Bio.PDB.Superimposer,set_atoms,Superimposer.set_atoms,method,public,defined,"(self, fixed, moving)",False,Prepare translation/rotation to minimize RMSD between atoms.,perf,"hot path: measured or structural speed gap, kernel candidate"
PDB,Bio.PDB.Superimposer,apply,Superimposer.apply,method,public,defined,"(self, atom_list)",False,Rotate/translate a list of atoms.,perf,"hot path: measured or structural speed gap, kernel candidate"
PDB,Bio.PDB._bcif_helper,integer_unpack,integer_unpack,function,public,defined,,False,,parity,"drop-in compatibility; small surface, no large win expected"
PDB,Bio.PDB.alphafold_db,get_predictions,get_predictions,function,public,defined,(qualifier: str) -> collections.abc.Iterator[dict],False,Get all AlphaFold predictions for a UniProt accession.,skip,"network transport: an HTTP request, nothing for C to speed up"
PDB,Bio.PDB.alphafold_db,download_cif_for,download_cif_for,function,public,defined,"(prediction: dict, directory: str | bytes | os.PathLike | None = None) -> str",False,Download the mmCIF file for an AlphaFold prediction.,skip,"network transport: an HTTP request, nothing for C to speed up"
PDB,Bio.PDB.alphafold_db,get_structural_models_for,get_structural_models_for,function,public,defined,"(qualifier: str, mmcif_parser: Bio.PDB.MMCIFParser.MMCIFParser | None = None, directory: str | bytes | os.PathLike | None = None) -> collections.abc.Iterator[Bio.PDB.Structure.Structure]",False,Get the PDB structures for a UniProt accession.,skip,"network transport: an HTTP request, nothing for C to speed up"
PDB,Bio.PDB.ccealign,run_cealign,run_cealign,function,public,defined,,False,"run_cealign(coordsA, coordsB, fragmentSize, gapMax) -> list",skip,"already implemented in C upstream -- reuse, do not rewrite"
PDB,Bio.PDB.cealign,CEAligner,CEAligner,class,public,defined,,False,Protein Structure Alignment by Combinatorial Extension.,perf,"hot path: measured or structural speed gap, kernel candidate"
PDB,Bio.PDB.cealign,get_guide_coord_from_structure,CEAligner.get_guide_coord_from_structure,method,public,defined,"(self, structure)",False,Return the coordinates of guide atoms in the structure.,perf,"hot path: measured or structural speed gap, kernel candidate"
PDB,Bio.PDB.cealign,set_reference,CEAligner.set_reference,method,public,defined,"(self, structure)",False,Define a reference structure onto which all others will be aligned.,perf,"hot path: measured or structural speed gap, kernel candidate"
PDB,Bio.PDB.cealign,align,CEAligner.align,method,public,defined,"(self, structure, transform=True, *, final_optimization=True)",False,Align the input structure onto the reference structure.,perf,"hot path: measured or structural speed gap, kernel candidate"
PDB,Bio.PDB.ic_rebuild,structure_rebuild_test,structure_rebuild_test,function,public,defined,"(entity, verbose: bool = False, quick: bool = False) -> dict",False,Test rebuild PDB structure from internal coordinates.,perf,"hot path: measured or structural speed gap, kernel candidate"
PDB,Bio.PDB.ic_rebuild,report_IC,report_IC,function,public,defined,"(entity: Bio.PDB.Structure.Structure | Bio.PDB.Model.Model | Bio.PDB.Chain.Chain | Bio.PDB.Residue.Residue, reportDict: dict[str, typing.Any] = None, verbose: bool = False) -> dict[str, typing.Any]",False,Generate dict with counts of ic data elements for each entity level.,perf,"hot path: measured or structural speed gap, kernel candidate"
PDB,Bio.PDB.ic_rebuild,IC_duplicate,IC_duplicate,function,public,defined,(entity) -> Bio.PDB.Structure.Structure,False,"Duplicate structure entity with IC data, no atom coordinates.",perf,"hot path: measured or structural speed gap, kernel candidate"
PDB,Bio.PDB.ic_rebuild,compare_residues,compare_residues,function,public,defined,"(e0: Bio.PDB.Structure.Structure | Bio.PDB.Model.Model | Bio.PDB.Chain.Chain, e1: Bio.PDB.Structure.Structure | Bio.PDB.Model.Model | Bio.PDB.Chain.Chain, verbose: bool = False, quick: bool = False, rtol: float = None, atol: float = None) -> dict[str, typing.Any]",False,Compare full IDs and atom coordinates for 2 Biopython PDB entities.,perf,"hot path: measured or structural speed gap, kernel candidate"
PDB,Bio.PDB.ic_rebuild,write_PDB,write_PDB,function,public,defined,"(entity: Bio.PDB.Structure.Structure, file: str, pdbid: str = None, chainid: str = None) -> None",False,Write PDB file with HEADER and TITLE if available.,perf,"hot path: measured or structural speed gap, kernel candidate"
PDB,Bio.PDB.internal_coords,IC_Chain,IC_Chain,class,public,defined,,False,Class to extend Biopython Chain with internal coordinate data.,perf,"hot path: measured or structural speed gap, kernel candidate"
PDB,Bio.PDB.internal_coords,clear_ic,IC_Chain.clear_ic,method,public,defined,(self),False,Clear residue internal_coord settings for this chain.,perf,"hot path: measured or structural speed gap, kernel candidate"
PDB,Bio.PDB.internal_coords,build_atomArray,IC_Chain.build_atomArray,method,public,defined,(self) -> None,False,Build :class:`IC_Chain` numpy coordinate array from biopython atoms.,perf,"hot path: measured or structural speed gap, kernel candidate"
PDB,Bio.PDB.internal_coords,build_edraArrays,IC_Chain.build_edraArrays,method,public,defined,(self) -> None,False,Build chain level hedra and dihedra arrays.,perf,"hot path: measured or structural speed gap, kernel candidate"
PDB,Bio.PDB.internal_coords,assemble_residues,IC_Chain.assemble_residues,method,public,defined,"(self, verbose: bool = False) -> None",False,Generate atom coords from internal coords (vectorised).,perf,"hot path: measured or structural speed gap, kernel candidate"
PDB,Bio.PDB.internal_coords,assemble_residues_ser,IC_Chain.assemble_residues_ser,method,public,defined,"(self, verbose: bool = False, start: int | None = None, fin: int | None = None) -> None",False,Generate IC_Residue atom coords from internal coordinates (serial).,perf,"hot path: measured or structural speed gap, kernel candidate"
PDB,Bio.PDB.internal_coords,init_edra,IC_Chain.init_edra,method,public,defined,"(self, verbose: bool = False) -> None",False,"Create chain and residue di/hedra structures, arrays, atomArray.",perf,"hot path: measured or structural speed gap, kernel candidate"
PDB,Bio.PDB.internal_coords,init_atom_coords,IC_Chain.init_atom_coords,method,public,defined,(self) -> None,False,Set chain level di/hedra initial coords from angles and distances.,perf,"hot path: measured or structural speed gap, kernel candidate"
PDB,Bio.PDB.internal_coords,update_dCoordSpace,IC_Chain.update_dCoordSpace,method,public,defined,"(self, workSelector: numpy.ndarray | None = None) -> None",False,Compute/update coordinate space transforms for chain dihedra.,perf,"hot path: measured or structural speed gap, kernel candidate"
PDB,Bio.PDB.internal_coords,propagate_changes,IC_Chain.propagate_changes,method,public,defined,(self) -> None,False,Track through di/hedra to invalidate dependent atoms.,perf,"hot path: measured or structural speed gap, kernel candidate"
PDB,Bio.PDB.internal_coords,internal_to_atom_coordinates,IC_Chain.internal_to_atom_coordinates,method,public,defined,"(self, verbose: bool = False, start: int | None = None, fin: int | None = None) -> None",False,Process IC data to Residue/Atom coords.,perf,"hot path: measured or structural speed gap, kernel candidate"
PDB,Bio.PDB.internal_coords,atom_to_internal_coordinates,IC_Chain.atom_to_internal_coordinates,method,public,defined,"(self, verbose: bool = False) -> None",False,"Calculate dihedrals, angles, bond lengths for Atom data.",perf,"hot path: measured or structural speed gap, kernel candidate"
PDB,Bio.PDB.internal_coords,distance_plot,IC_Chain.distance_plot,method,public,defined,"(self, filter: numpy.ndarray | None = None) -> numpy.ndarray",False,Generate 2D distance plot from atomArray.,perf,"hot path: measured or structural speed gap, kernel candidate"
PDB,Bio.PDB.internal_coords,dihedral_signs,IC_Chain.dihedral_signs,method,public,defined,(self) -> numpy.ndarray,False,Get sign array (+1/-1) for each element of chain dihedraAngle array.,perf,"hot path: measured or structural speed gap, kernel candidate"
PDB,Bio.PDB.internal_coords,distplot_to_dh_arrays,IC_Chain.distplot_to_dh_arrays,method,public,defined,"(self, distplot: numpy.ndarray, dihedra_signs: numpy.ndarray) -> None",False,Load di/hedra distance arrays from distplot.,perf,"hot path: measured or structural speed gap, kernel candidate"
PDB,Bio.PDB.internal_coords,distance_to_internal_coordinates,IC_Chain.distance_to_internal_coordinates,method,public,defined,"(self, resetAtoms: bool | None = True) -> None",False,Compute chain di/hedra from from distance and chirality data.,perf,"hot path: measured or structural speed gap, kernel candidate"
PDB,Bio.PDB.internal_coords,copy_initNCaCs,IC_Chain.copy_initNCaCs,method,public,defined,"(self, other: 'IC_Chain') -> None",False,Copy atom coordinates for initNCaC atoms from other IC_Chain.,perf,"hot path: measured or structural speed gap, kernel candidate"
PDB,Bio.PDB.internal_coords,make_extended,IC_Chain.make_extended,method,public,defined,(self),False,"Set all psi and phi angles to extended conformation (123, -104).",perf,"hot path: measured or structural speed gap, kernel candidate"
PDB,Bio.PDB.internal_coords,IC_Residue,IC_Residue,class,public,defined,,False,Class to extend Biopython Residue with internal coordinate data.,perf,"hot path: measured or structural speed gap, kernel candidate"
PDB,Bio.PDB.internal_coords,rak,IC_Residue.rak,method,public,defined,"(self, atm: str | Bio.PDB.Atom.Atom) -> 'AtomKey'",False,Cache calls to AtomKey for this residue.,perf,"hot path: measured or structural speed gap, kernel candidate"
PDB,Bio.PDB.internal_coords,pretty_str,IC_Residue.pretty_str,method,public,defined,(self) -> str,False,Nice string for residue ID.,perf,"hot path: measured or structural speed gap, kernel candidate"
PDB,Bio.PDB.internal_coords,set_flexible,IC_Residue.set_flexible,method,public,defined,(self) -> None,False,"For OpenSCAD, mark N-CA and CA-C bonds to be flexible joints.",perf,"hot path: measured or structural speed gap, kernel candidate"
PDB,Bio.PDB.internal_coords,set_hbond,IC_Residue.set_hbond,method,public,defined,(self) -> None,False,"For OpenSCAD, mark H-N and C-O bonds to be hbonds (magnets).",perf,"hot path: measured or structural speed gap, kernel candidate"
PDB,Bio.PDB.internal_coords,clear_transforms,IC_Residue.clear_transforms,method,public,defined,(self),False,Invalidate dihedra coordinate space attributes before assemble().,perf,"hot path: measured or structural speed gap, kernel candidate"
PDB,Bio.PDB.internal_coords,assemble,IC_Residue.assemble,method,public,defined,"(self, resetLocation: bool = False, verbose: bool = False) -> dict['AtomKey', numpy.array] | dict[tuple['AtomKey', 'AtomKey', 'AtomKey'], numpy.array] | None",False,Compute atom coordinates for this residue from internal coordinates.,perf,"hot path: measured or structural speed gap, kernel candidate"
PDB,Bio.PDB.internal_coords,split_akl,IC_Residue.split_akl,method,public,defined,"(self, lst: tuple['AtomKey', ...] | list['AtomKey'], missingOK: bool = False) -> list[tuple['AtomKey', ...]]",False,Get AtomKeys for this residue (ak_set) for generic list of AtomKeys.,perf,"hot path: measured or structural speed gap, kernel candidate"
PDB,Bio.PDB.internal_coords,pdb_residue_string,IC_Residue.pdb_residue_string,method,public,defined,(self) -> str,False,Generate PDB ATOM records for this residue as string.,perf,"hot path: measured or structural speed gap, kernel candidate"
PDB,Bio.PDB.internal_coords,pick_angle,IC_Residue.pick_angle,method,public,defined,"(self, angle_key: tuple['AtomKey', 'AtomKey', 'AtomKey'] | tuple['AtomKey', 'AtomKey', 'AtomKey', 'AtomKey'] | str) -> Union[ForwardRef('Hedron'), ForwardRef('Dihedron'), NoneType]",False,Get Hedron or Dihedron for angle_key.,perf,"hot path: measured or structural speed gap, kernel candidate"
PDB,Bio.PDB.internal_coords,get_angle,IC_Residue.get_angle,method,public,defined,"(self, angle_key: tuple['AtomKey', 'AtomKey', 'AtomKey'] | tuple['AtomKey', 'AtomKey', 'AtomKey', 'AtomKey'] | str) -> float | None",False,Get dihedron or hedron angle for specified key.,perf,"hot path: measured or structural speed gap, kernel candidate"
PDB,Bio.PDB.internal_coords,set_angle,IC_Residue.set_angle,method,public,defined,"(self, angle_key: tuple['AtomKey', 'AtomKey', 'AtomKey'] | tuple['AtomKey', 'AtomKey', 'AtomKey', 'AtomKey'] | str, v: float, overlap=True)",False,Set dihedron or hedron angle for specified key.,perf,"hot path: measured or structural speed gap, kernel candidate"
PDB,Bio.PDB.internal_coords,bond_rotate,IC_Residue.bond_rotate,method,public,defined,"(self, angle_key: tuple['AtomKey', 'AtomKey', 'AtomKey'] | tuple['AtomKey', 'AtomKey', 'AtomKey', 'AtomKey'] | str, delta: float)",False,Rotate set of overlapping dihedrals by delta degrees.,perf,"hot path: measured or structural speed gap, kernel candidate"
PDB,Bio.PDB.internal_coords,bond_set,IC_Residue.bond_set,method,public,defined,"(self, angle_key: tuple['AtomKey', 'AtomKey', 'AtomKey'] | tuple['AtomKey', 'AtomKey', 'AtomKey', 'AtomKey'] | str, val: float)",False,"Set dihedron to val, update overlapping dihedra by same amount.",perf,"hot path: measured or structural speed gap, kernel candidate"
PDB,Bio.PDB.internal_coords,pick_length,IC_Residue.pick_length,method,public,defined,"(self, ak_spec: str | tuple['AtomKey', 'AtomKey']) -> tuple[list['Hedron'] | None, tuple['AtomKey', 'AtomKey'] | None]",False,Get list of hedra containing specified atom pair.,perf,"hot path: measured or structural speed gap, kernel candidate"
PDB,Bio.PDB.internal_coords,get_length,IC_Residue.get_length,method,public,defined,"(self, ak_spec: str | tuple['AtomKey', 'AtomKey']) -> float | None",False,Get bond length for specified atom pair.,perf,"hot path: measured or structural speed gap, kernel candidate"
PDB,Bio.PDB.internal_coords,set_length,IC_Residue.set_length,method,public,defined,"(self, ak_spec: str | tuple['AtomKey', 'AtomKey'], val: float) -> None",False,Set bond length for specified atom pair.,perf,"hot path: measured or structural speed gap, kernel candidate"
PDB,Bio.PDB.internal_coords,applyMtx,IC_Residue.applyMtx,method,public,defined,"(self, mtx: <built-in function array>) -> None",False,Apply matrix to atom_coords for this IC_Residue.,perf,"hot path: measured or structural speed gap, kernel candidate"
PDB,Bio.PDB.internal_coords,Edron,Edron,class,public,defined,,False,Base class for Hedron and Dihedron classes.,perf,"hot path: measured or structural speed gap, kernel candidate"
PDB,Bio.PDB.internal_coords,gen_key,Edron.gen_key,staticmethod,public,defined,(lst: list['AtomKey']) -> str,False,Generate string of ':'-joined AtomKey strings from input.,perf,"hot path: measured or structural speed gap, kernel candidate"
PDB,Bio.PDB.internal_coords,gen_tuple,Edron.gen_tuple,staticmethod,public,defined,(akstr: str) -> tuple,False,Generate AtomKey tuple for ':'-joined AtomKey string.,perf,"hot path: measured or structural speed gap, kernel candidate"
PDB,Bio.PDB.internal_coords,is_backbone,Edron.is_backbone,method,public,defined,(self) -> bool,False,"Report True for contains only N, C, CA, O, H atoms.",perf,"hot path: measured or structural speed gap, kernel candidate"
PDB,Bio.PDB.internal_coords,Hedron,Hedron,class,public,defined,,False,Class to represent three joined atoms forming a plane.,perf,"hot path: measured or structural speed gap, kernel candidate"
PDB,Bio.PDB.internal_coords,angle,Hedron.angle,property,public,defined,(property),False,Get this hedron angle.,perf,"hot path: measured or structural speed gap, kernel candidate"
PDB,Bio.PDB.internal_coords,len12,Hedron.len12,property,public,defined,(property),False,Get first length for Hedron.,perf,"hot path: measured or structural speed gap, kernel candidate"
PDB,Bio.PDB.internal_coords,len23,Hedron.len23,property,public,defined,(property),False,Get second length for Hedron.,perf,"hot path: measured or structural speed gap, kernel candidate"
PDB,Bio.PDB.internal_coords,get_length,Hedron.get_length,method,public,defined,"(self, ak_tpl: tuple['AtomKey', 'AtomKey']) -> float | None",False,Get bond length for specified atom pair.,perf,"hot path: measured or structural speed gap, kernel candidate"
PDB,Bio.PDB.internal_coords,set_length,Hedron.set_length,method,public,defined,"(self, ak_tpl: tuple['AtomKey', 'AtomKey'], newLength: float)",False,Set bond length for specified atom pair; sets needs_update.,perf,"hot path: measured or structural speed gap, kernel candidate"
PDB,Bio.PDB.internal_coords,Dihedron,Dihedron,class,public,defined,,False,Class to represent four joined atoms forming a dihedral angle.,perf,"hot path: measured or structural speed gap, kernel candidate"
PDB,Bio.PDB.internal_coords,angle,Dihedron.angle,property,public,defined,(property),False,Get dihedral angle.,perf,"hot path: measured or structural speed gap, kernel candidate"
PDB,Bio.PDB.internal_coords,angle_dif,Dihedron.angle_dif,staticmethod,public,defined,"(a1: float | numpy.ndarray, a2: float | numpy.ndarray)",False,Get angle difference between two +/- 180 angles.,perf,"hot path: measured or structural speed gap, kernel candidate"
PDB,Bio.PDB.internal_coords,angle_avg,Dihedron.angle_avg,staticmethod,public,defined,"(alst: list, in_rads: bool = False, out_rads: bool = False)",False,Get average of list of +/-180 angles.,perf,"hot path: measured or structural speed gap, kernel candidate"
PDB,Bio.PDB.internal_coords,angle_pop_sd,Dihedron.angle_pop_sd,staticmethod,public,defined,"(alst: list, avg: float)",False,Get population standard deviation for list of +/-180 angles.,perf,"hot path: measured or structural speed gap, kernel candidate"
PDB,Bio.PDB.internal_coords,difference,Dihedron.difference,method,public,defined,"(self, other: 'Dihedron') -> float",False,Get angle difference between this and other +/- 180 angles.,perf,"hot path: measured or structural speed gap, kernel candidate"
PDB,Bio.PDB.internal_coords,bits,Dihedron.bits,method,public,defined,(self) -> int,False,"Get :data:`IC_Residue.pic_flags` bitmasks for self is psi, omg, phi, pomg, chiX.",perf,"hot path: measured or structural speed gap, kernel candidate"
PDB,Bio.PDB.internal_coords,AtomKey,AtomKey,class,public,defined,,False,Class for dict keys to reference atom coordinates.,perf,"hot path: measured or structural speed gap, kernel candidate"
PDB,Bio.PDB.internal_coords,altloc_match,AtomKey.altloc_match,method,public,defined,"(self, other: 'AtomKey') -> bool",False,Test AtomKey match to other discounting occupancy and altloc.,perf,"hot path: measured or structural speed gap, kernel candidate"
PDB,Bio.PDB.internal_coords,is_backbone,AtomKey.is_backbone,method,public,defined,(self) -> bool,False,"Return True if is N, C, CA, O, or H.",perf,"hot path: measured or structural speed gap, kernel candidate"
PDB,Bio.PDB.internal_coords,atm,AtomKey.atm,method,public,defined,(self) -> str,False,"Return atom name : N, CA, CB, O etc.",perf,"hot path: measured or structural speed gap, kernel candidate"
PDB,Bio.PDB.internal_coords,cr_class,AtomKey.cr_class,method,public,defined,(self) -> str | None,False,Return covalent radii class for atom or None.,perf,"hot path: measured or structural speed gap, kernel candidate"
PDB,Bio.PDB.internal_coords,set_accuracy_95,set_accuracy_95,function,public,defined,(num: float) -> float,False,Reduce floating point accuracy to 9.5 (xxxx.xxxxx).,perf,"hot path: measured or structural speed gap, kernel candidate"
PDB,Bio.PDB.internal_coords,HedronMatchError,HedronMatchError,exception,public,defined,,False,Cannot find hedron in residue for given key.,perf,"hot path: measured or structural speed gap, kernel candidate"
PDB,Bio.PDB.internal_coords,MissingAtomError,MissingAtomError,exception,public,defined,,False,Missing atom coordinates for hedron or dihedron.,perf,"hot path: measured or structural speed gap, kernel candidate"
PDB,Bio.PDB.mmcifio,MMCIFIO,MMCIFIO,class,public,defined,,False,Write a Structure object or a mmCIF dictionary as a mmCIF file.,parity,"drop-in compatibility; small surface, no large win expected"
PDB,Bio.PDB.mmcifio,set_dict,MMCIFIO.set_dict,method,public,defined,"(self, dic)",False,Set the mmCIF dictionary to be written out.,parity,"drop-in compatibility; small surface, no large win expected"
PDB,Bio.PDB.mmcifio,save,MMCIFIO.save,method,public,defined,"(self, filepath, select=<Select all>, preserve_atom_numbering=False)",False,Save the structure to a file.,parity,"drop-in compatibility; small surface, no large win expected"
PDB,Bio.PDB.parse_pdb_header,parse_pdb_header,parse_pdb_header,function,public,defined,(infile),False,Return the header lines of a pdb file as a dictionary.,perf,"hot path: measured or structural speed gap, kernel candidate"
PDB,Bio.PDB.qcprot,qcp,qcp,function,public,defined,"(coords1, coords2, natoms)",False,Implement the QCP code in Python.,skip,"already implemented in C upstream -- reuse, do not rewrite"
PDB,Bio.PDB.qcprot,QCPSuperimposer,QCPSuperimposer,class,public,defined,,False,Quaternion Characteristic Polynomial (QCP) Superimposer.,skip,"already implemented in C upstream -- reuse, do not rewrite"
PDB,Bio.PDB.qcprot,set_atoms,QCPSuperimposer.set_atoms,method,public,defined,"(self, fixed, moving)",False,Prepare alignment between two atom lists.,skip,"already implemented in C upstream -- reuse, do not rewrite"
PDB,Bio.PDB.qcprot,apply,QCPSuperimposer.apply,method,public,defined,"(self, atom_list)",False,Apply the QCP rotation matrix/translation vector to a set of atoms.,skip,"already implemented in C upstream -- reuse, do not rewrite"
PDB,Bio.PDB.qcprot,set,QCPSuperimposer.set,method,public,defined,"(self, reference_coords, coords)",False,Set the coordinates to be superimposed.,skip,"already implemented in C upstream -- reuse, do not rewrite"
PDB,Bio.PDB.qcprot,run,QCPSuperimposer.run,method,public,defined,(self),False,Superimpose the coordinate sets.,skip,"already implemented in C upstream -- reuse, do not rewrite"
PDB,Bio.PDB.qcprot,get_transformed,QCPSuperimposer.get_transformed,method,public,defined,(self),False,Get the transformed coordinate set.,skip,"already implemented in C upstream -- reuse, do not rewrite"
PDB,Bio.PDB.qcprot,get_rotran,QCPSuperimposer.get_rotran,method,public,defined,(self),False,Return right multiplying rotation matrix and translation vector.,skip,"already implemented in C upstream -- reuse, do not rewrite"
PDB,Bio.PDB.qcprot,get_init_rms,QCPSuperimposer.get_init_rms,method,public,defined,(self),False,Return the root mean square deviation of untransformed coordinates.,skip,"already implemented in C upstream -- reuse, do not rewrite"
PDB,Bio.PDB.qcprot,get_rms,QCPSuperimposer.get_rms,method,public,defined,(self),False,Root mean square deviation of superimposed coordinates.,skip,"already implemented in C upstream -- reuse, do not rewrite"
PDB,Bio.PDB.vectors,m2rotaxis,m2rotaxis,function,public,defined,(m),False,"Return angles, axis pair that corresponds to rotation matrix m.",perf,"hot path: measured or structural speed gap, kernel candidate"
PDB,Bio.PDB.vectors,vector_to_axis,vector_to_axis,function,public,defined,"(line, point)",False,Vector to axis method.,perf,"hot path: measured or structural speed gap, kernel candidate"
PDB,Bio.PDB.vectors,rotaxis2m,rotaxis2m,function,public,defined,"(theta, vector)",False,Calculate left multiplying rotation matrix.,perf,"hot path: measured or structural speed gap, kernel candidate"
PDB,Bio.PDB.vectors,rotaxis,rotaxis,function,public,defined,"(theta, vector)",False,Calculate left multiplying rotation matrix.,perf,"hot path: measured or structural speed gap, kernel candidate"
PDB,Bio.PDB.vectors,refmat,refmat,function,public,defined,"(p, q)",False,Return a (left multiplying) matrix that mirrors p onto q.,perf,"hot path: measured or structural speed gap, kernel candidate"
PDB,Bio.PDB.vectors,rotmat,rotmat,function,public,defined,"(p, q)",False,Return a (left multiplying) matrix that rotates p onto q.,perf,"hot path: measured or structural speed gap, kernel candidate"
PDB,Bio.PDB.vectors,calc_angle,calc_angle,function,public,defined,"(v1, v2, v3)",False,Calculate angle method.,perf,"hot path: measured or structural speed gap, kernel candidate"
PDB,Bio.PDB.vectors,calc_dihedral,calc_dihedral,function,public,defined,"(v1, v2, v3, v4)",False,Calculate dihedral angle method.,perf,"hot path: measured or structural speed gap, kernel candidate"
PDB,Bio.PDB.vectors,Vector,Vector,class,public,defined,,False,3D vector.,perf,"hot path: measured or structural speed gap, kernel candidate"
PDB,Bio.PDB.vectors,norm,Vector.norm,method,public,defined,(self),False,Return vector norm.,perf,"hot path: measured or structural speed gap, kernel candidate"
PDB,Bio.PDB.vectors,normsq,Vector.normsq,method,public,defined,(self),False,Return square of vector norm.,perf,"hot path: measured or structural speed gap, kernel candidate"
PDB,Bio.PDB.vectors,normalize,Vector.normalize,method,public,defined,(self),False,Normalize the Vector object.,perf,"hot path: measured or structural speed gap, kernel candidate"
PDB,Bio.PDB.vectors,normalized,Vector.normalized,method,public,defined,(self),False,Return a normalized copy of the Vector.,perf,"hot path: measured or structural speed gap, kernel candidate"
PDB,Bio.PDB.vectors,angle,Vector.angle,method,public,defined,"(self, other)",False,Return angle between two vectors.,perf,"hot path: measured or structural speed gap, kernel candidate"
PDB,Bio.PDB.vectors,get_array,Vector.get_array,method,public,defined,(self),False,Return (a copy of) the array of coordinates.,perf,"hot path: measured or structural speed gap, kernel candidate"
PDB,Bio.PDB.vectors,left_multiply,Vector.left_multiply,method,public,defined,"(self, matrix)",False,Return Vector=Matrix x Vector.,perf,"hot path: measured or structural speed gap, kernel candidate"
PDB,Bio.PDB.vectors,right_multiply,Vector.right_multiply,method,public,defined,"(self, matrix)",False,Return Vector=Vector x Matrix.,perf,"hot path: measured or structural speed gap, kernel candidate"
PDB,Bio.PDB.vectors,copy,Vector.copy,method,public,defined,(self),False,Return a deep copy of the Vector.,perf,"hot path: measured or structural speed gap, kernel candidate"
PDB,Bio.PDB.vectors,homog_rot_mtx,homog_rot_mtx,function,public,defined,"(angle_rads: float, axis: str) -> numpy.ndarray",False,Generate a 4x4 single-axis NumPy rotation matrix.,perf,"hot path: measured or structural speed gap, kernel candidate"
PDB,Bio.PDB.vectors,set_Z_homog_rot_mtx,set_Z_homog_rot_mtx,function,public,defined,"(angle_rads: float, mtx: numpy.ndarray)",False,Update existing Z rotation matrix to new angle.,perf,"hot path: measured or structural speed gap, kernel candidate"
PDB,Bio.PDB.vectors,set_Y_homog_rot_mtx,set_Y_homog_rot_mtx,function,public,defined,"(angle_rads: float, mtx: numpy.ndarray)",False,Update existing Y rotation matrix to new angle.,perf,"hot path: measured or structural speed gap, kernel candidate"
PDB,Bio.PDB.vectors,set_X_homog_rot_mtx,set_X_homog_rot_mtx,function,public,defined,"(angle_rads: float, mtx: numpy.ndarray)",False,Update existing X rotation matrix to new angle.,perf,"hot path: measured or structural speed gap, kernel candidate"
PDB,Bio.PDB.vectors,homog_trans_mtx,homog_trans_mtx,function,public,defined,"(x: float, y: float, z: float) -> numpy.ndarray",False,Generate a 4x4 NumPy translation matrix.,perf,"hot path: measured or structural speed gap, kernel candidate"
PDB,Bio.PDB.vectors,set_homog_trans_mtx,set_homog_trans_mtx,function,public,defined,"(x: float, y: float, z: float, mtx: numpy.ndarray)",False,Update existing translation matrix to new values.,perf,"hot path: measured or structural speed gap, kernel candidate"
PDB,Bio.PDB.vectors,homog_scale_mtx,homog_scale_mtx,function,public,defined,(scale: float) -> numpy.ndarray,False,Generate a 4x4 NumPy scaling matrix.,perf,"hot path: measured or structural speed gap, kernel candidate"
PDB,Bio.PDB.vectors,get_spherical_coordinates,get_spherical_coordinates,function,public,defined,"(xyz: numpy.ndarray) -> tuple[float, float, float]",False,"Compute spherical coordinates (r, azimuth, polar_angle) for X,Y,Z point.",perf,"hot path: measured or structural speed gap, kernel candidate"
PDB,Bio.PDB.vectors,coord_space,coord_space,function,public,defined,"(a0: numpy.ndarray, a1: numpy.ndarray, a2: numpy.ndarray, rev: bool = False) -> tuple[numpy.ndarray, numpy.ndarray | None]",False,Generate transformation matrix to coordinate space defined by 3 points.,perf,"hot path: measured or structural speed gap, kernel candidate"
PDB,Bio.PDB.vectors,multi_rot_Z,multi_rot_Z,function,public,defined,(angle_rads: numpy.ndarray) -> numpy.ndarray,False,Create [entries] NumPy Z rotation matrices for [entries] angles.,perf,"hot path: measured or structural speed gap, kernel candidate"
PDB,Bio.PDB.vectors,multi_rot_Y,multi_rot_Y,function,public,defined,(angle_rads: numpy.ndarray) -> numpy.ndarray,False,Create [entries] NumPy Y rotation matrices for [entries] angles.,perf,"hot path: measured or structural speed gap, kernel candidate"
PDB,Bio.PDB.vectors,multi_coord_space,multi_coord_space,function,public,defined,"(a3: numpy.ndarray, dLen: int, rev: bool = False) -> numpy.ndarray",False,Generate [dLen] transform matrices to coord space defined by 3 points.,perf,"hot path: measured or structural speed gap, kernel candidate"
Pathway,Bio.Pathway,Reaction,Reaction,class,public,defined,,False,Abstraction for a biochemical transformation.,parity,"drop-in compatibility; small surface, no large win expected"
Pathway,Bio.Pathway,reverse,Reaction.reverse,method,public,defined,(self),False,Return a new Reaction that is the reverse of self.,parity,"drop-in compatibility; small surface, no large win expected"
Pathway,Bio.Pathway,species,Reaction.species,method,public,defined,(self),False,Return a list of all Species involved in self.,parity,"drop-in compatibility; small surface, no large win expected"
Pathway,Bio.Pathway,System,System,class,public,defined,,False,Abstraction for a collection of reactions.,parity,"drop-in compatibility; small surface, no large win expected"
Pathway,Bio.Pathway,add_reaction,System.add_reaction,method,public,defined,"(self, reaction)",False,Add reaction to self.,parity,"drop-in compatibility; small surface, no large win expected"
Pathway,Bio.Pathway,remove_reaction,System.remove_reaction,method,public,defined,"(self, reaction)",False,Remove reaction from self.,parity,"drop-in compatibility; small surface, no large win expected"
Pathway,Bio.Pathway,reactions,System.reactions,method,public,defined,(self),False,Return a list of the reactions in this system.,parity,"drop-in compatibility; small surface, no large win expected"
Pathway,Bio.Pathway,species,System.species,method,public,defined,(self),False,Return a list of the species in this system.,parity,"drop-in compatibility; small surface, no large win expected"
Pathway,Bio.Pathway,stochiometry,System.stochiometry,method,public,defined,(self),False,Compute the stoichiometry matrix for self.,parity,"drop-in compatibility; small surface, no large win expected"
Pathway,Bio.Pathway,Interaction,Interaction,class,public,defined,,False,An arbitrary interaction between any number of species.,parity,"drop-in compatibility; small surface, no large win expected"
Pathway,Bio.Pathway,Network,Network,class,public,defined,,False,A set of species that are explicitly linked by interactions.,parity,"drop-in compatibility; small surface, no large win expected"
Pathway,Bio.Pathway,add_species,Network.add_species,method,public,defined,"(self, species)",False,Add species to this network.,parity,"drop-in compatibility; small surface, no large win expected"
Pathway,Bio.Pathway,add_interaction,Network.add_interaction,method,public,defined,"(self, source, sink, interaction)",False,Add interaction to this network.,parity,"drop-in compatibility; small surface, no large win expected"
Pathway,Bio.Pathway,source,Network.source,method,public,defined,"(self, species)",False,Return list of unique sources for species.,parity,"drop-in compatibility; small surface, no large win expected"
Pathway,Bio.Pathway,source_interactions,Network.source_interactions,method,public,defined,"(self, species)",False,"Return list of (source, interaction) pairs for species.",parity,"drop-in compatibility; small surface, no large win expected"
Pathway,Bio.Pathway,sink,Network.sink,method,public,defined,"(self, species)",False,Return list of unique sinks for species.,parity,"drop-in compatibility; small surface, no large win expected"
Pathway,Bio.Pathway,sink_interactions,Network.sink_interactions,method,public,defined,"(self, species)",False,"Return list of (sink, interaction) pairs for species.",parity,"drop-in compatibility; small surface, no large win expected"
Pathway,Bio.Pathway,species,Network.species,method,public,defined,(self),False,Return list of the species in this network.,parity,"drop-in compatibility; small surface, no large win expected"
Pathway,Bio.Pathway,interactions,Network.interactions,method,public,defined,(self),False,Return list of the unique interactions in this network.,parity,"drop-in compatibility; small surface, no large win expected"
Pathway,Bio.Pathway.Rep.Graph,Graph,Graph,class,public,defined,,False,A directed graph abstraction with labeled edges.,parity,"drop-in compatibility; small surface, no large win expected"
Pathway,Bio.Pathway.Rep.Graph,add_node,Graph.add_node,method,public,defined,"(self, node)",False,Add a node to this graph.,parity,"drop-in compatibility; small surface, no large win expected"
Pathway,Bio.Pathway.Rep.Graph,add_edge,Graph.add_edge,method,public,defined,"(self, source, to, label=None)",False,Add an edge to this graph.,parity,"drop-in compatibility; small surface, no large win expected"
Pathway,Bio.Pathway.Rep.Graph,child_edges,Graph.child_edges,method,public,defined,"(self, parent)",False,"Return a list of (child, label) pairs for parent.",parity,"drop-in compatibility; small surface, no large win expected"
Pathway,Bio.Pathway.Rep.Graph,children,Graph.children,method,public,defined,"(self, parent)",False,Return a list of unique children for parent.,parity,"drop-in compatibility; small surface, no large win expected"
Pathway,Bio.Pathway.Rep.Graph,edges,Graph.edges,method,public,defined,"(self, label)",False,Return a list of all the edges with this label.,parity,"drop-in compatibility; small surface, no large win expected"
Pathway,Bio.Pathway.Rep.Graph,labels,Graph.labels,method,public,defined,(self),False,Return a list of all the edge labels in this graph.,parity,"drop-in compatibility; small surface, no large win expected"
Pathway,Bio.Pathway.Rep.Graph,nodes,Graph.nodes,method,public,defined,(self),False,Return a list of the nodes in this graph.,parity,"drop-in compatibility; small surface, no large win expected"
Pathway,Bio.Pathway.Rep.Graph,parent_edges,Graph.parent_edges,method,public,defined,"(self, child)",False,"Return a list of (parent, label) pairs for child.",parity,"drop-in compatibility; small surface, no large win expected"
Pathway,Bio.Pathway.Rep.Graph,parents,Graph.parents,method,public,defined,"(self, child)",False,Return a list of unique parents for child.,parity,"drop-in compatibility; small surface, no large win expected"
Pathway,Bio.Pathway.Rep.Graph,remove_node,Graph.remove_node,method,public,defined,"(self, node)",False,Remove node and all edges connected to it.,parity,"drop-in compatibility; small surface, no large win expected"
Pathway,Bio.Pathway.Rep.Graph,remove_edge,Graph.remove_edge,method,public,defined,"(self, parent, child, label)",False,Remove edge (NOT IMPLEMENTED).,parity,"drop-in compatibility; small surface, no large win expected"
Pathway,Bio.Pathway.Rep.MultiGraph,MultiGraph,MultiGraph,class,public,defined,,False,A directed multigraph abstraction with labeled edges.,parity,"drop-in compatibility; small surface, no large win expected"
Pathway,Bio.Pathway.Rep.MultiGraph,add_node,MultiGraph.add_node,method,public,defined,"(self, node)",False,Add a node to this graph.,parity,"drop-in compatibility; small surface, no large win expected"
Pathway,Bio.Pathway.Rep.MultiGraph,add_edge,MultiGraph.add_edge,method,public,defined,"(self, source, to, label=None)",False,Add an edge to this graph.,parity,"drop-in compatibility; small surface, no large win expected"
Pathway,Bio.Pathway.Rep.MultiGraph,child_edges,MultiGraph.child_edges,method,public,defined,"(self, parent)",False,"Return a list of (child, label) pairs for parent.",parity,"drop-in compatibility; small surface, no large win expected"
Pathway,Bio.Pathway.Rep.MultiGraph,children,MultiGraph.children,method,public,defined,"(self, parent)",False,Return a list of unique children for parent.,parity,"drop-in compatibility; small surface, no large win expected"
Pathway,Bio.Pathway.Rep.MultiGraph,edges,MultiGraph.edges,method,public,defined,"(self, label)",False,Return a list of all the edges with this label.,parity,"drop-in compatibility; small surface, no large win expected"
Pathway,Bio.Pathway.Rep.MultiGraph,labels,MultiGraph.labels,method,public,defined,(self),False,Return a list of all the edge labels in this graph.,parity,"drop-in compatibility; small surface, no large win expected"
Pathway,Bio.Pathway.Rep.MultiGraph,nodes,MultiGraph.nodes,method,public,defined,(self),False,Return a list of the nodes in this graph.,parity,"drop-in compatibility; small surface, no large win expected"
Pathway,Bio.Pathway.Rep.MultiGraph,parent_edges,MultiGraph.parent_edges,method,public,defined,"(self, child)",False,"Return a list of (parent, label) pairs for child.",parity,"drop-in compatibility; small surface, no large win expected"
Pathway,Bio.Pathway.Rep.MultiGraph,parents,MultiGraph.parents,method,public,defined,"(self, child)",False,Return a list of unique parents for child.,parity,"drop-in compatibility; small surface, no large win expected"
Pathway,Bio.Pathway.Rep.MultiGraph,remove_node,MultiGraph.remove_node,method,public,defined,"(self, node)",False,Remove node and all edges connected to it.,parity,"drop-in compatibility; small surface, no large win expected"
Pathway,Bio.Pathway.Rep.MultiGraph,remove_edge,MultiGraph.remove_edge,method,public,defined,"(self, parent, child, label)",False,Remove edge (NOT IMPLEMENTED).,parity,"drop-in compatibility; small surface, no large win expected"
Pathway,Bio.Pathway.Rep.MultiGraph,df_search,df_search,function,public,defined,"(graph, root=None)",False,Depth first search of g.,parity,"drop-in compatibility; small surface, no large win expected"
Pathway,Bio.Pathway.Rep.MultiGraph,bf_search,bf_search,function,public,defined,"(graph, root=None)",False,Breadth first search of g.,parity,"drop-in compatibility; small surface, no large win expected"
Phylo,Bio.Phylo.BaseTree,TreeElement,TreeElement,class,public,defined,,False,Base class for all Bio.Phylo classes.,parity,"drop-in compatibility; small surface, no large win expected"
Phylo,Bio.Phylo.BaseTree,TreeMixin,TreeMixin,class,public,defined,,False,Methods for Tree- and Clade-based classes.,parity,"drop-in compatibility; small surface, no large win expected"
Phylo,Bio.Phylo.BaseTree,find_any,TreeMixin.find_any,method,public,defined,"(self, *args, **kwargs)",False,"Return the first element found by find_elements(), or None.",parity,"drop-in compatibility; small surface, no large win expected"
Phylo,Bio.Phylo.BaseTree,find_elements,TreeMixin.find_elements,method,public,defined,"(self, target=None, terminal=None, order='preorder', **kwargs)",False,Find all tree elements matching the given attributes.,parity,"drop-in compatibility; small surface, no large win expected"
Phylo,Bio.Phylo.BaseTree,find_clades,TreeMixin.find_clades,method,public,defined,"(self, target=None, terminal=None, order='preorder', **kwargs)",False,Find each clade containing a matching element.,parity,"drop-in compatibility; small surface, no large win expected"
Phylo,Bio.Phylo.BaseTree,get_path,TreeMixin.get_path,method,public,defined,"(self, target=None, **kwargs)",False,List the clades directly between this root and the given target.,parity,"drop-in compatibility; small surface, no large win expected"
Phylo,Bio.Phylo.BaseTree,get_nonterminals,TreeMixin.get_nonterminals,method,public,defined,"(self, order='preorder')",False,Get a list of all of this tree's nonterminal (internal) nodes.,parity,"drop-in compatibility; small surface, no large win expected"
Phylo,Bio.Phylo.BaseTree,get_terminals,TreeMixin.get_terminals,method,public,defined,"(self, order='preorder')",False,Get a list of all of this tree's terminal (leaf) nodes.,parity,"drop-in compatibility; small surface, no large win expected"
Phylo,Bio.Phylo.BaseTree,trace,TreeMixin.trace,method,public,defined,"(self, start, finish)",False,List of all clade object between two targets in this tree.,parity,"drop-in compatibility; small surface, no large win expected"
Phylo,Bio.Phylo.BaseTree,common_ancestor,TreeMixin.common_ancestor,method,public,defined,"(self, targets, *more_targets)",False,Most recent common ancestor (clade) of all the given targets.,parity,"drop-in compatibility; small surface, no large win expected"
Phylo,Bio.Phylo.BaseTree,count_terminals,TreeMixin.count_terminals,method,public,defined,(self),False,Count the number of terminal (leaf) nodes within this tree.,parity,"drop-in compatibility; small surface, no large win expected"
Phylo,Bio.Phylo.BaseTree,depths,TreeMixin.depths,method,public,defined,"(self, unit_branch_lengths=False)",False,Create a mapping of tree clades to depths (by branch length).,parity,"drop-in compatibility; small surface, no large win expected"
Phylo,Bio.Phylo.BaseTree,distance,TreeMixin.distance,method,public,defined,"(self, target1, target2=None)",False,Calculate the sum of the branch lengths between two targets.,parity,"drop-in compatibility; small surface, no large win expected"
Phylo,Bio.Phylo.BaseTree,is_bifurcating,TreeMixin.is_bifurcating,method,public,defined,(self),False,Return True if tree downstream of node is strictly bifurcating.,parity,"drop-in compatibility; small surface, no large win expected"
Phylo,Bio.Phylo.BaseTree,is_monophyletic,TreeMixin.is_monophyletic,method,public,defined,"(self, terminals, *more_terminals)",False,"MRCA of terminals if they comprise a complete subclade, or False.",parity,"drop-in compatibility; small surface, no large win expected"
Phylo,Bio.Phylo.BaseTree,is_parent_of,TreeMixin.is_parent_of,method,public,defined,"(self, target=None, **kwargs)",False,Check if target is a descendent of this tree.,parity,"drop-in compatibility; small surface, no large win expected"
Phylo,Bio.Phylo.BaseTree,is_preterminal,TreeMixin.is_preterminal,method,public,defined,(self),False,Check if all direct descendents are terminal.,parity,"drop-in compatibility; small surface, no large win expected"
Phylo,Bio.Phylo.BaseTree,total_branch_length,TreeMixin.total_branch_length,method,public,defined,(self),False,Calculate the sum of all the branch lengths in this tree.,parity,"drop-in compatibility; small surface, no large win expected"
Phylo,Bio.Phylo.BaseTree,collapse,TreeMixin.collapse,method,public,defined,"(self, target=None, **kwargs)",False,"Delete target from the tree, relinking its children to its parent.",parity,"drop-in compatibility; small surface, no large win expected"
Phylo,Bio.Phylo.BaseTree,collapse_all,TreeMixin.collapse_all,method,public,defined,"(self, target=None, **kwargs)",False,"Collapse all the descendents of this tree, leaving only terminals.",parity,"drop-in compatibility; small surface, no large win expected"
Phylo,Bio.Phylo.BaseTree,ladderize,TreeMixin.ladderize,method,public,defined,"(self, reverse=False)",False,Sort clades in-place according to the number of terminal nodes.,parity,"drop-in compatibility; small surface, no large win expected"
Phylo,Bio.Phylo.BaseTree,prune,TreeMixin.prune,method,public,defined,"(self, target=None, **kwargs)",False,Prunes a terminal clade from the tree.,parity,"drop-in compatibility; small surface, no large win expected"
Phylo,Bio.Phylo.BaseTree,split,TreeMixin.split,method,public,defined,"(self, n=2, branch_length=1.0)",False,Generate n (default 2) new descendants.,parity,"drop-in compatibility; small surface, no large win expected"
Phylo,Bio.Phylo.BaseTree,Tree,Tree,class,public,defined,,False,"A phylogenetic tree, containing global info for the phylogeny.",parity,"drop-in compatibility; small surface, no large win expected"
Phylo,Bio.Phylo.BaseTree,from_clade,Tree.from_clade,classmethod,public,defined,"(cls, clade, **kwargs)",False,Create a new Tree object given a clade.,parity,"drop-in compatibility; small surface, no large win expected"
Phylo,Bio.Phylo.BaseTree,randomized,Tree.randomized,classmethod,public,defined,"(cls, taxa, branch_length=1.0, branch_stdev=None)",False,Create a randomized bifurcating tree given a list of taxa.,parity,"drop-in compatibility; small surface, no large win expected"
Phylo,Bio.Phylo.BaseTree,clade,Tree.clade,property,public,defined,(property),False,Return first clade in this tree (not itself).,parity,"drop-in compatibility; small surface, no large win expected"
Phylo,Bio.Phylo.BaseTree,as_phyloxml,Tree.as_phyloxml,method,public,defined,"(self, **kwargs)",False,Convert this tree to a PhyloXML-compatible Phylogeny.,parity,"drop-in compatibility; small surface, no large win expected"
Phylo,Bio.Phylo.BaseTree,root_with_outgroup,Tree.root_with_outgroup,method,public,defined,"(self, outgroup_targets, *more_targets, outgroup_branch_length=None)",False,Reroot this tree with the outgroup clade containing outgroup_targets.,parity,"drop-in compatibility; small surface, no large win expected"
Phylo,Bio.Phylo.BaseTree,root_at_midpoint,Tree.root_at_midpoint,method,public,defined,(self),False,Root the tree at the midpoint of the two most distant taxa.,parity,"drop-in compatibility; small surface, no large win expected"
Phylo,Bio.Phylo.BaseTree,is_terminal,Tree.is_terminal,method,public,defined,(self),False,Check if the root of this tree is terminal.,parity,"drop-in compatibility; small surface, no large win expected"
Phylo,Bio.Phylo.BaseTree,format,Tree.format,method,public,defined,"(self, fmt=None)",False,Serialize the tree as a string in the specified file format.,parity,"drop-in compatibility; small surface, no large win expected"
Phylo,Bio.Phylo.BaseTree,Clade,Clade,class,public,defined,,False,A recursively defined sub-tree.,parity,"drop-in compatibility; small surface, no large win expected"
Phylo,Bio.Phylo.BaseTree,root,Clade.root,property,public,defined,(property),False,Allow TreeMixin methods to traverse clades properly.,parity,"drop-in compatibility; small surface, no large win expected"
Phylo,Bio.Phylo.BaseTree,is_terminal,Clade.is_terminal,method,public,defined,(self),False,Check if this is a terminal (leaf) node.,parity,"drop-in compatibility; small surface, no large win expected"
Phylo,Bio.Phylo.BaseTree,color,Clade.color,property,public,defined,(property),False,Branch color.,parity,"drop-in compatibility; small surface, no large win expected"
Phylo,Bio.Phylo.BaseTree,BranchColor,BranchColor,class,public,defined,,False,Indicates the color of a clade when rendered graphically.,parity,"drop-in compatibility; small surface, no large win expected"
Phylo,Bio.Phylo.BaseTree,from_hex,BranchColor.from_hex,classmethod,public,defined,"(cls, hexstr)",False,Construct a BranchColor object from a hexadecimal string.,parity,"drop-in compatibility; small surface, no large win expected"
Phylo,Bio.Phylo.BaseTree,from_name,BranchColor.from_name,classmethod,public,defined,"(cls, colorname)",False,Construct a BranchColor object by the color's name.,parity,"drop-in compatibility; small surface, no large win expected"
Phylo,Bio.Phylo.BaseTree,to_hex,BranchColor.to_hex,method,public,defined,(self),False,Return a 24-bit hexadecimal RGB representation of this color.,parity,"drop-in compatibility; small surface, no large win expected"
Phylo,Bio.Phylo.BaseTree,to_rgb,BranchColor.to_rgb,method,public,defined,(self),False,Return a tuple of RGB values (0 to 255) representing this color.,parity,"drop-in compatibility; small surface, no large win expected"
Phylo,Bio.Phylo.CDAO,Tree,Tree,class,public,defined,,False,CDAO Tree object.,parity,"drop-in compatibility; small surface, no large win expected"
Phylo,Bio.Phylo.CDAO,Clade,Clade,class,public,defined,,False,CDAO Clade (sub-tree) object.,parity,"drop-in compatibility; small surface, no large win expected"
Phylo,Bio.Phylo.Consensus,index_one,_BitString.index_one,method,public,defined,(self),False,Return a list of positions where the element is '1'.,perf,"hot path: measured or structural speed gap, kernel candidate"
Phylo,Bio.Phylo.Consensus,index_zero,_BitString.index_zero,method,public,defined,(self),False,Return a list of positions where the element is '0'.,perf,"hot path: measured or structural speed gap, kernel candidate"
Phylo,Bio.Phylo.Consensus,contains,_BitString.contains,method,public,defined,"(self, other)",False,Check if current bitstr1 contains another one bitstr2.,perf,"hot path: measured or structural speed gap, kernel candidate"
Phylo,Bio.Phylo.Consensus,independent,_BitString.independent,method,public,defined,"(self, other)",False,Check if current bitstr1 is independent of another one bitstr2.,perf,"hot path: measured or structural speed gap, kernel candidate"
Phylo,Bio.Phylo.Consensus,iscompatible,_BitString.iscompatible,method,public,defined,"(self, other)",False,Check if current bitstr1 is compatible with another bitstr2.,perf,"hot path: measured or structural speed gap, kernel candidate"
Phylo,Bio.Phylo.Consensus,from_bool,_BitString.from_bool,classmethod,public,defined,"(cls, bools)",False,,perf,"hot path: measured or structural speed gap, kernel candidate"
Phylo,Bio.Phylo.Consensus,strict_consensus,strict_consensus,function,public,defined,(trees),False,Search strict consensus tree from multiple trees.,perf,"hot path: measured or structural speed gap, kernel candidate"
Phylo,Bio.Phylo.Consensus,majority_consensus,majority_consensus,function,public,defined,"(trees, cutoff=0)",False,Search majority rule consensus tree from multiple trees.,perf,"hot path: measured or structural speed gap, kernel candidate"
Phylo,Bio.Phylo.Consensus,adam_consensus,adam_consensus,function,public,defined,(trees),False,Search Adam Consensus tree from multiple trees.,perf,"hot path: measured or structural speed gap, kernel candidate"
Phylo,Bio.Phylo.Consensus,get_support,get_support,function,public,defined,"(target_tree, trees, len_trees=None)",False,Calculate branch support for a target tree given bootstrap replicate trees.,perf,"hot path: measured or structural speed gap, kernel candidate"
Phylo,Bio.Phylo.Consensus,bootstrap,bootstrap,function,public,defined,"(msa, times)",False,Generate bootstrap replicates from a multiple sequence alignment (OBSOLETE).,perf,"hot path: measured or structural speed gap, kernel candidate"
Phylo,Bio.Phylo.Consensus,bootstrap_trees,bootstrap_trees,function,public,defined,"(alignment, times, tree_constructor)",False,Generate bootstrap replicate trees from a multiple sequence alignment.,perf,"hot path: measured or structural speed gap, kernel candidate"
Phylo,Bio.Phylo.Consensus,bootstrap_consensus,bootstrap_consensus,function,public,defined,"(alignment, times, tree_constructor, consensus)",False,Consensus tree of a series of bootstrap trees for a multiple sequence alignment.,perf,"hot path: measured or structural speed gap, kernel candidate"
Phylo,Bio.Phylo.NeXML,Tree,Tree,class,public,defined,,False,NeXML Tree object.,parity,"drop-in compatibility; small surface, no large win expected"
Phylo,Bio.Phylo.NeXML,Clade,Clade,class,public,defined,,False,NeXML Clade (sub-tree) object.,parity,"drop-in compatibility; small surface, no large win expected"
Phylo,Bio.Phylo.NeXMLIO,qUri,qUri,function,public,defined,(s),False,"Given a prefixed URI, return the full URI.",parity,"drop-in compatibility; small surface, no large win expected"
Phylo,Bio.Phylo.NeXMLIO,cdao_to_obo,cdao_to_obo,function,public,defined,(s),False,Optionally converts a CDAO-prefixed URI into an OBO-prefixed URI.,parity,"drop-in compatibility; small surface, no large win expected"
Phylo,Bio.Phylo.NeXMLIO,matches,matches,function,public,defined,(s),False,Check for matches in both CDAO and OBO namespaces.,parity,"drop-in compatibility; small surface, no large win expected"
Phylo,Bio.Phylo.NeXMLIO,NeXMLError,NeXMLError,exception,public,defined,,False,Exception raised when NeXML object construction cannot continue.,parity,"drop-in compatibility; small surface, no large win expected"
Phylo,Bio.Phylo.NeXMLIO,parse,parse,function,public,defined,"(handle, **kwargs)",False,Iterate over the trees in a NeXML file handle.,parity,"drop-in compatibility; small surface, no large win expected"
Phylo,Bio.Phylo.NeXMLIO,write,write,function,public,defined,"(trees, handle, plain=False, **kwargs)",False,Write a trees in NeXML format to the given file handle.,parity,"drop-in compatibility; small surface, no large win expected"
Phylo,Bio.Phylo.NeXMLIO,Parser,Parser,class,public,defined,,False,Parse a NeXML tree given a file handle.,parity,"drop-in compatibility; small surface, no large win expected"
Phylo,Bio.Phylo.NeXMLIO,from_string,Parser.from_string,classmethod,public,defined,"(cls, treetext)",False,Convert file handle to StringIO object.,parity,"drop-in compatibility; small surface, no large win expected"
Phylo,Bio.Phylo.NeXMLIO,add_annotation,Parser.add_annotation,method,public,defined,"(self, node_dict, meta_node)",False,Add annotations for the NeXML parser.,parity,"drop-in compatibility; small surface, no large win expected"
Phylo,Bio.Phylo.NeXMLIO,parse,Parser.parse,method,public,defined,"(self, values_are_confidence=False, rooted=False)",False,Parse the text stream this object was initialized with.,parity,"drop-in compatibility; small surface, no large win expected"
Phylo,Bio.Phylo.NeXMLIO,Writer,Writer,class,public,defined,,False,"Based on the writer in Bio.Nexus.Trees (str, to_string).",parity,"drop-in compatibility; small surface, no large win expected"
Phylo,Bio.Phylo.NeXMLIO,new_label,Writer.new_label,method,public,defined,"(self, obj_type)",False,Create new labels for the NeXML writer.,parity,"drop-in compatibility; small surface, no large win expected"
Phylo,Bio.Phylo.NeXMLIO,write,Writer.write,method,public,defined,"(self, handle, cdao_to_obo=True, **kwargs)",False,Write this instance's trees to a file handle.,parity,"drop-in compatibility; small surface, no large win expected"
Phylo,Bio.Phylo.Newick,Tree,Tree,class,public,defined,,False,Newick Tree object.,parity,"drop-in compatibility; small surface, no large win expected"
Phylo,Bio.Phylo.Newick,Clade,Clade,class,public,defined,,False,Newick Clade (sub-tree) object.,parity,"drop-in compatibility; small surface, no large win expected"
Phylo,Bio.Phylo.NewickIO,NewickError,NewickError,exception,public,defined,,False,Exception raised when Newick object construction cannot continue.,parity,"drop-in compatibility; small surface, no large win expected"
Phylo,Bio.Phylo.NewickIO,parse,parse,function,public,defined,"(handle, **kwargs)",False,Iterate over the trees in a Newick file handle.,parity,"drop-in compatibility; small surface, no large win expected"
Phylo,Bio.Phylo.NewickIO,write,write,function,public,defined,"(trees, handle, plain=False, **kwargs)",False,Write a trees in Newick format to the given file handle.,parity,"drop-in compatibility; small surface, no large win expected"
Phylo,Bio.Phylo.NewickIO,Parser,Parser,class,public,defined,,False,Parse a Newick tree given a file handle.,parity,"drop-in compatibility; small surface, no large win expected"
Phylo,Bio.Phylo.NewickIO,from_string,Parser.from_string,classmethod,public,defined,"(cls, treetext)",False,Instantiate the Newick Tree class from the given string.,parity,"drop-in compatibility; small surface, no large win expected"
Phylo,Bio.Phylo.NewickIO,parse,Parser.parse,method,public,defined,"(self, values_are_confidence=False, comments_are_confidence=False, rooted=False)",False,Parse the text stream this object was initialized with.,parity,"drop-in compatibility; small surface, no large win expected"
Phylo,Bio.Phylo.NewickIO,new_clade,Parser.new_clade,method,public,defined,"(self, parent=None)",False,"Return new Newick.Clade, optionally with temporary reference to parent.",parity,"drop-in compatibility; small surface, no large win expected"
Phylo,Bio.Phylo.NewickIO,process_clade,Parser.process_clade,method,public,defined,"(self, clade)",False,Remove node's parent and return it. Final processing of parsed clade.,parity,"drop-in compatibility; small surface, no large win expected"
Phylo,Bio.Phylo.NewickIO,Writer,Writer,class,public,defined,,False,"Based on the writer in Bio.Nexus.Trees (str, to_string).",parity,"drop-in compatibility; small surface, no large win expected"
Phylo,Bio.Phylo.NewickIO,write,Writer.write,method,public,defined,"(self, handle, **kwargs)",False,Write this instance's trees to a file handle.,parity,"drop-in compatibility; small surface, no large win expected"
Phylo,Bio.Phylo.NewickIO,to_strings,Writer.to_strings,method,public,defined,"(self, confidence_as_branch_length=False, branch_length_only=False, plain=False, plain_newick=True, ladderize=None, max_confidence=1.0, format_confidence='%1.2f', format_branch_length='%1.8g')",False,Return an iterable of PAUP-compatible tree lines.,parity,"drop-in compatibility; small surface, no large win expected"
Phylo,Bio.Phylo.NexusIO,parse,parse,function,public,defined,(handle),False,Parse the trees in a Nexus file.,parity,"drop-in compatibility; small surface, no large win expected"
Phylo,Bio.Phylo.NexusIO,write,write,function,public,defined,"(obj, handle, **kwargs)",False,Write a new Nexus file containing the given trees.,parity,"drop-in compatibility; small surface, no large win expected"
Phylo,Bio.Phylo.PAML._paml,PamlError,PamlError,exception,public,defined,,False,PAML has failed.,skip,launches an external program
Phylo,Bio.Phylo.PAML._paml,Paml,Paml,class,public,defined,,False,Base class for wrapping PAML commands.,skip,launches an external program
Phylo,Bio.Phylo.PAML._paml,write_ctl_file,Paml.write_ctl_file,method,public,defined,(self),False,Write control file.,skip,launches an external program
Phylo,Bio.Phylo.PAML._paml,read_ctl_file,Paml.read_ctl_file,method,public,defined,(self),False,Read control file.,skip,launches an external program
Phylo,Bio.Phylo.PAML._paml,print_options,Paml.print_options,method,public,defined,(self),False,Print out all of the options and their current settings.,skip,launches an external program
Phylo,Bio.Phylo.PAML._paml,set_options,Paml.set_options,method,public,defined,"(self, **kwargs)",False,Set the value of an option.,skip,launches an external program
Phylo,Bio.Phylo.PAML._paml,get_option,Paml.get_option,method,public,defined,"(self, option)",False,Return the value of an option.,skip,launches an external program
Phylo,Bio.Phylo.PAML._paml,get_all_options,Paml.get_all_options,method,public,defined,(self),False,Return the values of all the options.,skip,launches an external program
Phylo,Bio.Phylo.PAML._paml,run,Paml.run,method,public,defined,"(self, ctl_file, verbose, command)",False,Run a PAML program using the current configuration.,skip,launches an external program
Phylo,Bio.Phylo.PAML._parse_baseml,parse_basics,parse_basics,function,public,defined,"(lines, results)",False,Parse the basics that should be present in most baseml results files.,parity,"drop-in compatibility; small surface, no large win expected"
Phylo,Bio.Phylo.PAML._parse_baseml,parse_parameters,parse_parameters,function,public,defined,"(lines, results, num_params)",False,Parse the various parameters from the file.,parity,"drop-in compatibility; small surface, no large win expected"
Phylo,Bio.Phylo.PAML._parse_baseml,parse_parameter_list,parse_parameter_list,function,public,defined,"(lines, parameters, num_params)",False,"Parse the parameters list, which is just an unlabeled list of numeric values.",parity,"drop-in compatibility; small surface, no large win expected"
Phylo,Bio.Phylo.PAML._parse_baseml,parse_kappas,parse_kappas,function,public,defined,"(lines, parameters)",False,Parse out the kappa parameters.,parity,"drop-in compatibility; small surface, no large win expected"
Phylo,Bio.Phylo.PAML._parse_baseml,parse_rates,parse_rates,function,public,defined,"(lines, parameters)",False,Parse the rate parameters.,parity,"drop-in compatibility; small surface, no large win expected"
Phylo,Bio.Phylo.PAML._parse_baseml,parse_freqs,parse_freqs,function,public,defined,"(lines, parameters)",False,Parse the basepair frequencies.,parity,"drop-in compatibility; small surface, no large win expected"
Phylo,Bio.Phylo.PAML._parse_codeml,parse_basics,parse_basics,function,public,defined,"(lines, results)",False,Parse the basic information that should be present in most codeml output files.,parity,"drop-in compatibility; small surface, no large win expected"
Phylo,Bio.Phylo.PAML._parse_codeml,parse_nssites,parse_nssites,function,public,defined,"(lines, results, multi_models, multi_genes)",False,Determine which NSsites models are present and parse them.,parity,"drop-in compatibility; small surface, no large win expected"
Phylo,Bio.Phylo.PAML._parse_codeml,parse_model,parse_model,function,public,defined,"(lines, results)",False,Parse an individual NSsites model's results.,parity,"drop-in compatibility; small surface, no large win expected"
Phylo,Bio.Phylo.PAML._parse_codeml,parse_siteclass_proportions,parse_siteclass_proportions,function,public,defined,(line_floats),False,Find proportion of alignment assigned to each class.,parity,"drop-in compatibility; small surface, no large win expected"
Phylo,Bio.Phylo.PAML._parse_codeml,parse_siteclass_omegas,parse_siteclass_omegas,function,public,defined,"(line, site_classes)",False,Find omega estimate for each class.,parity,"drop-in compatibility; small surface, no large win expected"
Phylo,Bio.Phylo.PAML._parse_codeml,parse_clademodelc,parse_clademodelc,function,public,defined,"(branch_type_no, line_floats, site_classes)",False,Parse results specific to the clade model C.,parity,"drop-in compatibility; small surface, no large win expected"
Phylo,Bio.Phylo.PAML._parse_codeml,parse_branch_site_a,parse_branch_site_a,function,public,defined,"(foreground, line_floats, site_classes)",False,Parse results specific to the branch site A model.,parity,"drop-in compatibility; small surface, no large win expected"
Phylo,Bio.Phylo.PAML._parse_codeml,parse_pairwise,parse_pairwise,function,public,defined,"(lines, results)",False,Parse results from pairwise comparisons.,parity,"drop-in compatibility; small surface, no large win expected"
Phylo,Bio.Phylo.PAML._parse_codeml,parse_distances,parse_distances,function,public,defined,"(lines, results)",False,Parse amino acid sequence distance results.,parity,"drop-in compatibility; small surface, no large win expected"
Phylo,Bio.Phylo.PAML._parse_yn00,parse_ng86,parse_ng86,function,public,defined,"(lines, results)",False,Parse the Nei & Gojobori (1986) section of the results.,parity,"drop-in compatibility; small surface, no large win expected"
Phylo,Bio.Phylo.PAML._parse_yn00,parse_yn00,parse_yn00,function,public,defined,"(lines, results, sequences)",False,Parse the Yang & Nielsen (2000) part of the results.,parity,"drop-in compatibility; small surface, no large win expected"
Phylo,Bio.Phylo.PAML._parse_yn00,parse_others,parse_others,function,public,defined,"(lines, results, sequences)",False,Parse the results from the other methods.,parity,"drop-in compatibility; small surface, no large win expected"
Phylo,Bio.Phylo.PAML.baseml,BasemlError,BasemlError,exception,public,defined,,False,BASEML failed. Run with verbose=True to view BASEML's error message.,skip,launches an external program
Phylo,Bio.Phylo.PAML.baseml,Baseml,Baseml,class,public,defined,,False,"An interface to BASEML, part of the PAML package.",skip,launches an external program
Phylo,Bio.Phylo.PAML.baseml,write_ctl_file,Baseml.write_ctl_file,method,public,defined,(self),False,Dynamically build a BASEML control file from the options.,skip,launches an external program
Phylo,Bio.Phylo.PAML.baseml,read_ctl_file,Baseml.read_ctl_file,method,public,defined,"(self, ctl_file)",False,Parse a control file and load the options into the Baseml instance.,skip,launches an external program
Phylo,Bio.Phylo.PAML.baseml,run,Baseml.run,method,public,defined,"(self, ctl_file=None, verbose=False, command='baseml', parse=True)",False,Run ``baseml`` using the current configuration.,skip,launches an external program
Phylo,Bio.Phylo.PAML.baseml,read,read,function,public,defined,(results_file),False,Parse a BASEML results file.,skip,launches an external program
Phylo,Bio.Phylo.PAML.chi2,cdf_chi2,cdf_chi2,function,public,defined,"(df, stat)",False,"Compute p-value, from distribution function and test statistics.",parity,"drop-in compatibility; small surface, no large win expected"
Phylo,Bio.Phylo.PAML.codeml,CodemlError,CodemlError,exception,public,defined,,False,CODEML failed. Run with verbose=True to view CODEML's error message.,skip,launches an external program
Phylo,Bio.Phylo.PAML.codeml,Codeml,Codeml,class,public,defined,,False,"An interface to CODEML, part of the PAML package.",skip,launches an external program
Phylo,Bio.Phylo.PAML.codeml,write_ctl_file,Codeml.write_ctl_file,method,public,defined,(self),False,Dynamically build a CODEML control file from the options.,skip,launches an external program
Phylo,Bio.Phylo.PAML.codeml,read_ctl_file,Codeml.read_ctl_file,method,public,defined,"(self, ctl_file)",False,Parse a control file and load the options into the Codeml instance.,skip,launches an external program
Phylo,Bio.Phylo.PAML.codeml,print_options,Codeml.print_options,method,public,defined,(self),False,Print out all of the options and their current settings.,skip,launches an external program
Phylo,Bio.Phylo.PAML.codeml,run,Codeml.run,method,public,defined,"(self, ctl_file=None, verbose=False, command='codeml', parse=True)",False,Run ``codeml`` using the current configuration.,skip,launches an external program
Phylo,Bio.Phylo.PAML.codeml,read,read,function,public,defined,(results_file),False,Parse a CODEML results file.,skip,launches an external program
Phylo,Bio.Phylo.PAML.yn00,Yn00Error,Yn00Error,exception,public,defined,,False,YN00 failed. Run with verbose=True to view YN00's error message.,skip,launches an external program
Phylo,Bio.Phylo.PAML.yn00,Yn00,Yn00,class,public,defined,,False,"An interface to YN00, part of the PAML package.",skip,launches an external program
Phylo,Bio.Phylo.PAML.yn00,write_ctl_file,Yn00.write_ctl_file,method,public,defined,(self),False,Dynamically build a YN00 control file from the options.,skip,launches an external program
Phylo,Bio.Phylo.PAML.yn00,read_ctl_file,Yn00.read_ctl_file,method,public,defined,"(self, ctl_file)",False,Parse a control file and load the options into the Yn00 instance.,skip,launches an external program
Phylo,Bio.Phylo.PAML.yn00,run,Yn00.run,method,public,defined,"(self, ctl_file=None, verbose=False, command='yn00', parse=True)",False,Run ``yn00`` using the current configuration.,skip,launches an external program
Phylo,Bio.Phylo.PAML.yn00,read,read,function,public,defined,(results_file),False,Parse a YN00 results file.,skip,launches an external program
Phylo,Bio.Phylo.PhyloXML,PhyloXMLWarning,PhyloXMLWarning,exception,public,defined,,False,Warning for non-compliance with the phyloXML specification.,parity,"drop-in compatibility; small surface, no large win expected"
Phylo,Bio.Phylo.PhyloXML,PhyloElement,PhyloElement,class,public,defined,,False,Base class for all PhyloXML objects.,parity,"drop-in compatibility; small surface, no large win expected"
Phylo,Bio.Phylo.PhyloXML,Phyloxml,Phyloxml,class,public,defined,,False,Root node of the PhyloXML document.,parity,"drop-in compatibility; small surface, no large win expected"
Phylo,Bio.Phylo.PhyloXML,Other,Other,class,public,defined,,False,Container for non-phyloXML elements in the tree.,parity,"drop-in compatibility; small surface, no large win expected"
Phylo,Bio.Phylo.PhyloXML,Phylogeny,Phylogeny,class,public,defined,,False,A phylogenetic tree.,parity,"drop-in compatibility; small surface, no large win expected"
Phylo,Bio.Phylo.PhyloXML,from_tree,Phylogeny.from_tree,classmethod,public,defined,"(cls, tree, **kwargs)",False,Create a new Phylogeny given a Tree (from Newick/Nexus or BaseTree).,parity,"drop-in compatibility; small surface, no large win expected"
Phylo,Bio.Phylo.PhyloXML,from_clade,Phylogeny.from_clade,classmethod,public,defined,"(cls, clade, **kwargs)",False,Create a new Phylogeny given a Newick or BaseTree Clade object.,parity,"drop-in compatibility; small surface, no large win expected"
Phylo,Bio.Phylo.PhyloXML,as_phyloxml,Phylogeny.as_phyloxml,method,public,defined,(self),False,"Return this tree, a PhyloXML-compatible Phylogeny object.",parity,"drop-in compatibility; small surface, no large win expected"
Phylo,Bio.Phylo.PhyloXML,to_phyloxml_container,Phylogeny.to_phyloxml_container,method,public,defined,"(self, **kwargs)",False,Create a new Phyloxml object containing just this phylogeny.,parity,"drop-in compatibility; small surface, no large win expected"
Phylo,Bio.Phylo.PhyloXML,to_alignment,Phylogeny.to_alignment,method,public,defined,(self),False,Construct a MultipleSeqAlignment from the aligned sequences in this tree.,parity,"drop-in compatibility; small surface, no large win expected"
Phylo,Bio.Phylo.PhyloXML,alignment,Phylogeny.alignment,property,public,defined,(property),False,Construct an Alignment object from the aligned sequences in this tree.,parity,"drop-in compatibility; small surface, no large win expected"
Phylo,Bio.Phylo.PhyloXML,confidence,Phylogeny.confidence,property,public,defined,(property),False,Equivalent to self.confidences[0] if there is only 1 value (PRIVATE).,parity,"drop-in compatibility; small surface, no large win expected"
Phylo,Bio.Phylo.PhyloXML,Clade,Clade,class,public,defined,,False,Describes a branch of the current phylogenetic tree.,parity,"drop-in compatibility; small surface, no large win expected"
Phylo,Bio.Phylo.PhyloXML,from_clade,Clade.from_clade,classmethod,public,defined,"(cls, clade, **kwargs)",False,Create a new PhyloXML Clade from a Newick or BaseTree Clade object.,parity,"drop-in compatibility; small surface, no large win expected"
Phylo,Bio.Phylo.PhyloXML,to_phylogeny,Clade.to_phylogeny,method,public,defined,"(self, **kwargs)",False,Create a new phylogeny containing just this clade.,parity,"drop-in compatibility; small surface, no large win expected"
Phylo,Bio.Phylo.PhyloXML,confidence,Clade.confidence,property,public,defined,(property),False,Return confidence values (PRIVATE).,parity,"drop-in compatibility; small surface, no large win expected"
Phylo,Bio.Phylo.PhyloXML,taxonomy,Clade.taxonomy,property,public,defined,(property),False,Get taxonomy list for the clade (PRIVATE).,parity,"drop-in compatibility; small surface, no large win expected"
Phylo,Bio.Phylo.PhyloXML,BranchColor,BranchColor,class,public,defined,,False,Manage Tree branch's color.,parity,"drop-in compatibility; small surface, no large win expected"
Phylo,Bio.Phylo.PhyloXML,Accession,Accession,class,public,defined,,False,Captures the local part in a sequence identifier.,parity,"drop-in compatibility; small surface, no large win expected"
Phylo,Bio.Phylo.PhyloXML,Annotation,Annotation,class,public,defined,,False,The annotation of a molecular sequence.,parity,"drop-in compatibility; small surface, no large win expected"
Phylo,Bio.Phylo.PhyloXML,BinaryCharacters,BinaryCharacters,class,public,defined,,False,Binary characters at the root of a clade.,parity,"drop-in compatibility; small surface, no large win expected"
Phylo,Bio.Phylo.PhyloXML,CladeRelation,CladeRelation,class,public,defined,,False,Expresses a typed relationship between two clades.,parity,"drop-in compatibility; small surface, no large win expected"
Phylo,Bio.Phylo.PhyloXML,Confidence,Confidence,class,public,defined,,False,A general purpose confidence element.,parity,"drop-in compatibility; small surface, no large win expected"
Phylo,Bio.Phylo.PhyloXML,value,Confidence.value,property,public,defined,(property),False,Return the float value of the Confidence object.,parity,"drop-in compatibility; small surface, no large win expected"
Phylo,Bio.Phylo.PhyloXML,Date,Date,class,public,defined,,False,A date associated with a clade/node.,parity,"drop-in compatibility; small surface, no large win expected"
Phylo,Bio.Phylo.PhyloXML,Distribution,Distribution,class,public,defined,,False,"Geographic distribution of the items of a clade (species, sequences).",parity,"drop-in compatibility; small surface, no large win expected"
Phylo,Bio.Phylo.PhyloXML,DomainArchitecture,DomainArchitecture,class,public,defined,,False,Domain architecture of a protein.,parity,"drop-in compatibility; small surface, no large win expected"
Phylo,Bio.Phylo.PhyloXML,Events,Events,class,public,defined,,False,Events at the root node of a clade (e.g. one gene duplication).,parity,"drop-in compatibility; small surface, no large win expected"
Phylo,Bio.Phylo.PhyloXML,items,Events.items,method,public,defined,(self),False,Return Event's items.,parity,"drop-in compatibility; small surface, no large win expected"
Phylo,Bio.Phylo.PhyloXML,keys,Events.keys,method,public,defined,(self),False,Return Event's keys.,parity,"drop-in compatibility; small surface, no large win expected"
Phylo,Bio.Phylo.PhyloXML,values,Events.values,method,public,defined,(self),False,Return values from a key-value pair in an Events dict.,parity,"drop-in compatibility; small surface, no large win expected"
Phylo,Bio.Phylo.PhyloXML,Id,Id,class,public,defined,,False,A general-purpose identifier element.,parity,"drop-in compatibility; small surface, no large win expected"
Phylo,Bio.Phylo.PhyloXML,MolSeq,MolSeq,class,public,defined,,False,Store a molecular sequence.,parity,"drop-in compatibility; small surface, no large win expected"
Phylo,Bio.Phylo.PhyloXML,Point,Point,class,public,defined,,False,"Geographic coordinates of a point, with an optional altitude.",parity,"drop-in compatibility; small surface, no large win expected"
Phylo,Bio.Phylo.PhyloXML,Polygon,Polygon,class,public,defined,,False,A polygon defined by a list of 'Points' (used by element 'Distribution').,parity,"drop-in compatibility; small surface, no large win expected"
Phylo,Bio.Phylo.PhyloXML,Property,Property,class,public,defined,,False,A typed and referenced property from an external resources.,parity,"drop-in compatibility; small surface, no large win expected"
Phylo,Bio.Phylo.PhyloXML,ProteinDomain,ProteinDomain,class,public,defined,,False,Represents an individual domain in a domain architecture.,parity,"drop-in compatibility; small surface, no large win expected"
Phylo,Bio.Phylo.PhyloXML,from_seqfeature,ProteinDomain.from_seqfeature,classmethod,public,defined,"(cls, feat)",False,Create ProteinDomain object from SeqFeature.,parity,"drop-in compatibility; small surface, no large win expected"
Phylo,Bio.Phylo.PhyloXML,to_seqfeature,ProteinDomain.to_seqfeature,method,public,defined,(self),False,Create a SeqFeature from the ProteinDomain Object.,parity,"drop-in compatibility; small surface, no large win expected"
Phylo,Bio.Phylo.PhyloXML,Reference,Reference,class,public,defined,,False,Literature reference for a clade.,parity,"drop-in compatibility; small surface, no large win expected"
Phylo,Bio.Phylo.PhyloXML,Sequence,Sequence,class,public,defined,,False,"A molecular sequence (Protein, DNA, RNA) associated with a node.",parity,"drop-in compatibility; small surface, no large win expected"
Phylo,Bio.Phylo.PhyloXML,from_seqrecord,Sequence.from_seqrecord,classmethod,public,defined,"(cls, record, is_aligned=None)",False,Create a new PhyloXML Sequence from a SeqRecord object.,parity,"drop-in compatibility; small surface, no large win expected"
Phylo,Bio.Phylo.PhyloXML,to_seqrecord,Sequence.to_seqrecord,method,public,defined,(self),False,Create a SeqRecord object from this Sequence instance.,parity,"drop-in compatibility; small surface, no large win expected"
Phylo,Bio.Phylo.PhyloXML,SequenceRelation,SequenceRelation,class,public,defined,,False,Express a typed relationship between two sequences.,parity,"drop-in compatibility; small surface, no large win expected"
Phylo,Bio.Phylo.PhyloXML,Taxonomy,Taxonomy,class,public,defined,,False,Describe taxonomic information for a clade.,parity,"drop-in compatibility; small surface, no large win expected"
Phylo,Bio.Phylo.PhyloXML,Uri,Uri,class,public,defined,,False,A uniform resource identifier.,parity,"drop-in compatibility; small surface, no large win expected"
Phylo,Bio.Phylo.PhyloXMLIO,PhyloXMLError,PhyloXMLError,exception,public,defined,,False,Exception raised when PhyloXML object construction cannot continue.,parity,"drop-in compatibility; small surface, no large win expected"
Phylo,Bio.Phylo.PhyloXMLIO,read,read,function,public,defined,(file),False,Parse a phyloXML file or stream and build a tree of Biopython objects.,parity,"drop-in compatibility; small surface, no large win expected"
Phylo,Bio.Phylo.PhyloXMLIO,parse,parse,function,public,defined,(file),False,Iterate over the phylogenetic trees in a phyloXML file.,parity,"drop-in compatibility; small surface, no large win expected"
Phylo,Bio.Phylo.PhyloXMLIO,write,write,function,public,defined,"(obj, file, encoding='unicode', indent=True)",False,Write a phyloXML file.,parity,"drop-in compatibility; small surface, no large win expected"
Phylo,Bio.Phylo.PhyloXMLIO,Parser,Parser,class,public,defined,,False,Methods for parsing all phyloXML nodes from an XML stream.,parity,"drop-in compatibility; small surface, no large win expected"
Phylo,Bio.Phylo.PhyloXMLIO,read,Parser.read,method,public,defined,(self),False,Parse the phyloXML file and create a single Phyloxml object.,parity,"drop-in compatibility; small surface, no large win expected"
Phylo,Bio.Phylo.PhyloXMLIO,parse,Parser.parse,method,public,defined,(self),False,Parse the phyloXML file incrementally and return each phylogeny.,parity,"drop-in compatibility; small surface, no large win expected"
Phylo,Bio.Phylo.PhyloXMLIO,other,Parser.other,method,public,defined,"(self, elem, namespace, localtag)",False,"Create an Other object, a non-phyloXML element.",parity,"drop-in compatibility; small surface, no large win expected"
Phylo,Bio.Phylo.PhyloXMLIO,accession,Parser.accession,method,public,defined,"(self, elem)",False,Create accession object.,parity,"drop-in compatibility; small surface, no large win expected"
Phylo,Bio.Phylo.PhyloXMLIO,annotation,Parser.annotation,method,public,defined,"(self, elem)",False,Create annotation object.,parity,"drop-in compatibility; small surface, no large win expected"
Phylo,Bio.Phylo.PhyloXMLIO,binary_characters,Parser.binary_characters,method,public,defined,"(self, elem)",False,Create binary characters object.,parity,"drop-in compatibility; small surface, no large win expected"
Phylo,Bio.Phylo.PhyloXMLIO,clade_relation,Parser.clade_relation,method,public,defined,"(self, elem)",False,Create clade relationship object.,parity,"drop-in compatibility; small surface, no large win expected"
Phylo,Bio.Phylo.PhyloXMLIO,color,Parser.color,method,public,defined,"(self, elem)",False,Create branch color object.,parity,"drop-in compatibility; small surface, no large win expected"
Phylo,Bio.Phylo.PhyloXMLIO,confidence,Parser.confidence,method,public,defined,"(self, elem)",False,Create confidence object.,parity,"drop-in compatibility; small surface, no large win expected"
Phylo,Bio.Phylo.PhyloXMLIO,date,Parser.date,method,public,defined,"(self, elem)",False,Create date object.,parity,"drop-in compatibility; small surface, no large win expected"
Phylo,Bio.Phylo.PhyloXMLIO,distribution,Parser.distribution,method,public,defined,"(self, elem)",False,Create geographic distribution object.,parity,"drop-in compatibility; small surface, no large win expected"
Phylo,Bio.Phylo.PhyloXMLIO,domain,Parser.domain,method,public,defined,"(self, elem)",False,Create protein domain object.,parity,"drop-in compatibility; small surface, no large win expected"
Phylo,Bio.Phylo.PhyloXMLIO,domain_architecture,Parser.domain_architecture,method,public,defined,"(self, elem)",False,Create domain architecture object.,parity,"drop-in compatibility; small surface, no large win expected"
Phylo,Bio.Phylo.PhyloXMLIO,events,Parser.events,method,public,defined,"(self, elem)",False,Create events object.,parity,"drop-in compatibility; small surface, no large win expected"
Phylo,Bio.Phylo.PhyloXMLIO,id,Parser.id,method,public,defined,"(self, elem)",False,Create identifier object.,parity,"drop-in compatibility; small surface, no large win expected"
Phylo,Bio.Phylo.PhyloXMLIO,mol_seq,Parser.mol_seq,method,public,defined,"(self, elem)",False,Create molecular sequence object.,parity,"drop-in compatibility; small surface, no large win expected"
Phylo,Bio.Phylo.PhyloXMLIO,point,Parser.point,method,public,defined,"(self, elem)",False,"Create point object, coordinates of a point.",parity,"drop-in compatibility; small surface, no large win expected"
Phylo,Bio.Phylo.PhyloXMLIO,polygon,Parser.polygon,method,public,defined,"(self, elem)",False,"Create polygon object, list of points.",parity,"drop-in compatibility; small surface, no large win expected"
Phylo,Bio.Phylo.PhyloXMLIO,property,Parser.property,method,public,defined,"(self, elem)",False,Create properties from external resources.,parity,"drop-in compatibility; small surface, no large win expected"
Phylo,Bio.Phylo.PhyloXMLIO,reference,Parser.reference,method,public,defined,"(self, elem)",False,Create literature reference object.,parity,"drop-in compatibility; small surface, no large win expected"
Phylo,Bio.Phylo.PhyloXMLIO,sequence_relation,Parser.sequence_relation,method,public,defined,"(self, elem)",False,"Create sequence relationship object, relationship between two sequences.",parity,"drop-in compatibility; small surface, no large win expected"
Phylo,Bio.Phylo.PhyloXMLIO,uri,Parser.uri,method,public,defined,"(self, elem)",False,"Create uri object, expected to be a url.",parity,"drop-in compatibility; small surface, no large win expected"
Phylo,Bio.Phylo.PhyloXMLIO,Writer,Writer,class,public,defined,,False,Methods for serializing a PhyloXML object to XML.,parity,"drop-in compatibility; small surface, no large win expected"
Phylo,Bio.Phylo.PhyloXMLIO,write,Writer.write,method,public,defined,"(self, file, encoding='unicode', indent=True)",False,Write PhyloXML to a file.,parity,"drop-in compatibility; small surface, no large win expected"
Phylo,Bio.Phylo.PhyloXMLIO,phyloxml,Writer.phyloxml,method,public,defined,"(self, obj)",False,Convert phyloxml to Etree element.,parity,"drop-in compatibility; small surface, no large win expected"
Phylo,Bio.Phylo.PhyloXMLIO,other,Writer.other,method,public,defined,"(self, obj)",False,Convert other to Etree element.,parity,"drop-in compatibility; small surface, no large win expected"
Phylo,Bio.Phylo.PhyloXMLIO,phylogeny,Writer.phylogeny,method,public,defined,"(self, obj)",False,"Serialize a phylogeny and its subnodes, in order.",parity,"drop-in compatibility; small surface, no large win expected"
Phylo,Bio.Phylo.PhyloXMLIO,clade,Writer.clade,method,public,defined,"(self, obj)",False,"Serialize a clade and its subnodes, in order.",parity,"drop-in compatibility; small surface, no large win expected"
Phylo,Bio.Phylo.PhyloXMLIO,accession,Writer.accession,method,public,defined,"(self, obj)",False,"Serialize a accession and its subnodes, in order.",parity,"drop-in compatibility; small surface, no large win expected"
Phylo,Bio.Phylo.PhyloXMLIO,annotation,Writer.annotation,method,public,defined,"(self, obj)",False,"Serialize a annotation and its subnodes, in order.",parity,"drop-in compatibility; small surface, no large win expected"
Phylo,Bio.Phylo.PhyloXMLIO,binary_characters,Writer.binary_characters,method,public,defined,"(self, obj)",False,Serialize a binary_characters node and its subnodes.,parity,"drop-in compatibility; small surface, no large win expected"
Phylo,Bio.Phylo.PhyloXMLIO,clade_relation,Writer.clade_relation,method,public,defined,"(self, obj)",False,"Serialize a clade_relation and its subnodes, in order.",parity,"drop-in compatibility; small surface, no large win expected"
Phylo,Bio.Phylo.PhyloXMLIO,color,Writer.color,method,public,defined,"(self, obj)",False,"Serialize a color and its subnodes, in order.",parity,"drop-in compatibility; small surface, no large win expected"
Phylo,Bio.Phylo.PhyloXMLIO,confidence,Writer.confidence,method,public,defined,"(self, obj)",False,"Serialize a confidence and its subnodes, in order.",parity,"drop-in compatibility; small surface, no large win expected"
Phylo,Bio.Phylo.PhyloXMLIO,date,Writer.date,method,public,defined,"(self, obj)",False,"Serialize a date and its subnodes, in order.",parity,"drop-in compatibility; small surface, no large win expected"
Phylo,Bio.Phylo.PhyloXMLIO,distribution,Writer.distribution,method,public,defined,"(self, obj)",False,"Serialize a distribution and its subnodes, in order.",parity,"drop-in compatibility; small surface, no large win expected"
Phylo,Bio.Phylo.PhyloXMLIO,domain,Writer.domain,method,public,defined,"(self, obj)",False,Serialize a domain node.,parity,"drop-in compatibility; small surface, no large win expected"
Phylo,Bio.Phylo.PhyloXMLIO,domain_architecture,Writer.domain_architecture,method,public,defined,"(self, obj)",False,"Serialize a domain_architecture and its subnodes, in order.",parity,"drop-in compatibility; small surface, no large win expected"
Phylo,Bio.Phylo.PhyloXMLIO,events,Writer.events,method,public,defined,"(self, obj)",False,"Serialize a events and its subnodes, in order.",parity,"drop-in compatibility; small surface, no large win expected"
Phylo,Bio.Phylo.PhyloXMLIO,id,Writer.id,method,public,defined,"(self, obj)",False,"Serialize a id and its subnodes, in order.",parity,"drop-in compatibility; small surface, no large win expected"
Phylo,Bio.Phylo.PhyloXMLIO,mol_seq,Writer.mol_seq,method,public,defined,"(self, obj)",False,"Serialize a mol_seq and its subnodes, in order.",parity,"drop-in compatibility; small surface, no large win expected"
Phylo,Bio.Phylo.PhyloXMLIO,node_id,Writer.node_id,method,public,defined,"(self, obj)",False,"Serialize a node_id and its subnodes, in order.",parity,"drop-in compatibility; small surface, no large win expected"
Phylo,Bio.Phylo.PhyloXMLIO,point,Writer.point,method,public,defined,"(self, obj)",False,"Serialize a point and its subnodes, in order.",parity,"drop-in compatibility; small surface, no large win expected"
Phylo,Bio.Phylo.PhyloXMLIO,polygon,Writer.polygon,method,public,defined,"(self, obj)",False,"Serialize a polygon and its subnodes, in order.",parity,"drop-in compatibility; small surface, no large win expected"
Phylo,Bio.Phylo.PhyloXMLIO,property,Writer.property,method,public,defined,"(self, obj)",False,"Serialize a property and its subnodes, in order.",parity,"drop-in compatibility; small surface, no large win expected"
Phylo,Bio.Phylo.PhyloXMLIO,reference,Writer.reference,method,public,defined,"(self, obj)",False,"Serialize a reference and its subnodes, in order.",parity,"drop-in compatibility; small surface, no large win expected"
Phylo,Bio.Phylo.PhyloXMLIO,sequence,Writer.sequence,method,public,defined,"(self, obj)",False,"Serialize a sequence and its subnodes, in order.",parity,"drop-in compatibility; small surface, no large win expected"
Phylo,Bio.Phylo.PhyloXMLIO,sequence_relation,Writer.sequence_relation,method,public,defined,"(self, obj)",False,"Serialize a sequence_relation and its subnodes, in order.",parity,"drop-in compatibility; small surface, no large win expected"
Phylo,Bio.Phylo.PhyloXMLIO,taxonomy,Writer.taxonomy,method,public,defined,"(self, obj)",False,"Serialize a taxonomy and its subnodes, in order.",parity,"drop-in compatibility; small surface, no large win expected"
Phylo,Bio.Phylo.PhyloXMLIO,uri,Writer.uri,method,public,defined,"(self, obj)",False,"Serialize a uri and its subnodes, in order.",parity,"drop-in compatibility; small surface, no large win expected"
Phylo,Bio.Phylo.PhyloXMLIO,alt,Writer.alt,method,public,defined,"(self, obj)",False,Serialize a simple alt node.,parity,"drop-in compatibility; small surface, no large win expected"
Phylo,Bio.Phylo.PhyloXMLIO,branch_length,Writer.branch_length,method,public,defined,"(self, obj)",False,Serialize a simple branch_length node.,parity,"drop-in compatibility; small surface, no large win expected"
Phylo,Bio.Phylo.PhyloXMLIO,lat,Writer.lat,method,public,defined,"(self, obj)",False,Serialize a simple lat node.,parity,"drop-in compatibility; small surface, no large win expected"
Phylo,Bio.Phylo.PhyloXMLIO,long,Writer.long,method,public,defined,"(self, obj)",False,Serialize a simple long node.,parity,"drop-in compatibility; small surface, no large win expected"
Phylo,Bio.Phylo.PhyloXMLIO,maximum,Writer.maximum,method,public,defined,"(self, obj)",False,Serialize a simple maximum node.,parity,"drop-in compatibility; small surface, no large win expected"
Phylo,Bio.Phylo.PhyloXMLIO,minimum,Writer.minimum,method,public,defined,"(self, obj)",False,Serialize a simple minimum node.,parity,"drop-in compatibility; small surface, no large win expected"
Phylo,Bio.Phylo.PhyloXMLIO,value,Writer.value,method,public,defined,"(self, obj)",False,Serialize a simple value node.,parity,"drop-in compatibility; small surface, no large win expected"
Phylo,Bio.Phylo.PhyloXMLIO,width,Writer.width,method,public,defined,"(self, obj)",False,Serialize a simple width node.,parity,"drop-in compatibility; small surface, no large win expected"
Phylo,Bio.Phylo.PhyloXMLIO,blue,Writer.blue,method,public,defined,"(self, obj)",False,Serialize a simple blue node.,parity,"drop-in compatibility; small surface, no large win expected"
Phylo,Bio.Phylo.PhyloXMLIO,duplications,Writer.duplications,method,public,defined,"(self, obj)",False,Serialize a simple duplications node.,parity,"drop-in compatibility; small surface, no large win expected"
Phylo,Bio.Phylo.PhyloXMLIO,green,Writer.green,method,public,defined,"(self, obj)",False,Serialize a simple green node.,parity,"drop-in compatibility; small surface, no large win expected"
Phylo,Bio.Phylo.PhyloXMLIO,losses,Writer.losses,method,public,defined,"(self, obj)",False,Serialize a simple losses node.,parity,"drop-in compatibility; small surface, no large win expected"
Phylo,Bio.Phylo.PhyloXMLIO,red,Writer.red,method,public,defined,"(self, obj)",False,Serialize a simple red node.,parity,"drop-in compatibility; small surface, no large win expected"
Phylo,Bio.Phylo.PhyloXMLIO,speciations,Writer.speciations,method,public,defined,"(self, obj)",False,Serialize a simple speciations node.,parity,"drop-in compatibility; small surface, no large win expected"
Phylo,Bio.Phylo.PhyloXMLIO,bc,Writer.bc,method,public,defined,"(self, obj)",False,Serialize a simple bc node.,parity,"drop-in compatibility; small surface, no large win expected"
Phylo,Bio.Phylo.PhyloXMLIO,code,Writer.code,method,public,defined,"(self, obj)",False,Serialize a simple code node.,parity,"drop-in compatibility; small surface, no large win expected"
Phylo,Bio.Phylo.PhyloXMLIO,common_name,Writer.common_name,method,public,defined,"(self, obj)",False,Serialize a simple common_name node.,parity,"drop-in compatibility; small surface, no large win expected"
Phylo,Bio.Phylo.PhyloXMLIO,desc,Writer.desc,method,public,defined,"(self, obj)",False,Serialize a simple desc node.,parity,"drop-in compatibility; small surface, no large win expected"
Phylo,Bio.Phylo.PhyloXMLIO,description,Writer.description,method,public,defined,"(self, obj)",False,Serialize a simple description node.,parity,"drop-in compatibility; small surface, no large win expected"
Phylo,Bio.Phylo.PhyloXMLIO,location,Writer.location,method,public,defined,"(self, obj)",False,Serialize a simple location node.,parity,"drop-in compatibility; small surface, no large win expected"
Phylo,Bio.Phylo.PhyloXMLIO,name,Writer.name,method,public,defined,"(self, obj)",False,Serialize a simple name node.,parity,"drop-in compatibility; small surface, no large win expected"
Phylo,Bio.Phylo.PhyloXMLIO,rank,Writer.rank,method,public,defined,"(self, obj)",False,Serialize a simple rank node.,parity,"drop-in compatibility; small surface, no large win expected"
Phylo,Bio.Phylo.PhyloXMLIO,scientific_name,Writer.scientific_name,method,public,defined,"(self, obj)",False,Serialize a simple scientific_name node.,parity,"drop-in compatibility; small surface, no large win expected"
Phylo,Bio.Phylo.PhyloXMLIO,symbol,Writer.symbol,method,public,defined,"(self, obj)",False,Serialize a simple symbol node.,parity,"drop-in compatibility; small surface, no large win expected"
Phylo,Bio.Phylo.PhyloXMLIO,synonym,Writer.synonym,method,public,defined,"(self, obj)",False,Serialize a simple synonym node.,parity,"drop-in compatibility; small surface, no large win expected"
Phylo,Bio.Phylo.PhyloXMLIO,type,Writer.type,method,public,defined,"(self, obj)",False,Serialize a simple type node.,parity,"drop-in compatibility; small surface, no large win expected"
Phylo,Bio.Phylo.TreeConstruction,insert,_Matrix.insert,method,public,defined,"(self, name, value, index=None)",False,Insert distances given the name and value.,perf,"hot path: measured or structural speed gap, kernel candidate"
Phylo,Bio.Phylo.TreeConstruction,DistanceMatrix,DistanceMatrix,class,public,defined,,False,Distance matrix class that can be used for distance based tree algorithms.,perf,"hot path: measured or structural speed gap, kernel candidate"
Phylo,Bio.Phylo.TreeConstruction,format_phylip,DistanceMatrix.format_phylip,method,public,defined,"(self, handle)",False,Write data in Phylip format to a given file-like object or handle.,perf,"hot path: measured or structural speed gap, kernel candidate"
Phylo,Bio.Phylo.TreeConstruction,format_phylip,DistanceMatrix.format_phylip,method,public,defined,"(self, handle)",False,Write data in Phylip format to a given file-like object or handle.,perf,"hot path: measured or structural speed gap, kernel candidate"
Phylo,Bio.Phylo.TreeConstruction,DistanceCalculator,DistanceCalculator,class,public,defined,,False,Calculates the distance matrix from a DNA or protein sequence alignment.,perf,"hot path: measured or structural speed gap, kernel candidate"
Phylo,Bio.Phylo.TreeConstruction,get_distance,DistanceCalculator.get_distance,method,public,defined,"(self, msa)",False,Return a DistanceMatrix for an Alignment or MultipleSeqAlignment object.,perf,"hot path: measured or structural speed gap, kernel candidate"
Phylo,Bio.Phylo.TreeConstruction,TreeConstructor,TreeConstructor,class,public,defined,,False,Base class for all tree constructor.,perf,"hot path: measured or structural speed gap, kernel candidate"
Phylo,Bio.Phylo.TreeConstruction,build_tree,TreeConstructor.build_tree,method,public,defined,"(self, msa)",False,Caller to build the tree from an Alignment or MultipleSeqAlignment object.,perf,"hot path: measured or structural speed gap, kernel candidate"
Phylo,Bio.Phylo.TreeConstruction,DistanceTreeConstructor,DistanceTreeConstructor,class,public,defined,,False,Distance based tree constructor.,perf,"hot path: measured or structural speed gap, kernel candidate"
Phylo,Bio.Phylo.TreeConstruction,build_tree,DistanceTreeConstructor.build_tree,method,public,defined,"(self, msa)",False,"Construct and return a Tree, Neighbor Joining or UPGMA.",perf,"hot path: measured or structural speed gap, kernel candidate"
Phylo,Bio.Phylo.TreeConstruction,upgma,DistanceTreeConstructor.upgma,method,public,defined,"(self, distance_matrix)",False,Construct and return an UPGMA tree.,perf,"hot path: measured or structural speed gap, kernel candidate"
Phylo,Bio.Phylo.TreeConstruction,nj,DistanceTreeConstructor.nj,method,public,defined,"(self, distance_matrix)",False,Construct and return a Neighbor Joining tree.,perf,"hot path: measured or structural speed gap, kernel candidate"
Phylo,Bio.Phylo.TreeConstruction,Scorer,Scorer,class,public,defined,,False,Base class for all tree scoring methods.,perf,"hot path: measured or structural speed gap, kernel candidate"
Phylo,Bio.Phylo.TreeConstruction,get_score,Scorer.get_score,method,public,defined,"(self, tree, alignment)",False,Caller to get the score of a tree for the given alignment.,perf,"hot path: measured or structural speed gap, kernel candidate"
Phylo,Bio.Phylo.TreeConstruction,TreeSearcher,TreeSearcher,class,public,defined,,False,Base class for all tree searching methods.,perf,"hot path: measured or structural speed gap, kernel candidate"
Phylo,Bio.Phylo.TreeConstruction,search,TreeSearcher.search,method,public,defined,"(self, starting_tree, alignment)",False,Caller to search the best tree with a starting tree.,perf,"hot path: measured or structural speed gap, kernel candidate"
Phylo,Bio.Phylo.TreeConstruction,NNITreeSearcher,NNITreeSearcher,class,public,defined,,False,Tree searching with Nearest Neighbor Interchanges (NNI) algorithm.,perf,"hot path: measured or structural speed gap, kernel candidate"
Phylo,Bio.Phylo.TreeConstruction,search,NNITreeSearcher.search,method,public,defined,"(self, starting_tree, alignment)",False,Implement the TreeSearcher.search method.,perf,"hot path: measured or structural speed gap, kernel candidate"
Phylo,Bio.Phylo.TreeConstruction,ParsimonyScorer,ParsimonyScorer,class,public,defined,,False,Parsimony scorer with a scoring matrix.,perf,"hot path: measured or structural speed gap, kernel candidate"
Phylo,Bio.Phylo.TreeConstruction,get_score,ParsimonyScorer.get_score,method,public,defined,"(self, tree, alignment)",False,Calculate parsimony score using the Fitch algorithm.,perf,"hot path: measured or structural speed gap, kernel candidate"
Phylo,Bio.Phylo.TreeConstruction,ParsimonyTreeConstructor,ParsimonyTreeConstructor,class,public,defined,,False,Parsimony tree constructor.,perf,"hot path: measured or structural speed gap, kernel candidate"
Phylo,Bio.Phylo.TreeConstruction,build_tree,ParsimonyTreeConstructor.build_tree,method,public,defined,"(self, alignment)",False,Build the tree.,perf,"hot path: measured or structural speed gap, kernel candidate"
Phylo,Bio.Phylo._cdao_owl,resolve_uri,resolve_uri,function,public,defined,"(s, namespaces={'cdao': 'http://purl.obolibrary.org/obo/cdao.owl#', 'obo': 'http://purl.obolibrary.org/obo/'}, cdao_to_obo=True, xml_style=False)",False,Convert prefixed URIs to full URIs.,parity,"drop-in compatibility; small surface, no large win expected"
Phylo,Bio.Phylo._io,parse,parse,function,public,defined,"(file, format, **kwargs)",False,"Parse a file iteratively, and yield each of the trees it contains.",parity,"drop-in compatibility; small surface, no large win expected"
Phylo,Bio.Phylo._io,read,read,function,public,defined,"(file, format, **kwargs)",False,Parse a file in the given format and return a single tree.,parity,"drop-in compatibility; small surface, no large win expected"
Phylo,Bio.Phylo._io,write,write,function,public,defined,"(trees, file, format, **kwargs)",False,Write a sequence of trees to file in the given format.,parity,"drop-in compatibility; small surface, no large win expected"
Phylo,Bio.Phylo._io,convert,convert,function,public,defined,"(in_file, in_format, out_file, out_format, parse_args=None, **kwargs)",False,Convert between two tree file formats.,parity,"drop-in compatibility; small surface, no large win expected"
Phylo,Bio.Phylo._utils,to_networkx,to_networkx,function,public,defined,(tree),False,Convert a Tree object to a networkx graph.,parity,"drop-in compatibility; small surface, no large win expected"
Phylo,Bio.Phylo._utils,to_igraph,to_igraph,function,public,defined,"(tree, vertex_attributes=None, edge_attributes=('color', 'width'))",False,Convert a Tree object to an igraph Graph.,parity,"drop-in compatibility; small surface, no large win expected"
Phylo,Bio.Phylo._utils,draw_ascii,draw_ascii,function,public,defined,"(tree, file=None, column_width=80)",False,Draw an ascii-art phylogram of the given tree.,parity,"drop-in compatibility; small surface, no large win expected"
Phylo,Bio.Phylo._utils,draw,draw,function,public,defined,"(tree, label_func=<class 'str'>, do_show=True, show_confidence=True, axes=None, branch_labels=None, label_colors=None, *args, **kwargs)",False,Plot the given tree using matplotlib (or pylab).,parity,"drop-in compatibility; small surface, no large win expected"
PopGen,Bio.PopGen.GenePop,get_indiv,get_indiv,function,public,defined,(line),False,Extract the details of the individual information on the line.,parity,"drop-in compatibility; small surface, no large win expected"
PopGen,Bio.PopGen.GenePop,read,read,function,public,defined,(handle),False,Parse a handle containing a GenePop file.,parity,"drop-in compatibility; small surface, no large win expected"
PopGen,Bio.PopGen.GenePop,Record,Record,class,public,defined,,False,Hold information from a GenePop record.,parity,"drop-in compatibility; small surface, no large win expected"
PopGen,Bio.PopGen.GenePop,split_in_pops,Record.split_in_pops,method,public,defined,"(self, pop_names)",False,Split a GP record in a dictionary with 1 pop per entry.,parity,"drop-in compatibility; small surface, no large win expected"
PopGen,Bio.PopGen.GenePop,split_in_loci,Record.split_in_loci,method,public,defined,"(self, gp)",False,Split a GP record in a dictionary with 1 locus per entry.,parity,"drop-in compatibility; small surface, no large win expected"
PopGen,Bio.PopGen.GenePop,remove_population,Record.remove_population,method,public,defined,"(self, pos)",False,Remove a population (by position).,parity,"drop-in compatibility; small surface, no large win expected"
PopGen,Bio.PopGen.GenePop,remove_locus_by_position,Record.remove_locus_by_position,method,public,defined,"(self, pos)",False,Remove a locus by position.,parity,"drop-in compatibility; small surface, no large win expected"
PopGen,Bio.PopGen.GenePop,remove_locus_by_name,Record.remove_locus_by_name,method,public,defined,"(self, name)",False,Remove a locus by name.,parity,"drop-in compatibility; small surface, no large win expected"
PopGen,Bio.PopGen.GenePop.FileParser,read,read,function,public,defined,(fname),False,Parse a file containing a GenePop file.,parity,"drop-in compatibility; small surface, no large win expected"
PopGen,Bio.PopGen.GenePop.FileParser,FileRecord,FileRecord,class,public,defined,,False,Hold information from a GenePop record.,parity,"drop-in compatibility; small surface, no large win expected"
PopGen,Bio.PopGen.GenePop.FileParser,start_read,FileRecord.start_read,method,public,defined,(self),False,Start parsing a file containing a GenePop file.,parity,"drop-in compatibility; small surface, no large win expected"
PopGen,Bio.PopGen.GenePop.FileParser,skip_header,FileRecord.skip_header,method,public,defined,(self),False,Skip the Header. To be done after a re-open.,parity,"drop-in compatibility; small surface, no large win expected"
PopGen,Bio.PopGen.GenePop.FileParser,seek_position,FileRecord.seek_position,method,public,defined,"(self, pop, indiv)",False,Seek a certain position in the file.,parity,"drop-in compatibility; small surface, no large win expected"
PopGen,Bio.PopGen.GenePop.FileParser,skip_population,FileRecord.skip_population,method,public,defined,(self),False,Skip the current population. Returns true if there is another pop.,parity,"drop-in compatibility; small surface, no large win expected"
PopGen,Bio.PopGen.GenePop.FileParser,get_individual,FileRecord.get_individual,method,public,defined,(self),False,Get the next individual.,parity,"drop-in compatibility; small surface, no large win expected"
PopGen,Bio.PopGen.GenePop.FileParser,remove_population,FileRecord.remove_population,method,public,defined,"(self, pos, fname)",False,Remove a population (by position).,parity,"drop-in compatibility; small surface, no large win expected"
PopGen,Bio.PopGen.GenePop.FileParser,remove_locus_by_position,FileRecord.remove_locus_by_position,method,public,defined,"(self, pos, fname)",False,Remove a locus by position.,parity,"drop-in compatibility; small surface, no large win expected"
PopGen,Bio.PopGen.GenePop.FileParser,remove_loci_by_position,FileRecord.remove_loci_by_position,method,public,defined,"(self, positions, fname)",False,Remove a set of loci by position.,parity,"drop-in compatibility; small surface, no large win expected"
PopGen,Bio.PopGen.GenePop.FileParser,remove_locus_by_name,FileRecord.remove_locus_by_name,method,public,defined,"(self, name, fname)",False,Remove a locus by name.,parity,"drop-in compatibility; small surface, no large win expected"
PopGen,Bio.PopGen.GenePop.FileParser,remove_loci_by_name,FileRecord.remove_loci_by_name,method,public,defined,"(self, names, fname)",False,Remove a loci list (by name).,parity,"drop-in compatibility; small surface, no large win expected"
PopGen,Bio.PopGen.GenePop.LargeFileParser,get_indiv,get_indiv,function,public,defined,(line),False,Get individual's data from line.,parity,"drop-in compatibility; small surface, no large win expected"
PopGen,Bio.PopGen.GenePop.LargeFileParser,read,read,function,public,defined,(handle),False,Parse a handle containing a GenePop file.,parity,"drop-in compatibility; small surface, no large win expected"
PopGen,Bio.PopGen.GenePop.LargeFileParser,Record,Record,class,public,defined,,False,Hold information from a GenePop record.,parity,"drop-in compatibility; small surface, no large win expected"
PopGen,Bio.PopGen.GenePop.LargeFileParser,data_generator,Record.data_generator,method,public,defined,(self),False,Extract population data.,parity,"drop-in compatibility; small surface, no large win expected"
Restriction,Bio.Restriction.PrintFormat,PrintFormat,PrintFormat,class,public,defined,,False,PrintFormat allow the printing of results of restriction analysis.,data,becomes data + a parser; no class port
Restriction,Bio.Restriction.PrintFormat,print_as,PrintFormat.print_as,method,public,defined,"(self, what='list')",False,Print the results as specified.,data,becomes data + a parser; no class port
Restriction,Bio.Restriction.PrintFormat,format_output,PrintFormat.format_output,method,public,defined,"(self, dct, title='', s1='')",False,Summarise results as a nicely formatted string.,data,becomes data + a parser; no class port
Restriction,Bio.Restriction.PrintFormat,print_that,PrintFormat.print_that,method,public,defined,"(self, dct, title='', s1='')",False,Print the output of the format_output method (OBSOLETE).,data,becomes data + a parser; no class port
Restriction,Bio.Restriction.PrintFormat,make_format,PrintFormat.make_format,method,public,defined,"(self, cut=(), title='', nc=(), s1='')",False,Virtual method used for formatting results.,data,becomes data + a parser; no class port
Restriction,Bio.Restriction.Restriction,FormattedSeq,FormattedSeq,class,public,defined,,False,A linear or circular sequence object for restriction analysis.,data,becomes data + a parser; no class port
Restriction,Bio.Restriction.Restriction,circularise,FormattedSeq.circularise,method,public,defined,(self),False,Circularise sequence in place.,data,becomes data + a parser; no class port
Restriction,Bio.Restriction.Restriction,linearise,FormattedSeq.linearise,method,public,defined,(self),False,Linearise sequence in place.,data,becomes data + a parser; no class port
Restriction,Bio.Restriction.Restriction,to_linear,FormattedSeq.to_linear,method,public,defined,(self),False,Make a new instance of sequence as linear.,data,becomes data + a parser; no class port
Restriction,Bio.Restriction.Restriction,to_circular,FormattedSeq.to_circular,method,public,defined,(self),False,Make a new instance of sequence as circular.,data,becomes data + a parser; no class port
Restriction,Bio.Restriction.Restriction,is_linear,FormattedSeq.is_linear,method,public,defined,(self),False,Return if sequence is linear (True) or circular (False).,data,becomes data + a parser; no class port
Restriction,Bio.Restriction.Restriction,finditer,FormattedSeq.finditer,method,public,defined,"(self, pattern, size)",False,Return a list of a given pattern which occurs in the sequence.,data,becomes data + a parser; no class port
Restriction,Bio.Restriction.Restriction,RestrictionType,RestrictionType,class,public,defined,,False,RestrictionType. Type from which all enzyme classes are derived.,data,becomes data + a parser; no class port
Restriction,Bio.Restriction.Restriction,AbstractCut,AbstractCut,class,public,defined,,False,Implement the methods that are common to all restriction enzymes.,data,becomes data + a parser; no class port
Restriction,Bio.Restriction.Restriction,search,AbstractCut.search,classmethod,public,defined,"(cls, dna, linear=True)",False,Return a list of cutting sites of the enzyme in the sequence.,data,becomes data + a parser; no class port
Restriction,Bio.Restriction.Restriction,all_suppliers,AbstractCut.all_suppliers,classmethod,public,defined,(cls),False,Print all the suppliers of restriction enzyme.,data,becomes data + a parser; no class port
Restriction,Bio.Restriction.Restriction,is_equischizomer,AbstractCut.is_equischizomer,classmethod,public,defined,"(cls, other)",False,Test for real isoschizomer.,data,becomes data + a parser; no class port
Restriction,Bio.Restriction.Restriction,is_neoschizomer,AbstractCut.is_neoschizomer,classmethod,public,defined,"(cls, other)",False,Test for neoschizomer.,data,becomes data + a parser; no class port
Restriction,Bio.Restriction.Restriction,is_isoschizomer,AbstractCut.is_isoschizomer,classmethod,public,defined,"(cls, other)",False,Test for same recognition site.,data,becomes data + a parser; no class port
Restriction,Bio.Restriction.Restriction,equischizomers,AbstractCut.equischizomers,classmethod,public,defined,"(cls, batch=None)",False,List equischizomers of the enzyme.,data,becomes data + a parser; no class port
Restriction,Bio.Restriction.Restriction,neoschizomers,AbstractCut.neoschizomers,classmethod,public,defined,"(cls, batch=None)",False,List neoschizomers of the enzyme.,data,becomes data + a parser; no class port
Restriction,Bio.Restriction.Restriction,isoschizomers,AbstractCut.isoschizomers,classmethod,public,defined,"(cls, batch=None)",False,List all isoschizomers of the enzyme.,data,becomes data + a parser; no class port
Restriction,Bio.Restriction.Restriction,frequency,AbstractCut.frequency,classmethod,public,defined,(cls),False,Return the theoretically cutting frequency of the enzyme.,data,becomes data + a parser; no class port
Restriction,Bio.Restriction.Restriction,NoCut,NoCut,class,public,defined,,False,Implement the methods specific to the enzymes that do not cut.,data,becomes data + a parser; no class port
Restriction,Bio.Restriction.Restriction,cut_once,NoCut.cut_once,classmethod,public,defined,(cls),False,Return if the cutting pattern has one cut.,data,becomes data + a parser; no class port
Restriction,Bio.Restriction.Restriction,cut_twice,NoCut.cut_twice,classmethod,public,defined,(cls),False,Return if the cutting pattern has two cuts.,data,becomes data + a parser; no class port
Restriction,Bio.Restriction.Restriction,characteristic,NoCut.characteristic,classmethod,public,defined,(cls),False,Return a list of the enzyme's characteristics as tuple.,data,becomes data + a parser; no class port
Restriction,Bio.Restriction.Restriction,OneCut,OneCut,class,public,defined,,False,Implement the methods for enzymes that cut the DNA only once.,data,becomes data + a parser; no class port
Restriction,Bio.Restriction.Restriction,cut_once,OneCut.cut_once,classmethod,public,defined,(cls),False,Return if the cutting pattern has one cut.,data,becomes data + a parser; no class port
Restriction,Bio.Restriction.Restriction,cut_twice,OneCut.cut_twice,classmethod,public,defined,(cls),False,Return if the cutting pattern has two cuts.,data,becomes data + a parser; no class port
Restriction,Bio.Restriction.Restriction,characteristic,OneCut.characteristic,classmethod,public,defined,(cls),False,Return a list of the enzyme's characteristics as tuple.,data,becomes data + a parser; no class port
Restriction,Bio.Restriction.Restriction,TwoCuts,TwoCuts,class,public,defined,,False,Implement the methods for enzymes that cut the DNA twice.,data,becomes data + a parser; no class port
Restriction,Bio.Restriction.Restriction,cut_once,TwoCuts.cut_once,classmethod,public,defined,(cls),False,Return if the cutting pattern has one cut.,data,becomes data + a parser; no class port
Restriction,Bio.Restriction.Restriction,cut_twice,TwoCuts.cut_twice,classmethod,public,defined,(cls),False,Return if the cutting pattern has two cuts.,data,becomes data + a parser; no class port
Restriction,Bio.Restriction.Restriction,characteristic,TwoCuts.characteristic,classmethod,public,defined,(cls),False,Return a list of the enzyme's characteristics as tuple.,data,becomes data + a parser; no class port
Restriction,Bio.Restriction.Restriction,Meth_Dep,Meth_Dep,class,public,defined,,False,Implement the information about methylation.,data,becomes data + a parser; no class port
Restriction,Bio.Restriction.Restriction,is_methylable,Meth_Dep.is_methylable,classmethod,public,defined,(cls),False,Return if recognition site can be methylated.,data,becomes data + a parser; no class port
Restriction,Bio.Restriction.Restriction,Meth_Undep,Meth_Undep,class,public,defined,,False,Implement information about methylation sensitibility.,data,becomes data + a parser; no class port
Restriction,Bio.Restriction.Restriction,is_methylable,Meth_Undep.is_methylable,classmethod,public,defined,(cls),False,Return if recognition site can be methylated.,data,becomes data + a parser; no class port
Restriction,Bio.Restriction.Restriction,Palindromic,Palindromic,class,public,defined,,False,Implement methods for enzymes with palindromic recognition sites.,data,becomes data + a parser; no class port
Restriction,Bio.Restriction.Restriction,is_palindromic,Palindromic.is_palindromic,classmethod,public,defined,(cls),False,Return if the enzyme has a palindromic recognition site.,data,becomes data + a parser; no class port
Restriction,Bio.Restriction.Restriction,NonPalindromic,NonPalindromic,class,public,defined,,False,Implement methods for enzymes with non-palindromic recognition sites.,data,becomes data + a parser; no class port
Restriction,Bio.Restriction.Restriction,is_palindromic,NonPalindromic.is_palindromic,classmethod,public,defined,(cls),False,Return if the enzyme has a palindromic recognition site.,data,becomes data + a parser; no class port
Restriction,Bio.Restriction.Restriction,Unknown,Unknown,class,public,defined,,False,Implement methods for enzymes that produce unknown overhangs.,data,becomes data + a parser; no class port
Restriction,Bio.Restriction.Restriction,catalyse,Unknown.catalyse,classmethod,public,defined,"(cls, dna, linear=True)",False,List the sequence fragments after cutting dna with enzyme.,data,becomes data + a parser; no class port
Restriction,Bio.Restriction.Restriction,catalyze,Unknown.catalyze,classmethod,public,defined,"(cls, dna, linear=True)",False,List the sequence fragments after cutting dna with enzyme.,data,becomes data + a parser; no class port
Restriction,Bio.Restriction.Restriction,is_blunt,Unknown.is_blunt,classmethod,public,defined,(cls),False,Return if the enzyme produces blunt ends.,data,becomes data + a parser; no class port
Restriction,Bio.Restriction.Restriction,is_5overhang,Unknown.is_5overhang,classmethod,public,defined,(cls),False,Return if the enzymes produces 5' overhanging ends.,data,becomes data + a parser; no class port
Restriction,Bio.Restriction.Restriction,is_3overhang,Unknown.is_3overhang,classmethod,public,defined,(cls),False,Return if the enzyme produces 3' overhanging ends.,data,becomes data + a parser; no class port
Restriction,Bio.Restriction.Restriction,overhang,Unknown.overhang,classmethod,public,defined,(cls),False,Return the type of the enzyme's overhang as string.,data,becomes data + a parser; no class port
Restriction,Bio.Restriction.Restriction,compatible_end,Unknown.compatible_end,classmethod,public,defined,(cls),False,List all enzymes that produce compatible ends for the enzyme.,data,becomes data + a parser; no class port
Restriction,Bio.Restriction.Restriction,Blunt,Blunt,class,public,defined,,False,Implement methods for enzymes that produce blunt ends.,data,becomes data + a parser; no class port
Restriction,Bio.Restriction.Restriction,catalyse,Blunt.catalyse,classmethod,public,defined,"(cls, dna, linear=True)",False,List the sequence fragments after cutting dna with enzyme.,data,becomes data + a parser; no class port
Restriction,Bio.Restriction.Restriction,catalyze,Blunt.catalyze,classmethod,public,defined,"(cls, dna, linear=True)",False,List the sequence fragments after cutting dna with enzyme.,data,becomes data + a parser; no class port
Restriction,Bio.Restriction.Restriction,is_blunt,Blunt.is_blunt,classmethod,public,defined,(cls),False,Return if the enzyme produces blunt ends.,data,becomes data + a parser; no class port
Restriction,Bio.Restriction.Restriction,is_5overhang,Blunt.is_5overhang,classmethod,public,defined,(cls),False,Return if the enzymes produces 5' overhanging ends.,data,becomes data + a parser; no class port
Restriction,Bio.Restriction.Restriction,is_3overhang,Blunt.is_3overhang,classmethod,public,defined,(cls),False,Return if the enzyme produces 3' overhanging ends.,data,becomes data + a parser; no class port
Restriction,Bio.Restriction.Restriction,overhang,Blunt.overhang,classmethod,public,defined,(cls),False,Return the type of the enzyme's overhang as string.,data,becomes data + a parser; no class port
Restriction,Bio.Restriction.Restriction,compatible_end,Blunt.compatible_end,classmethod,public,defined,"(cls, batch=None)",False,List all enzymes that produce compatible ends for the enzyme.,data,becomes data + a parser; no class port
Restriction,Bio.Restriction.Restriction,Ov5,Ov5,class,public,defined,,False,Implement methods for enzymes that produce 5' overhanging ends.,data,becomes data + a parser; no class port
Restriction,Bio.Restriction.Restriction,catalyse,Ov5.catalyse,classmethod,public,defined,"(cls, dna, linear=True)",False,List the sequence fragments after cutting dna with enzyme.,data,becomes data + a parser; no class port
Restriction,Bio.Restriction.Restriction,catalyze,Ov5.catalyze,classmethod,public,defined,"(cls, dna, linear=True)",False,List the sequence fragments after cutting dna with enzyme.,data,becomes data + a parser; no class port
Restriction,Bio.Restriction.Restriction,is_blunt,Ov5.is_blunt,classmethod,public,defined,(cls),False,Return if the enzyme produces blunt ends.,data,becomes data + a parser; no class port
Restriction,Bio.Restriction.Restriction,is_5overhang,Ov5.is_5overhang,classmethod,public,defined,(cls),False,Return if the enzymes produces 5' overhanging ends.,data,becomes data + a parser; no class port
Restriction,Bio.Restriction.Restriction,is_3overhang,Ov5.is_3overhang,classmethod,public,defined,(cls),False,Return if the enzyme produces 3' overhanging ends.,data,becomes data + a parser; no class port
Restriction,Bio.Restriction.Restriction,overhang,Ov5.overhang,classmethod,public,defined,(cls),False,Return the type of the enzyme's overhang as string.,data,becomes data + a parser; no class port
Restriction,Bio.Restriction.Restriction,compatible_end,Ov5.compatible_end,classmethod,public,defined,"(cls, batch=None)",False,List all enzymes that produce compatible ends for the enzyme.,data,becomes data + a parser; no class port
Restriction,Bio.Restriction.Restriction,Ov3,Ov3,class,public,defined,,False,Implement methods for enzymes that produce 3' overhanging ends.,data,becomes data + a parser; no class port
Restriction,Bio.Restriction.Restriction,catalyse,Ov3.catalyse,classmethod,public,defined,"(cls, dna, linear=True)",False,List the sequence fragments after cutting dna with enzyme.,data,becomes data + a parser; no class port
Restriction,Bio.Restriction.Restriction,catalyze,Ov3.catalyze,classmethod,public,defined,"(cls, dna, linear=True)",False,List the sequence fragments after cutting dna with enzyme.,data,becomes data + a parser; no class port
Restriction,Bio.Restriction.Restriction,is_blunt,Ov3.is_blunt,classmethod,public,defined,(cls),False,Return if the enzyme produces blunt ends.,data,becomes data + a parser; no class port
Restriction,Bio.Restriction.Restriction,is_5overhang,Ov3.is_5overhang,classmethod,public,defined,(cls),False,Return if the enzymes produces 5' overhanging ends.,data,becomes data + a parser; no class port
Restriction,Bio.Restriction.Restriction,is_3overhang,Ov3.is_3overhang,classmethod,public,defined,(cls),False,Return if the enzyme produces 3' overhanging ends.,data,becomes data + a parser; no class port
Restriction,Bio.Restriction.Restriction,overhang,Ov3.overhang,classmethod,public,defined,(cls),False,Return the type of the enzyme's overhang as string.,data,becomes data + a parser; no class port
Restriction,Bio.Restriction.Restriction,compatible_end,Ov3.compatible_end,classmethod,public,defined,"(cls, batch=None)",False,List all enzymes that produce compatible ends for the enzyme.,data,becomes data + a parser; no class port
Restriction,Bio.Restriction.Restriction,Defined,Defined,class,public,defined,,False,Implement methods for enzymes with defined recognition site and cut.,data,becomes data + a parser; no class port
Restriction,Bio.Restriction.Restriction,is_defined,Defined.is_defined,classmethod,public,defined,(cls),False,Return if recognition sequence and cut are defined.,data,becomes data + a parser; no class port
Restriction,Bio.Restriction.Restriction,is_ambiguous,Defined.is_ambiguous,classmethod,public,defined,(cls),False,Return if recognition sequence and cut may be ambiguous.,data,becomes data + a parser; no class port
Restriction,Bio.Restriction.Restriction,is_unknown,Defined.is_unknown,classmethod,public,defined,(cls),False,Return if recognition sequence is unknown.,data,becomes data + a parser; no class port
Restriction,Bio.Restriction.Restriction,elucidate,Defined.elucidate,classmethod,public,defined,(cls),False,Return a string representing the recognition site and cuttings.,data,becomes data + a parser; no class port
Restriction,Bio.Restriction.Restriction,Ambiguous,Ambiguous,class,public,defined,,False,Implement methods for enzymes that produce variable overhangs.,data,becomes data + a parser; no class port
Restriction,Bio.Restriction.Restriction,is_defined,Ambiguous.is_defined,classmethod,public,defined,(cls),False,Return if recognition sequence and cut are defined.,data,becomes data + a parser; no class port
Restriction,Bio.Restriction.Restriction,is_ambiguous,Ambiguous.is_ambiguous,classmethod,public,defined,(cls),False,Return if recognition sequence and cut may be ambiguous.,data,becomes data + a parser; no class port
Restriction,Bio.Restriction.Restriction,is_unknown,Ambiguous.is_unknown,classmethod,public,defined,(cls),False,Return if recognition sequence is unknown.,data,becomes data + a parser; no class port
Restriction,Bio.Restriction.Restriction,elucidate,Ambiguous.elucidate,classmethod,public,defined,(cls),False,Return a string representing the recognition site and cuttings.,data,becomes data + a parser; no class port
Restriction,Bio.Restriction.Restriction,NotDefined,NotDefined,class,public,defined,,False,Implement methods for enzymes with non-characterized overhangs.,data,becomes data + a parser; no class port
Restriction,Bio.Restriction.Restriction,is_defined,NotDefined.is_defined,classmethod,public,defined,(cls),False,Return if recognition sequence and cut are defined.,data,becomes data + a parser; no class port
Restriction,Bio.Restriction.Restriction,is_ambiguous,NotDefined.is_ambiguous,classmethod,public,defined,(cls),False,Return if recognition sequence and cut may be ambiguous.,data,becomes data + a parser; no class port
Restriction,Bio.Restriction.Restriction,is_unknown,NotDefined.is_unknown,classmethod,public,defined,(cls),False,Return if recognition sequence is unknown.,data,becomes data + a parser; no class port
Restriction,Bio.Restriction.Restriction,elucidate,NotDefined.elucidate,classmethod,public,defined,(cls),False,Return a string representing the recognition site and cuttings.,data,becomes data + a parser; no class port
Restriction,Bio.Restriction.Restriction,Commercially_available,Commercially_available,class,public,defined,,False,Implement methods for enzymes which are commercially available.,data,becomes data + a parser; no class port
Restriction,Bio.Restriction.Restriction,suppliers,Commercially_available.suppliers,classmethod,public,defined,(cls),False,Print a list of suppliers of the enzyme.,data,becomes data + a parser; no class port
Restriction,Bio.Restriction.Restriction,supplier_list,Commercially_available.supplier_list,classmethod,public,defined,(cls),False,Return a list of suppliers of the enzyme.,data,becomes data + a parser; no class port
Restriction,Bio.Restriction.Restriction,buffers,Commercially_available.buffers,classmethod,public,defined,"(cls, supplier)",False,Return the recommended buffer of the supplier for this enzyme.,data,becomes data + a parser; no class port
Restriction,Bio.Restriction.Restriction,is_comm,Commercially_available.is_comm,classmethod,public,defined,(cls),False,Return if enzyme is commercially available.,data,becomes data + a parser; no class port
Restriction,Bio.Restriction.Restriction,Not_available,Not_available,class,public,defined,,False,Implement methods for enzymes which are not commercially available.,data,becomes data + a parser; no class port
Restriction,Bio.Restriction.Restriction,suppliers,Not_available.suppliers,staticmethod,public,defined,(),False,Print a list of suppliers of the enzyme.,data,becomes data + a parser; no class port
Restriction,Bio.Restriction.Restriction,supplier_list,Not_available.supplier_list,classmethod,public,defined,(cls),False,Return a list of suppliers of the enzyme.,data,becomes data + a parser; no class port
Restriction,Bio.Restriction.Restriction,buffers,Not_available.buffers,classmethod,public,defined,"(cls, supplier)",False,Return the recommended buffer of the supplier for this enzyme.,data,becomes data + a parser; no class port
Restriction,Bio.Restriction.Restriction,is_comm,Not_available.is_comm,classmethod,public,defined,(cls),False,Return if enzyme is commercially available.,data,becomes data + a parser; no class port
Restriction,Bio.Restriction.Restriction,RestrictionBatch,RestrictionBatch,class,public,defined,,False,Class for operations on more than one enzyme.,data,becomes data + a parser; no class port
Restriction,Bio.Restriction.Restriction,get,RestrictionBatch.get,method,public,defined,"(self, enzyme, add=False)",False,Check if enzyme is in batch and return it.,data,becomes data + a parser; no class port
Restriction,Bio.Restriction.Restriction,lambdasplit,RestrictionBatch.lambdasplit,method,public,defined,"(self, func)",False,Filter enzymes in batch with supplied function.,data,becomes data + a parser; no class port
Restriction,Bio.Restriction.Restriction,add_supplier,RestrictionBatch.add_supplier,method,public,defined,"(self, letter)",False,Add all enzymes from a given supplier to batch.,data,becomes data + a parser; no class port
Restriction,Bio.Restriction.Restriction,current_suppliers,RestrictionBatch.current_suppliers,method,public,defined,(self),False,List the current suppliers for the restriction batch.,data,becomes data + a parser; no class port
Restriction,Bio.Restriction.Restriction,remove,RestrictionBatch.remove,method,public,defined,"(self, other)",False,Remove enzyme from restriction batch.,data,becomes data + a parser; no class port
Restriction,Bio.Restriction.Restriction,add,RestrictionBatch.add,method,public,defined,"(self, other)",False,Add a restriction enzyme to the restriction batch.,data,becomes data + a parser; no class port
Restriction,Bio.Restriction.Restriction,add_nocheck,RestrictionBatch.add_nocheck,method,public,defined,"(self, other)",False,Add restriction enzyme to batch without checking its type.,data,becomes data + a parser; no class port
Restriction,Bio.Restriction.Restriction,format,RestrictionBatch.format,method,public,defined,"(self, y)",False,Evaluate enzyme (name) and return it (as RestrictionType).,data,becomes data + a parser; no class port
Restriction,Bio.Restriction.Restriction,is_restriction,RestrictionBatch.is_restriction,method,public,defined,"(self, y)",False,Return if enzyme (name) is a known enzyme.,data,becomes data + a parser; no class port
Restriction,Bio.Restriction.Restriction,split,RestrictionBatch.split,method,public,defined,"(self, *classes, **bool)",False,Extract enzymes of a certain class and put in new RestrictionBatch.,data,becomes data + a parser; no class port
Restriction,Bio.Restriction.Restriction,elements,RestrictionBatch.elements,method,public,defined,(self),False,List the enzymes of the RestrictionBatch as list of strings.,data,becomes data + a parser; no class port
Restriction,Bio.Restriction.Restriction,as_string,RestrictionBatch.as_string,method,public,defined,(self),False,List the names of the enzymes of the RestrictionBatch.,data,becomes data + a parser; no class port
Restriction,Bio.Restriction.Restriction,suppl_codes,RestrictionBatch.suppl_codes,classmethod,public,defined,(cls),False,Return a dictionary with supplier codes.,data,becomes data + a parser; no class port
Restriction,Bio.Restriction.Restriction,show_codes,RestrictionBatch.show_codes,classmethod,public,defined,(cls),False,Print a list of supplier codes.,data,becomes data + a parser; no class port
Restriction,Bio.Restriction.Restriction,search,RestrictionBatch.search,method,public,defined,"(self, dna, linear=True)",False,Return a dic of cutting sites in the seq for the batch enzymes.,data,becomes data + a parser; no class port
Restriction,Bio.Restriction.Restriction,Analysis,Analysis,class,public,defined,,False,Provide methods for enhanced analysis and pretty printing.,data,becomes data + a parser; no class port
Restriction,Bio.Restriction.Restriction,format_output,Analysis.format_output,method,public,defined,"(self, dct=None, title='', s1='')",False,Collect data and pass to PrintFormat.,data,becomes data + a parser; no class port
Restriction,Bio.Restriction.Restriction,print_that,Analysis.print_that,method,public,defined,"(self, dct=None, title='', s1='')",False,Print the output of the analysis.,data,becomes data + a parser; no class port
Restriction,Bio.Restriction.Restriction,change,Analysis.change,method,public,defined,"(self, **what)",False,Change parameters of print output.,data,becomes data + a parser; no class port
Restriction,Bio.Restriction.Restriction,full,Analysis.full,method,public,defined,"(self, linear=True)",False,Perform analysis with all enzymes of batch and return all results.,data,becomes data + a parser; no class port
Restriction,Bio.Restriction.Restriction,blunt,Analysis.blunt,method,public,defined,"(self, dct=None)",False,Return only cuts that have blunt ends.,data,becomes data + a parser; no class port
Restriction,Bio.Restriction.Restriction,overhang5,Analysis.overhang5,method,public,defined,"(self, dct=None)",False,Return only cuts that have 5' overhangs.,data,becomes data + a parser; no class port
Restriction,Bio.Restriction.Restriction,overhang3,Analysis.overhang3,method,public,defined,"(self, dct=None)",False,Return only cuts that have 3' overhangs.,data,becomes data + a parser; no class port
Restriction,Bio.Restriction.Restriction,defined,Analysis.defined,method,public,defined,"(self, dct=None)",False,Return only results from enzymes that produce defined overhangs.,data,becomes data + a parser; no class port
Restriction,Bio.Restriction.Restriction,with_sites,Analysis.with_sites,method,public,defined,"(self, dct=None)",False,Return only results from enzyme with at least one cut.,data,becomes data + a parser; no class port
Restriction,Bio.Restriction.Restriction,without_site,Analysis.without_site,method,public,defined,"(self, dct=None)",False,Return only results from enzymes that don't cut the sequence.,data,becomes data + a parser; no class port
Restriction,Bio.Restriction.Restriction,with_N_sites,Analysis.with_N_sites,method,public,defined,"(self, N, dct=None)",False,Return only results from enzymes that cut the sequence N times.,data,becomes data + a parser; no class port
Restriction,Bio.Restriction.Restriction,with_number_list,Analysis.with_number_list,method,public,defined,"(self, list, dct=None)",False,"Return only results from enzymes that cut (x,y,z,...) times.",data,becomes data + a parser; no class port
Restriction,Bio.Restriction.Restriction,with_name,Analysis.with_name,method,public,defined,"(self, names, dct=None)",False,Return only results from enzymes which names are listed.,data,becomes data + a parser; no class port
Restriction,Bio.Restriction.Restriction,with_site_size,Analysis.with_site_size,method,public,defined,"(self, site_size, dct=None)",False,Return only results form enzymes with a given site size.,data,becomes data + a parser; no class port
Restriction,Bio.Restriction.Restriction,only_between,Analysis.only_between,method,public,defined,"(self, start, end, dct=None)",False,"Return only results from enzymes that only cut within start, end.",data,becomes data + a parser; no class port
Restriction,Bio.Restriction.Restriction,between,Analysis.between,method,public,defined,"(self, start, end, dct=None)",False,Return only results from enzymes that cut at least within borders.,data,becomes data + a parser; no class port
Restriction,Bio.Restriction.Restriction,show_only_between,Analysis.show_only_between,method,public,defined,"(self, start, end, dct=None)",False,"Return only results from within start, end.",data,becomes data + a parser; no class port
Restriction,Bio.Restriction.Restriction,only_outside,Analysis.only_outside,method,public,defined,"(self, start, end, dct=None)",False,"Return only results from enzymes that only cut outside start, end.",data,becomes data + a parser; no class port
Restriction,Bio.Restriction.Restriction,outside,Analysis.outside,method,public,defined,"(self, start, end, dct=None)",False,Return only results from enzymes that at least cut outside borders.,data,becomes data + a parser; no class port
Restriction,Bio.Restriction.Restriction,do_not_cut,Analysis.do_not_cut,method,public,defined,"(self, start, end, dct=None)",False,Return only results from enzymes that don't cut between borders.,data,becomes data + a parser; no class port
Restriction,Bio.Restriction.Restriction,CommOnly,CommOnly,constant,public,defined,,False,Class for operations on more than one enzyme.,data,becomes data + a parser; no class port
Restriction,Bio.Restriction.Restriction,NonComm,NonComm,constant,public,defined,,False,Class for operations on more than one enzyme.,data,becomes data + a parser; no class port
Restriction,Bio.Restriction.Restriction,T,T,class,public,defined,,False,Implement methods for enzymes with palindromic recognition sites.,data,becomes data + a parser; no class port
Restriction,Bio.Restriction.Restriction,newenz,newenz,class,public,defined,,False,Implement methods for enzymes with palindromic recognition sites.,data,becomes data + a parser; no class port
Restriction,Bio.Restriction.Restriction,AllEnzymes,AllEnzymes,constant,public,defined,,False,Class for operations on more than one enzyme.,data,becomes data + a parser; no class port
Restriction,Bio.Restriction.Restriction,MmeI,MmeI,class,public,defined,,False,Implement methods for enzymes with non-palindromic recognition sites.,data,becomes data + a parser; no class port
Restriction,Bio.Restriction.Restriction,AseI,AseI,class,public,defined,,False,Implement methods for enzymes with palindromic recognition sites.,data,becomes data + a parser; no class port
Restriction,Bio.Restriction.Restriction,AsiSI,AsiSI,class,public,defined,,False,Implement methods for enzymes with palindromic recognition sites.,data,becomes data + a parser; no class port
Restriction,Bio.Restriction.Restriction,Pfl23II,Pfl23II,class,public,defined,,False,Implement methods for enzymes with palindromic recognition sites.,data,becomes data + a parser; no class port
Restriction,Bio.Restriction.Restriction,NciI,NciI,class,public,defined,,False,Implement methods for enzymes with palindromic recognition sites.,data,becomes data + a parser; no class port
Restriction,Bio.Restriction.Restriction,BmeRI,BmeRI,class,public,defined,,False,Implement methods for enzymes with palindromic recognition sites.,data,becomes data + a parser; no class port
Restriction,Bio.Restriction.Restriction,AspSLV7III,AspSLV7III,class,public,defined,,False,Implement methods for enzymes with non-palindromic recognition sites.,data,becomes data + a parser; no class port
Restriction,Bio.Restriction.Restriction,Eco9035I,Eco9035I,class,public,defined,,False,Implement methods for enzymes with non-palindromic recognition sites.,data,becomes data + a parser; no class port
Restriction,Bio.Restriction.Restriction,PfrJS12IV,PfrJS12IV,class,public,defined,,False,Implement methods for enzymes with non-palindromic recognition sites.,data,becomes data + a parser; no class port
Restriction,Bio.Restriction.Restriction,TsoI,TsoI,class,public,defined,,False,Implement methods for enzymes with non-palindromic recognition sites.,data,becomes data + a parser; no class port
Restriction,Bio.Restriction.Restriction,PciSI,PciSI,class,public,defined,,False,Implement methods for enzymes with non-palindromic recognition sites.,data,becomes data + a parser; no class port
Restriction,Bio.Restriction.Restriction,BcgI,BcgI,class,public,defined,,False,Implement methods for enzymes with non-palindromic recognition sites.,data,becomes data + a parser; no class port
Restriction,Bio.Restriction.Restriction,XmaI,XmaI,class,public,defined,,False,Implement methods for enzymes with palindromic recognition sites.,data,becomes data + a parser; no class port
Restriction,Bio.Restriction.Restriction,CjeNV,CjeNV,class,public,defined,,False,Implement methods for enzymes with non-palindromic recognition sites.,data,becomes data + a parser; no class port
Restriction,Bio.Restriction.Restriction,Cpe2837III,Cpe2837III,class,public,defined,,False,Implement methods for enzymes with non-palindromic recognition sites.,data,becomes data + a parser; no class port
Restriction,Bio.Restriction.Restriction,RdeGBI,RdeGBI,class,public,defined,,False,Implement methods for enzymes with non-palindromic recognition sites.,data,becomes data + a parser; no class port
Restriction,Bio.Restriction.Restriction,Sbo46I,Sbo46I,class,public,defined,,False,Implement methods for enzymes with non-palindromic recognition sites.,data,becomes data + a parser; no class port
Restriction,Bio.Restriction.Restriction,MlyI,MlyI,class,public,defined,,False,Implement methods for enzymes with non-palindromic recognition sites.,data,becomes data + a parser; no class port
Restriction,Bio.Restriction.Restriction,Mva1269I,Mva1269I,class,public,defined,,False,Implement methods for enzymes with non-palindromic recognition sites.,data,becomes data + a parser; no class port
Restriction,Bio.Restriction.Restriction,BsuRI,BsuRI,class,public,defined,,False,Implement methods for enzymes with palindromic recognition sites.,data,becomes data + a parser; no class port
Restriction,Bio.Restriction.Restriction,BsuTUI,BsuTUI,class,public,defined,,False,Implement methods for enzymes with palindromic recognition sites.,data,becomes data + a parser; no class port
Restriction,Bio.Restriction.Restriction,BmrFI,BmrFI,class,public,defined,,False,Implement methods for enzymes with palindromic recognition sites.,data,becomes data + a parser; no class port
Restriction,Bio.Restriction.Restriction,PflFI,PflFI,class,public,defined,,False,Implement methods for enzymes with palindromic recognition sites.,data,becomes data + a parser; no class port
Restriction,Bio.Restriction.Restriction,Hsp92II,Hsp92II,class,public,defined,,False,Implement methods for enzymes with palindromic recognition sites.,data,becomes data + a parser; no class port
Restriction,Bio.Restriction.Restriction,Mch10819I,Mch10819I,class,public,defined,,False,Implement methods for enzymes with non-palindromic recognition sites.,data,becomes data + a parser; no class port
Restriction,Bio.Restriction.Restriction,BthCI,BthCI,class,public,defined,,False,Implement methods for enzymes with palindromic recognition sites.,data,becomes data + a parser; no class port
Restriction,Bio.Restriction.Restriction,FmuI,FmuI,class,public,defined,,False,Implement methods for enzymes with palindromic recognition sites.,data,becomes data + a parser; no class port
Restriction,Bio.Restriction.Restriction,BsaWI,BsaWI,class,public,defined,,False,Implement methods for enzymes with palindromic recognition sites.,data,becomes data + a parser; no class port
Restriction,Bio.Restriction.Restriction,HindIII,HindIII,class,public,defined,,False,Implement methods for enzymes with palindromic recognition sites.,data,becomes data + a parser; no class port
Restriction,Bio.Restriction.Restriction,BcuI,BcuI,class,public,defined,,False,Implement methods for enzymes with palindromic recognition sites.,data,becomes data + a parser; no class port
Restriction,Bio.Restriction.Restriction,AlfI,AlfI,class,public,defined,,False,Implement methods for enzymes with palindromic recognition sites.,data,becomes data + a parser; no class port
Restriction,Bio.Restriction.Restriction,BkrAM31DI,BkrAM31DI,class,public,defined,,False,Implement methods for enzymes with non-palindromic recognition sites.,data,becomes data + a parser; no class port
Restriction,Bio.Restriction.Restriction,Sxy1780I,Sxy1780I,class,public,defined,,False,Implement methods for enzymes with non-palindromic recognition sites.,data,becomes data + a parser; no class port
Restriction,Bio.Restriction.Restriction,PabI,PabI,class,public,defined,,False,Implement methods for enzymes with palindromic recognition sites.,data,becomes data + a parser; no class port
Restriction,Bio.Restriction.Restriction,HpyAV,HpyAV,class,public,defined,,False,Implement methods for enzymes with non-palindromic recognition sites.,data,becomes data + a parser; no class port
Restriction,Bio.Restriction.Restriction,ApoI,ApoI,class,public,defined,,False,Implement methods for enzymes with palindromic recognition sites.,data,becomes data + a parser; no class port
Restriction,Bio.Restriction.Restriction,PauI,PauI,class,public,defined,,False,Implement methods for enzymes with palindromic recognition sites.,data,becomes data + a parser; no class port
Restriction,Bio.Restriction.Restriction,HinfI,HinfI,class,public,defined,,False,Implement methods for enzymes with palindromic recognition sites.,data,becomes data + a parser; no class port
Restriction,Bio.Restriction.Restriction,AatII,AatII,class,public,defined,,False,Implement methods for enzymes with palindromic recognition sites.,data,becomes data + a parser; no class port
Restriction,Bio.Restriction.Restriction,Eco9009II,Eco9009II,class,public,defined,,False,Implement methods for enzymes with non-palindromic recognition sites.,data,becomes data + a parser; no class port
Restriction,Bio.Restriction.Restriction,Pfl10783II,Pfl10783II,class,public,defined,,False,Implement methods for enzymes with non-palindromic recognition sites.,data,becomes data + a parser; no class port
Restriction,Bio.Restriction.Restriction,TkoI,TkoI,class,public,defined,,False,Implement methods for enzymes with non-palindromic recognition sites.,data,becomes data + a parser; no class port
Restriction,Bio.Restriction.Restriction,LweI,LweI,class,public,defined,,False,Implement methods for enzymes with non-palindromic recognition sites.,data,becomes data + a parser; no class port
Restriction,Bio.Restriction.Restriction,BseMII,BseMII,class,public,defined,,False,Implement methods for enzymes with non-palindromic recognition sites.,data,becomes data + a parser; no class port
Restriction,Bio.Restriction.Restriction,XbaI,XbaI,class,public,defined,,False,Implement methods for enzymes with palindromic recognition sites.,data,becomes data + a parser; no class port
Restriction,Bio.Restriction.Restriction,CjeFV,CjeFV,class,public,defined,,False,Implement methods for enzymes with non-palindromic recognition sites.,data,becomes data + a parser; no class port
Restriction,Bio.Restriction.Restriction,Ran11014IV,Ran11014IV,class,public,defined,,False,Implement methods for enzymes with non-palindromic recognition sites.,data,becomes data + a parser; no class port
Restriction,Bio.Restriction.Restriction,CauII,CauII,class,public,defined,,False,Implement methods for enzymes with palindromic recognition sites.,data,becomes data + a parser; no class port
Restriction,Bio.Restriction.Restriction,Tsp4CI,Tsp4CI,class,public,defined,,False,Implement methods for enzymes with palindromic recognition sites.,data,becomes data + a parser; no class port
Restriction,Bio.Restriction.Restriction,Eco57MI,Eco57MI,class,public,defined,,False,Implement methods for enzymes with non-palindromic recognition sites.,data,becomes data + a parser; no class port
Restriction,Bio.Restriction.Restriction,BauI,BauI,class,public,defined,,False,Implement methods for enzymes with non-palindromic recognition sites.,data,becomes data + a parser; no class port
Restriction,Bio.Restriction.Restriction,BseRI,BseRI,class,public,defined,,False,Implement methods for enzymes with non-palindromic recognition sites.,data,becomes data + a parser; no class port
Restriction,Bio.Restriction.Restriction,BstX2I,BstX2I,class,public,defined,,False,Implement methods for enzymes with palindromic recognition sites.,data,becomes data + a parser; no class port
Restriction,Bio.Restriction.Restriction,BmeT110I,BmeT110I,class,public,defined,,False,Implement methods for enzymes with palindromic recognition sites.,data,becomes data + a parser; no class port
Restriction,Bio.Restriction.Restriction,PasI,PasI,class,public,defined,,False,Implement methods for enzymes with palindromic recognition sites.,data,becomes data + a parser; no class port
Restriction,Bio.Restriction.Restriction,FaeI,FaeI,class,public,defined,,False,Implement methods for enzymes with palindromic recognition sites.,data,becomes data + a parser; no class port
Restriction,Bio.Restriction.Restriction,XcmI,XcmI,class,public,defined,,False,Implement methods for enzymes with palindromic recognition sites.,data,becomes data + a parser; no class port
Restriction,Bio.Restriction.Restriction,Mba11I,Mba11I,class,public,defined,,False,Implement methods for enzymes with non-palindromic recognition sites.,data,becomes data + a parser; no class port
Restriction,Bio.Restriction.Restriction,ApaBI,ApaBI,class,public,defined,,False,Implement methods for enzymes with palindromic recognition sites.,data,becomes data + a parser; no class port
Restriction,Bio.Restriction.Restriction,HpyUM037X,HpyUM037X,class,public,defined,,False,Implement methods for enzymes with non-palindromic recognition sites.,data,becomes data + a parser; no class port
Restriction,Bio.Restriction.Restriction,FalI,FalI,class,public,defined,,False,Implement methods for enzymes with palindromic recognition sites.,data,becomes data + a parser; no class port
Restriction,Bio.Restriction.Restriction,BglII,BglII,class,public,defined,,False,Implement methods for enzymes with palindromic recognition sites.,data,becomes data + a parser; no class port
Restriction,Bio.Restriction.Restriction,Cfr10I,Cfr10I,class,public,defined,,False,Implement methods for enzymes with palindromic recognition sites.,data,becomes data + a parser; no class port
Restriction,Bio.Restriction.Restriction,AsuNHI,AsuNHI,class,public,defined,,False,Implement methods for enzymes with palindromic recognition sites.,data,becomes data + a parser; no class port
Restriction,Bio.Restriction.Restriction,RdeGBIII,RdeGBIII,class,public,defined,,False,Implement methods for enzymes with palindromic recognition sites.,data,becomes data + a parser; no class port
Restriction,Bio.Restriction.Restriction,SthSt3II,SthSt3II,class,public,defined,,False,Implement methods for enzymes with non-palindromic recognition sites.,data,becomes data + a parser; no class port
Restriction,Bio.Restriction.Restriction,Eco57I,Eco57I,class,public,defined,,False,Implement methods for enzymes with non-palindromic recognition sites.,data,becomes data + a parser; no class port
Restriction,Bio.Restriction.Restriction,AgeI,AgeI,class,public,defined,,False,Implement methods for enzymes with palindromic recognition sites.,data,becomes data + a parser; no class port
Restriction,Bio.Restriction.Restriction,PagI,PagI,class,public,defined,,False,Implement methods for enzymes with palindromic recognition sites.,data,becomes data + a parser; no class port
Restriction,Bio.Restriction.Restriction,Fnu4HI,Fnu4HI,class,public,defined,,False,Implement methods for enzymes with palindromic recognition sites.,data,becomes data + a parser; no class port
Restriction,Bio.Restriction.Restriction,AspDUT2V,AspDUT2V,class,public,defined,,False,Implement methods for enzymes with non-palindromic recognition sites.,data,becomes data + a parser; no class port
Restriction,Bio.Restriction.Restriction,Eco4465II,Eco4465II,class,public,defined,,False,Implement methods for enzymes with non-palindromic recognition sites.,data,becomes data + a parser; no class port
Restriction,Bio.Restriction.Restriction,Pdu1735I,Pdu1735I,class,public,defined,,False,Implement methods for enzymes with non-palindromic recognition sites.,data,becomes data + a parser; no class port
Restriction,Bio.Restriction.Restriction,SstE37I,SstE37I,class,public,defined,,False,Implement methods for enzymes with non-palindromic recognition sites.,data,becomes data + a parser; no class port
Restriction,Bio.Restriction.Restriction,VpaK11AI,VpaK11AI,class,public,defined,,False,Implement methods for enzymes with palindromic recognition sites.,data,becomes data + a parser; no class port
Restriction,Bio.Restriction.Restriction,LguI,LguI,class,public,defined,,False,Implement methods for enzymes with non-palindromic recognition sites.,data,becomes data + a parser; no class port
Restriction,Bio.Restriction.Restriction,BpmI,BpmI,class,public,defined,,False,Implement methods for enzymes with non-palindromic recognition sites.,data,becomes data + a parser; no class port
Restriction,Bio.Restriction.Restriction,TspMI,TspMI,class,public,defined,,False,Implement methods for enzymes with palindromic recognition sites.,data,becomes data + a parser; no class port
Restriction,Bio.Restriction.Restriction,AvaII,AvaII,class,public,defined,,False,Implement methods for enzymes with palindromic recognition sites.,data,becomes data + a parser; no class port
Restriction,Bio.Restriction.Restriction,Pst273I,Pst273I,class,public,defined,,False,Implement methods for enzymes with non-palindromic recognition sites.,data,becomes data + a parser; no class port
Restriction,Bio.Restriction.Restriction,Sse232I,Sse232I,class,public,defined,,False,Implement methods for enzymes with palindromic recognition sites.,data,becomes data + a parser; no class port
Restriction,Bio.Restriction.Restriction,MstI,MstI,class,public,defined,,False,Implement methods for enzymes with palindromic recognition sites.,data,becomes data + a parser; no class port
Restriction,Bio.Restriction.Restriction,BssSI,BssSI,class,public,defined,,False,Implement methods for enzymes with non-palindromic recognition sites.,data,becomes data + a parser; no class port
Restriction,Bio.Restriction.Restriction,Esp3I,Esp3I,class,public,defined,,False,Implement methods for enzymes with non-palindromic recognition sites.,data,becomes data + a parser; no class port
Restriction,Bio.Restriction.Restriction,BstBI,BstBI,class,public,defined,,False,Implement methods for enzymes with palindromic recognition sites.,data,becomes data + a parser; no class port
Restriction,Bio.Restriction.Restriction,Bme18I,Bme18I,class,public,defined,,False,Implement methods for enzymes with palindromic recognition sites.,data,becomes data + a parser; no class port
Restriction,Bio.Restriction.Restriction,CfoI,CfoI,class,public,defined,,False,Implement methods for enzymes with palindromic recognition sites.,data,becomes data + a parser; no class port
Restriction,Bio.Restriction.Restriction,SfiI,SfiI,class,public,defined,,False,Implement methods for enzymes with palindromic recognition sites.,data,becomes data + a parser; no class port
Restriction,Bio.Restriction.Restriction,MteI,MteI,class,public,defined,,False,Implement methods for enzymes with palindromic recognition sites.,data,becomes data + a parser; no class port
Restriction,Bio.Restriction.Restriction,Van91I,Van91I,class,public,defined,,False,Implement methods for enzymes with palindromic recognition sites.,data,becomes data + a parser; no class port
Restriction,Bio.Restriction.Restriction,Cfupf3II,Cfupf3II,class,public,defined,,False,Implement methods for enzymes with non-palindromic recognition sites.,data,becomes data + a parser; no class port
Restriction,Bio.Restriction.Restriction,Lsp48III,Lsp48III,class,public,defined,,False,Implement methods for enzymes with non-palindromic recognition sites.,data,becomes data + a parser; no class port
Restriction,Bio.Restriction.Restriction,BmcAI,BmcAI,class,public,defined,,False,Implement methods for enzymes with palindromic recognition sites.,data,becomes data + a parser; no class port
Restriction,Bio.Restriction.Restriction,Eco47III,Eco47III,class,public,defined,,False,Implement methods for enzymes with palindromic recognition sites.,data,becomes data + a parser; no class port
Restriction,Bio.Restriction.Restriction,EcoICRI,EcoICRI,class,public,defined,,False,Implement methods for enzymes with palindromic recognition sites.,data,becomes data + a parser; no class port
Restriction,Bio.Restriction.Restriction,BspT104I,BspT104I,class,public,defined,,False,Implement methods for enzymes with palindromic recognition sites.,data,becomes data + a parser; no class port
Restriction,Bio.Restriction.Restriction,AgsI,AgsI,class,public,defined,,False,Implement methods for enzymes with palindromic recognition sites.,data,becomes data + a parser; no class port
Restriction,Bio.Restriction.Restriction,UcoMSI,UcoMSI,class,public,defined,,False,Implement methods for enzymes with palindromic recognition sites.,data,becomes data + a parser; no class port
Restriction,Bio.Restriction.Restriction,Bga514I,Bga514I,class,public,defined,,False,Implement methods for enzymes with non-palindromic recognition sites.,data,becomes data + a parser; no class port
Restriction,Bio.Restriction.Restriction,SspJOR1II,SspJOR1II,class,public,defined,,False,Implement methods for enzymes with non-palindromic recognition sites.,data,becomes data + a parser; no class port
Restriction,Bio.Restriction.Restriction,BfiI,BfiI,class,public,defined,,False,Implement methods for enzymes with non-palindromic recognition sites.,data,becomes data + a parser; no class port
Restriction,Bio.Restriction.Restriction,AccIX,AccIX,class,public,defined,,False,Implement methods for enzymes with non-palindromic recognition sites.,data,becomes data + a parser; no class port
Restriction,Bio.Restriction.Restriction,Hpy99XIII,Hpy99XIII,class,public,defined,,False,Implement methods for enzymes with non-palindromic recognition sites.,data,becomes data + a parser; no class port
Restriction,Bio.Restriction.Restriction,PleI,PleI,class,public,defined,,False,Implement methods for enzymes with non-palindromic recognition sites.,data,becomes data + a parser; no class port
Restriction,Bio.Restriction.Restriction,AclI,AclI,class,public,defined,,False,Implement methods for enzymes with palindromic recognition sites.,data,becomes data + a parser; no class port
Restriction,Bio.Restriction.Restriction,NdeII,NdeII,class,public,defined,,False,Implement methods for enzymes with palindromic recognition sites.,data,becomes data + a parser; no class port
Restriction,Bio.Restriction.Restriction,EcoO109I,EcoO109I,class,public,defined,,False,Implement methods for enzymes with palindromic recognition sites.,data,becomes data + a parser; no class port
Restriction,Bio.Restriction.Restriction,Pcr308II,Pcr308II,class,public,defined,,False,Implement methods for enzymes with non-palindromic recognition sites.,data,becomes data + a parser; no class port
Restriction,Bio.Restriction.Restriction,Eco1836I,Eco1836I,class,public,defined,,False,Implement methods for enzymes with non-palindromic recognition sites.,data,becomes data + a parser; no class port
Restriction,Bio.Restriction.Restriction,Lmo911II,Lmo911II,class,public,defined,,False,Implement methods for enzymes with non-palindromic recognition sites.,data,becomes data + a parser; no class port
Restriction,Bio.Restriction.Restriction,RpaB5I,RpaB5I,class,public,defined,,False,Implement methods for enzymes with non-palindromic recognition sites.,data,becomes data + a parser; no class port
Restriction,Bio.Restriction.Restriction,Sse8647I,Sse8647I,class,public,defined,,False,Implement methods for enzymes with palindromic recognition sites.,data,becomes data + a parser; no class port
Restriction,Bio.Restriction.Restriction,AcuI,AcuI,class,public,defined,,False,Implement methods for enzymes with non-palindromic recognition sites.,data,becomes data + a parser; no class port
Restriction,Bio.Restriction.Restriction,FauI,FauI,class,public,defined,,False,Implement methods for enzymes with non-palindromic recognition sites.,data,becomes data + a parser; no class port
Restriction,Bio.Restriction.Restriction,Sse9I,Sse9I,class,public,defined,,False,Implement methods for enzymes with palindromic recognition sites.,data,becomes data + a parser; no class port
Restriction,Bio.Restriction.Restriction,AspS9I,AspS9I,class,public,defined,,False,Implement methods for enzymes with palindromic recognition sites.,data,becomes data + a parser; no class port
Restriction,Bio.Restriction.Restriction,Kor51II,Kor51II,class,public,defined,,False,Implement methods for enzymes with non-palindromic recognition sites.,data,becomes data + a parser; no class port
Restriction,Bio.Restriction.Restriction,PspR84I,PspR84I,class,public,defined,,False,Implement methods for enzymes with non-palindromic recognition sites.,data,becomes data + a parser; no class port
Restriction,Bio.Restriction.Restriction,SelI,SelI,class,public,defined,,False,Implement methods for enzymes with palindromic recognition sites.,data,becomes data + a parser; no class port
Restriction,Bio.Restriction.Restriction,BstKTI,BstKTI,class,public,defined,,False,Implement methods for enzymes with palindromic recognition sites.,data,becomes data + a parser; no class port
Restriction,Bio.Restriction.Restriction,Bst2BI,Bst2BI,class,public,defined,,False,Implement methods for enzymes with non-palindromic recognition sites.,data,becomes data + a parser; no class port
Restriction,Bio.Restriction.Restriction,XmaJI,XmaJI,class,public,defined,,False,Implement methods for enzymes with palindromic recognition sites.,data,becomes data + a parser; no class port
Restriction,Bio.Restriction.Restriction,BfmI,BfmI,class,public,defined,,False,Implement methods for enzymes with palindromic recognition sites.,data,becomes data + a parser; no class port
Restriction,Bio.Restriction.Restriction,MwoI,MwoI,class,public,defined,,False,Implement methods for enzymes with palindromic recognition sites.,data,becomes data + a parser; no class port
Restriction,Bio.Restriction.Restriction,BbvCI,BbvCI,class,public,defined,,False,Implement methods for enzymes with non-palindromic recognition sites.,data,becomes data + a parser; no class port
Restriction,Bio.Restriction.Restriction,BstAFI,BstAFI,class,public,defined,,False,Implement methods for enzymes with palindromic recognition sites.,data,becomes data + a parser; no class port
Restriction,Bio.Restriction.Restriction,MaeIII,MaeIII,class,public,defined,,False,Implement methods for enzymes with palindromic recognition sites.,data,becomes data + a parser; no class port
Restriction,Bio.Restriction.Restriction,TauI,TauI,class,public,defined,,False,Implement methods for enzymes with palindromic recognition sites.,data,becomes data + a parser; no class port
Restriction,Bio.Restriction.Restriction,Bbr57III,Bbr57III,class,public,defined,,False,Implement methods for enzymes with non-palindromic recognition sites.,data,becomes data + a parser; no class port
Restriction,Bio.Restriction.Restriction,Asp700I,Asp700I,class,public,defined,,False,Implement methods for enzymes with palindromic recognition sites.,data,becomes data + a parser; no class port
Restriction,Bio.Restriction.Restriction,Ecl136II,Ecl136II,class,public,defined,,False,Implement methods for enzymes with palindromic recognition sites.,data,becomes data + a parser; no class port
Restriction,Bio.Restriction.Restriction,Eco105I,Eco105I,class,public,defined,,False,Implement methods for enzymes with palindromic recognition sites.,data,becomes data + a parser; no class port
Restriction,Bio.Restriction.Restriction,BspEI,BspEI,class,public,defined,,False,Implement methods for enzymes with palindromic recognition sites.,data,becomes data + a parser; no class port
Restriction,Bio.Restriction.Restriction,NmeDI,NmeDI,class,public,defined,,False,Implement methods for enzymes with palindromic recognition sites.,data,becomes data + a parser; no class port
Restriction,Bio.Restriction.Restriction,Ssp714II,Ssp714II,class,public,defined,,False,Implement methods for enzymes with non-palindromic recognition sites.,data,becomes data + a parser; no class port
Restriction,Bio.Restriction.Restriction,MspGI,MspGI,class,public,defined,,False,Implement methods for enzymes with palindromic recognition sites.,data,becomes data + a parser; no class port
Restriction,Bio.Restriction.Restriction,Lsp1109I,Lsp1109I,class,public,defined,,False,Implement methods for enzymes with non-palindromic recognition sites.,data,becomes data + a parser; no class port
Restriction,Bio.Restriction.Restriction,AccIII,AccIII,class,public,defined,,False,Implement methods for enzymes with palindromic recognition sites.,data,becomes data + a parser; no class port
Restriction,Bio.Restriction.Restriction,MspCI,MspCI,class,public,defined,,False,Implement methods for enzymes with palindromic recognition sites.,data,becomes data + a parser; no class port
Restriction,Bio.Restriction.Restriction,DdeI,DdeI,class,public,defined,,False,Implement methods for enzymes with palindromic recognition sites.,data,becomes data + a parser; no class port
Restriction,Bio.Restriction.Restriction,Ecl234I,Ecl234I,class,public,defined,,False,Implement methods for enzymes with non-palindromic recognition sites.,data,becomes data + a parser; no class port
Restriction,Bio.Restriction.Restriction,Lme32I,Lme32I,class,public,defined,,False,Implement methods for enzymes with non-palindromic recognition sites.,data,becomes data + a parser; no class port
Restriction,Bio.Restriction.Restriction,Pbu13063II,Pbu13063II,class,public,defined,,False,Implement methods for enzymes with non-palindromic recognition sites.,data,becomes data + a parser; no class port
Restriction,Bio.Restriction.Restriction,RpaI,RpaI,class,public,defined,,False,Implement methods for enzymes with non-palindromic recognition sites.,data,becomes data + a parser; no class port
Restriction,Bio.Restriction.Restriction,Hin4I,Hin4I,class,public,defined,,False,Implement methods for enzymes with non-palindromic recognition sites.,data,becomes data + a parser; no class port
Restriction,Bio.Restriction.Restriction,SecI,SecI,class,public,defined,,False,Implement methods for enzymes with palindromic recognition sites.,data,becomes data + a parser; no class port
Restriction,Bio.Restriction.Restriction,SgrAI,SgrAI,class,public,defined,,False,Implement methods for enzymes with palindromic recognition sites.,data,becomes data + a parser; no class port
Restriction,Bio.Restriction.Restriction,Eam1104I,Eam1104I,class,public,defined,,False,Implement methods for enzymes with non-palindromic recognition sites.,data,becomes data + a parser; no class port
Restriction,Bio.Restriction.Restriction,GsaI,GsaI,class,public,defined,,False,Implement methods for enzymes with non-palindromic recognition sites.,data,becomes data + a parser; no class port
Restriction,Bio.Restriction.Restriction,AjnI,AjnI,class,public,defined,,False,Implement methods for enzymes with palindromic recognition sites.,data,becomes data + a parser; no class port
Restriction,Bio.Restriction.Restriction,Fna13121I,Fna13121I,class,public,defined,,False,Implement methods for enzymes with non-palindromic recognition sites.,data,becomes data + a parser; no class port
Restriction,Bio.Restriction.Restriction,Jsp2502II,Jsp2502II,class,public,defined,,False,Implement methods for enzymes with non-palindromic recognition sites.,data,becomes data + a parser; no class port
Restriction,Bio.Restriction.Restriction,PspD7DII,PspD7DII,class,public,defined,,False,Implement methods for enzymes with non-palindromic recognition sites.,data,becomes data + a parser; no class port
Restriction,Bio.Restriction.Restriction,BspLU11I,BspLU11I,class,public,defined,,False,Implement methods for enzymes with palindromic recognition sites.,data,becomes data + a parser; no class port
Restriction,Bio.Restriction.Restriction,ZrmI,ZrmI,class,public,defined,,False,Implement methods for enzymes with palindromic recognition sites.,data,becomes data + a parser; no class port
Restriction,Bio.Restriction.Restriction,FatI,FatI,class,public,defined,,False,Implement methods for enzymes with palindromic recognition sites.,data,becomes data + a parser; no class port
Restriction,Bio.Restriction.Restriction,BssNI,BssNI,class,public,defined,,False,Implement methods for enzymes with palindromic recognition sites.,data,becomes data + a parser; no class port
Restriction,Bio.Restriction.Restriction,VneI,VneI,class,public,defined,,False,Implement methods for enzymes with palindromic recognition sites.,data,becomes data + a parser; no class port
Restriction,Bio.Restriction.Restriction,AxyI,AxyI,class,public,defined,,False,Implement methods for enzymes with palindromic recognition sites.,data,becomes data + a parser; no class port
Restriction,Bio.Restriction.Restriction,KflI,KflI,class,public,defined,,False,Implement methods for enzymes with palindromic recognition sites.,data,becomes data + a parser; no class port
Restriction,Bio.Restriction.Restriction,BstH2I,BstH2I,class,public,defined,,False,Implement methods for enzymes with palindromic recognition sites.,data,becomes data + a parser; no class port
Restriction,Bio.Restriction.Restriction,Hpy99I,Hpy99I,class,public,defined,,False,Implement methods for enzymes with palindromic recognition sites.,data,becomes data + a parser; no class port
Restriction,Bio.Restriction.Restriction,SetI,SetI,class,public,defined,,False,Implement methods for enzymes with palindromic recognition sites.,data,becomes data + a parser; no class port
Restriction,Bio.Restriction.Restriction,Aco12261II,Aco12261II,class,public,defined,,False,Implement methods for enzymes with non-palindromic recognition sites.,data,becomes data + a parser; no class port
Restriction,Bio.Restriction.Restriction,PsuGI,PsuGI,class,public,defined,,False,Implement methods for enzymes with non-palindromic recognition sites.,data,becomes data + a parser; no class port
Restriction,Bio.Restriction.Restriction,AfeI,AfeI,class,public,defined,,False,Implement methods for enzymes with palindromic recognition sites.,data,becomes data + a parser; no class port
Restriction,Bio.Restriction.Restriction,DinI,DinI,class,public,defined,,False,Implement methods for enzymes with palindromic recognition sites.,data,becomes data + a parser; no class port
Restriction,Bio.Restriction.Restriction,Bsp1407I,Bsp1407I,class,public,defined,,False,Implement methods for enzymes with palindromic recognition sites.,data,becomes data + a parser; no class port
Restriction,Bio.Restriction.Restriction,Sse8387I,Sse8387I,class,public,defined,,False,Implement methods for enzymes with palindromic recognition sites.,data,becomes data + a parser; no class port
Restriction,Bio.Restriction.Restriction,SpnRII,SpnRII,class,public,defined,,False,Implement methods for enzymes with non-palindromic recognition sites.,data,becomes data + a parser; no class port
Restriction,Bio.Restriction.Restriction,UbaF9I,UbaF9I,class,public,defined,,False,Implement methods for enzymes with non-palindromic recognition sites.,data,becomes data + a parser; no class port
Restriction,Bio.Restriction.Restriction,EcoBLMcrX,EcoBLMcrX,class,public,defined,,False,Implement methods for enzymes with non-palindromic recognition sites.,data,becomes data + a parser; no class port
Restriction,Bio.Restriction.Restriction,AchA6III,AchA6III,class,public,defined,,False,Implement methods for enzymes with non-palindromic recognition sites.,data,becomes data + a parser; no class port
Restriction,Bio.Restriction.Restriction,MroI,MroI,class,public,defined,,False,Implement methods for enzymes with palindromic recognition sites.,data,becomes data + a parser; no class port
Restriction,Bio.Restriction.Restriction,BstSCI,BstSCI,class,public,defined,,False,Implement methods for enzymes with palindromic recognition sites.,data,becomes data + a parser; no class port
Restriction,Bio.Restriction.Restriction,Bbv12I,Bbv12I,class,public,defined,,False,Implement methods for enzymes with palindromic recognition sites.,data,becomes data + a parser; no class port
Restriction,Bio.Restriction.Restriction,Pal408I,Pal408I,class,public,defined,,False,Implement methods for enzymes with non-palindromic recognition sites.,data,becomes data + a parser; no class port
Restriction,Bio.Restriction.Restriction,DspS02II,DspS02II,class,public,defined,,False,Implement methods for enzymes with non-palindromic recognition sites.,data,becomes data + a parser; no class port
Restriction,Bio.Restriction.Restriction,HpyAXVIII,HpyAXVIII,class,public,defined,,False,Implement methods for enzymes with non-palindromic recognition sites.,data,becomes data + a parser; no class port
Restriction,Bio.Restriction.Restriction,Lde4408II,Lde4408II,class,public,defined,,False,Implement methods for enzymes with non-palindromic recognition sites.,data,becomes data + a parser; no class port
Restriction,Bio.Restriction.Restriction,SauMJ015III,SauMJ015III,class,public,defined,,False,Implement methods for enzymes with non-palindromic recognition sites.,data,becomes data + a parser; no class port
Restriction,Bio.Restriction.Restriction,RdeGBII,RdeGBII,class,public,defined,,False,Implement methods for enzymes with non-palindromic recognition sites.,data,becomes data + a parser; no class port
Restriction,Bio.Restriction.Restriction,Bsp24I,Bsp24I,class,public,defined,,False,Implement methods for enzymes with non-palindromic recognition sites.,data,becomes data + a parser; no class port
Restriction,Bio.Restriction.Restriction,BveI,BveI,class,public,defined,,False,Implement methods for enzymes with non-palindromic recognition sites.,data,becomes data + a parser; no class port
Restriction,Bio.Restriction.Restriction,SalI,SalI,class,public,defined,,False,Implement methods for enzymes with palindromic recognition sites.,data,becomes data + a parser; no class port
Restriction,Bio.Restriction.Restriction,AccI,AccI,class,public,defined,,False,Implement methods for enzymes with palindromic recognition sites.,data,becomes data + a parser; no class port
Restriction,Bio.Restriction.Restriction,CfrMH13II,CfrMH13II,class,public,defined,,False,Implement methods for enzymes with non-palindromic recognition sites.,data,becomes data + a parser; no class port
Restriction,Bio.Restriction.Restriction,Psp0357II,Psp0357II,class,public,defined,,False,Implement methods for enzymes with non-palindromic recognition sites.,data,becomes data + a parser; no class port
Restriction,Bio.Restriction.Restriction,Asi256I,Asi256I,class,public,defined,,False,Implement methods for enzymes with palindromic recognition sites.,data,becomes data + a parser; no class port
Restriction,Bio.Restriction.Restriction,StuI,StuI,class,public,defined,,False,Implement methods for enzymes with palindromic recognition sites.,data,becomes data + a parser; no class port
Restriction,Bio.Restriction.Restriction,EagI,EagI,class,public,defined,,False,Implement methods for enzymes with palindromic recognition sites.,data,becomes data + a parser; no class port
Restriction,Bio.Restriction.Restriction,BssHII,BssHII,class,public,defined,,False,Implement methods for enzymes with palindromic recognition sites.,data,becomes data + a parser; no class port
Restriction,Bio.Restriction.Restriction,Tru9I,Tru9I,class,public,defined,,False,Implement methods for enzymes with palindromic recognition sites.,data,becomes data + a parser; no class port
Restriction,Bio.Restriction.Restriction,Ama87I,Ama87I,class,public,defined,,False,Implement methods for enzymes with palindromic recognition sites.,data,becomes data + a parser; no class port
Restriction,Bio.Restriction.Restriction,Hpy188III,Hpy188III,class,public,defined,,False,Implement methods for enzymes with palindromic recognition sites.,data,becomes data + a parser; no class port
Restriction,Bio.Restriction.Restriction,BspMAI,BspMAI,class,public,defined,,False,Implement methods for enzymes with palindromic recognition sites.,data,becomes data + a parser; no class port
Restriction,Bio.Restriction.Restriction,DrdI,DrdI,class,public,defined,,False,Implement methods for enzymes with palindromic recognition sites.,data,becomes data + a parser; no class port
Restriction,Bio.Restriction.Restriction,PstNI,PstNI,class,public,defined,,False,Implement methods for enzymes with palindromic recognition sites.,data,becomes data + a parser; no class port
Restriction,Bio.Restriction.Restriction,HpyUM032XIII_mut1,HpyUM032XIII_mut1,class,public,defined,,False,Implement methods for enzymes with non-palindromic recognition sites.,data,becomes data + a parser; no class port
Restriction,Bio.Restriction.Restriction,AcvI,AcvI,class,public,defined,,False,Implement methods for enzymes with palindromic recognition sites.,data,becomes data + a parser; no class port
Restriction,Bio.Restriction.Restriction,Bsp120I,Bsp120I,class,public,defined,,False,Implement methods for enzymes with palindromic recognition sites.,data,becomes data + a parser; no class port
Restriction,Bio.Restriction.Restriction,SgrBI,SgrBI,class,public,defined,,False,Implement methods for enzymes with palindromic recognition sites.,data,becomes data + a parser; no class port
Restriction,Bio.Restriction.Restriction,AbaPBA3II,AbaPBA3II,class,public,defined,,False,Implement methods for enzymes with non-palindromic recognition sites.,data,becomes data + a parser; no class port
Restriction,Bio.Restriction.Restriction,Sno506I,Sno506I,class,public,defined,,False,Implement methods for enzymes with non-palindromic recognition sites.,data,becomes data + a parser; no class port
Restriction,Bio.Restriction.Restriction,RlaI,RlaI,class,public,defined,,False,Implement methods for enzymes with non-palindromic recognition sites.,data,becomes data + a parser; no class port
Restriction,Bio.Restriction.Restriction,UbaF11I,UbaF11I,class,public,defined,,False,Implement methods for enzymes with non-palindromic recognition sites.,data,becomes data + a parser; no class port
Restriction,Bio.Restriction.Restriction,BinI,BinI,class,public,defined,,False,Implement methods for enzymes with non-palindromic recognition sites.,data,becomes data + a parser; no class port
Restriction,Bio.Restriction.Restriction,PsrI,PsrI,class,public,defined,,False,Implement methods for enzymes with non-palindromic recognition sites.,data,becomes data + a parser; no class port
Restriction,Bio.Restriction.Restriction,Mly113I,Mly113I,class,public,defined,,False,Implement methods for enzymes with palindromic recognition sites.,data,becomes data + a parser; no class port
Restriction,Bio.Restriction.Restriction,BstENI,BstENI,class,public,defined,,False,Implement methods for enzymes with palindromic recognition sites.,data,becomes data + a parser; no class port
Restriction,Bio.Restriction.Restriction,Alw21I,Alw21I,class,public,defined,,False,Implement methods for enzymes with palindromic recognition sites.,data,becomes data + a parser; no class port
Restriction,Bio.Restriction.Restriction,Sau5656II,Sau5656II,class,public,defined,,False,Implement methods for enzymes with non-palindromic recognition sites.,data,becomes data + a parser; no class port
Restriction,Bio.Restriction.Restriction,Pae10662III,Pae10662III,class,public,defined,,False,Implement methods for enzymes with non-palindromic recognition sites.,data,becomes data + a parser; no class port
Restriction,Bio.Restriction.Restriction,DrdVI,DrdVI,class,public,defined,,False,Implement methods for enzymes with non-palindromic recognition sites.,data,becomes data + a parser; no class port
Restriction,Bio.Restriction.Restriction,HpyAXVI_mut1,HpyAXVI_mut1,class,public,defined,,False,Implement methods for enzymes with non-palindromic recognition sites.,data,becomes data + a parser; no class port
Restriction,Bio.Restriction.Restriction,Lcr047II,Lcr047II,class,public,defined,,False,Implement methods for enzymes with non-palindromic recognition sites.,data,becomes data + a parser; no class port
Restriction,Bio.Restriction.Restriction,PspPRI,PspPRI,class,public,defined,,False,Implement methods for enzymes with non-palindromic recognition sites.,data,becomes data + a parser; no class port
Restriction,Bio.Restriction.Restriction,PspOMII,PspOMII,class,public,defined,,False,Implement methods for enzymes with non-palindromic recognition sites.,data,becomes data + a parser; no class port
Restriction,Bio.Restriction.Restriction,PaeR7I,PaeR7I,class,public,defined,,False,Implement methods for enzymes with palindromic recognition sites.,data,becomes data + a parser; no class port
Restriction,Bio.Restriction.Restriction,BstV1I,BstV1I,class,public,defined,,False,Implement methods for enzymes with non-palindromic recognition sites.,data,becomes data + a parser; no class port
Restriction,Bio.Restriction.Restriction,PceI,PceI,class,public,defined,,False,Implement methods for enzymes with palindromic recognition sites.,data,becomes data + a parser; no class port
Restriction,Bio.Restriction.Restriction,BsrFI,BsrFI,class,public,defined,,False,Implement methods for enzymes with palindromic recognition sites.,data,becomes data + a parser; no class port
Restriction,Bio.Restriction.Restriction,Cfr9I,Cfr9I,class,public,defined,,False,Implement methods for enzymes with palindromic recognition sites.,data,becomes data + a parser; no class port
Restriction,Bio.Restriction.Restriction,XspI,XspI,class,public,defined,,False,Implement methods for enzymes with palindromic recognition sites.,data,becomes data + a parser; no class port
Restriction,Bio.Restriction.Restriction,Asl11923II,Asl11923II,class,public,defined,,False,Implement methods for enzymes with non-palindromic recognition sites.,data,becomes data + a parser; no class port
Restriction,Bio.Restriction.Restriction,AspNIH4III,AspNIH4III,class,public,defined,,False,Implement methods for enzymes with non-palindromic recognition sites.,data,becomes data + a parser; no class port
Restriction,Bio.Restriction.Restriction,Cdu23823II,Cdu23823II,class,public,defined,,False,Implement methods for enzymes with non-palindromic recognition sites.,data,becomes data + a parser; no class port
Restriction,Bio.Restriction.Restriction,Pru8113I,Pru8113I,class,public,defined,,False,Implement methods for enzymes with non-palindromic recognition sites.,data,becomes data + a parser; no class port
Restriction,Bio.Restriction.Restriction,TstI,TstI,class,public,defined,,False,Implement methods for enzymes with non-palindromic recognition sites.,data,becomes data + a parser; no class port
Restriction,Bio.Restriction.Restriction,SrfI,SrfI,class,public,defined,,False,Implement methods for enzymes with palindromic recognition sites.,data,becomes data + a parser; no class port
Restriction,Bio.Restriction.Restriction,DpnII,DpnII,class,public,defined,,False,Implement methods for enzymes with palindromic recognition sites.,data,becomes data + a parser; no class port
Restriction,Bio.Restriction.Restriction,BsrGI,BsrGI,class,public,defined,,False,Implement methods for enzymes with palindromic recognition sites.,data,becomes data + a parser; no class port
Restriction,Bio.Restriction.Restriction,TatI,TatI,class,public,defined,,False,Implement methods for enzymes with palindromic recognition sites.,data,becomes data + a parser; no class port
Restriction,Bio.Restriction.Restriction,FblI,FblI,class,public,defined,,False,Implement methods for enzymes with palindromic recognition sites.,data,becomes data + a parser; no class port
Restriction,Bio.Restriction.Restriction,AspLEI,AspLEI,class,public,defined,,False,Implement methods for enzymes with palindromic recognition sites.,data,becomes data + a parser; no class port
Restriction,Bio.Restriction.Restriction,Zsp2I,Zsp2I,class,public,defined,,False,Implement methods for enzymes with palindromic recognition sites.,data,becomes data + a parser; no class port
Restriction,Bio.Restriction.Restriction,BstXI,BstXI,class,public,defined,,False,Implement methods for enzymes with palindromic recognition sites.,data,becomes data + a parser; no class port
Restriction,Bio.Restriction.Restriction,PcsI,PcsI,class,public,defined,,False,Implement methods for enzymes with palindromic recognition sites.,data,becomes data + a parser; no class port
Restriction,Bio.Restriction.Restriction,HpyLIM9XVI,HpyLIM9XVI,class,public,defined,,False,Implement methods for enzymes with non-palindromic recognition sites.,data,becomes data + a parser; no class port
Restriction,Bio.Restriction.Restriction,HaeI,HaeI,class,public,defined,,False,Implement methods for enzymes with palindromic recognition sites.,data,becomes data + a parser; no class port
Restriction,Bio.Restriction.Restriction,AanI,AanI,class,public,defined,,False,Implement methods for enzymes with palindromic recognition sites.,data,becomes data + a parser; no class port
Restriction,Bio.Restriction.Restriction,Bsp19I,Bsp19I,class,public,defined,,False,Implement methods for enzymes with palindromic recognition sites.,data,becomes data + a parser; no class port
Restriction,Bio.Restriction.Restriction,CspL61I,CspL61I,class,public,defined,,False,Implement methods for enzymes with non-palindromic recognition sites.,data,becomes data + a parser; no class port
Restriction,Bio.Restriction.Restriction,SmaUMH8I,SmaUMH8I,class,public,defined,,False,Implement methods for enzymes with non-palindromic recognition sites.,data,becomes data + a parser; no class port
Restriction,Bio.Restriction.Restriction,BbvII,BbvII,class,public,defined,,False,Implement methods for enzymes with non-palindromic recognition sites.,data,becomes data + a parser; no class port
Restriction,Bio.Restriction.Restriction,Sth132I,Sth132I,class,public,defined,,False,Implement methods for enzymes with non-palindromic recognition sites.,data,becomes data + a parser; no class port
Restriction,Bio.Restriction.Restriction,BarI,BarI,class,public,defined,,False,Implement methods for enzymes with non-palindromic recognition sites.,data,becomes data + a parser; no class port
Restriction,Bio.Restriction.Restriction,BsiSI,BsiSI,class,public,defined,,False,Implement methods for enzymes with palindromic recognition sites.,data,becomes data + a parser; no class port
Restriction,Bio.Restriction.Restriction,MauBI,MauBI,class,public,defined,,False,Implement methods for enzymes with palindromic recognition sites.,data,becomes data + a parser; no class port
Restriction,Bio.Restriction.Restriction,BstDEI,BstDEI,class,public,defined,,False,Implement methods for enzymes with palindromic recognition sites.,data,becomes data + a parser; no class port
Restriction,Bio.Restriction.Restriction,AdeI,AdeI,class,public,defined,,False,Implement methods for enzymes with palindromic recognition sites.,data,becomes data + a parser; no class port
Restriction,Bio.Restriction.Restriction,Pac19842II,Pac19842II,class,public,defined,,False,Implement methods for enzymes with non-palindromic recognition sites.,data,becomes data + a parser; no class port
Restriction,Bio.Restriction.Restriction,Cba13II,Cba13II,class,public,defined,,False,Implement methods for enzymes with non-palindromic recognition sites.,data,becomes data + a parser; no class port
Restriction,Bio.Restriction.Restriction,Cly7489II,Cly7489II,class,public,defined,,False,Implement methods for enzymes with non-palindromic recognition sites.,data,becomes data + a parser; no class port
Restriction,Bio.Restriction.Restriction,Dpi3090II,Dpi3090II,class,public,defined,,False,Implement methods for enzymes with non-palindromic recognition sites.,data,becomes data + a parser; no class port
Restriction,Bio.Restriction.Restriction,Lbr124II,Lbr124II,class,public,defined,,False,Implement methods for enzymes with non-palindromic recognition sites.,data,becomes data + a parser; no class port
Restriction,Bio.Restriction.Restriction,SanDI,SanDI,class,public,defined,,False,Implement methods for enzymes with palindromic recognition sites.,data,becomes data + a parser; no class port
Restriction,Bio.Restriction.Restriction,SfaNI,SfaNI,class,public,defined,,False,Implement methods for enzymes with non-palindromic recognition sites.,data,becomes data + a parser; no class port
Restriction,Bio.Restriction.Restriction,BbsI,BbsI,class,public,defined,,False,Implement methods for enzymes with non-palindromic recognition sites.,data,becomes data + a parser; no class port
Restriction,Bio.Restriction.Restriction,Bst6I,Bst6I,class,public,defined,,False,Implement methods for enzymes with non-palindromic recognition sites.,data,becomes data + a parser; no class port
Restriction,Bio.Restriction.Restriction,NsbI,NsbI,class,public,defined,,False,Implement methods for enzymes with palindromic recognition sites.,data,becomes data + a parser; no class port
Restriction,Bio.Restriction.Restriction,BsiWI,BsiWI,class,public,defined,,False,Implement methods for enzymes with palindromic recognition sites.,data,becomes data + a parser; no class port
Restriction,Bio.Restriction.Restriction,Asp103I,Asp103I,class,public,defined,,False,Implement methods for enzymes with non-palindromic recognition sites.,data,becomes data + a parser; no class port
Restriction,Bio.Restriction.Restriction,Cdi13746V,Cdi13746V,class,public,defined,,False,Implement methods for enzymes with non-palindromic recognition sites.,data,becomes data + a parser; no class port
Restriction,Bio.Restriction.Restriction,Pme10899I,Pme10899I,class,public,defined,,False,Implement methods for enzymes with non-palindromic recognition sites.,data,becomes data + a parser; no class port
Restriction,Bio.Restriction.Restriction,LmnI,LmnI,class,public,defined,,False,Implement methods for enzymes with non-palindromic recognition sites.,data,becomes data + a parser; no class port
Restriction,Bio.Restriction.Restriction,SmiI,SmiI,class,public,defined,,False,Implement methods for enzymes with palindromic recognition sites.,data,becomes data + a parser; no class port
Restriction,Bio.Restriction.Restriction,CviAII,CviAII,class,public,defined,,False,Implement methods for enzymes with palindromic recognition sites.,data,becomes data + a parser; no class port
Restriction,Bio.Restriction.Restriction,SspMI,SspMI,class,public,defined,,False,Implement methods for enzymes with palindromic recognition sites.,data,becomes data + a parser; no class port
Restriction,Bio.Restriction.Restriction,EcoT14I,EcoT14I,class,public,defined,,False,Implement methods for enzymes with palindromic recognition sites.,data,becomes data + a parser; no class port
Restriction,Bio.Restriction.Restriction,TaiI,TaiI,class,public,defined,,False,Implement methods for enzymes with palindromic recognition sites.,data,becomes data + a parser; no class port
Restriction,Bio.Restriction.Restriction,Bsp1286I,Bsp1286I,class,public,defined,,False,Implement methods for enzymes with palindromic recognition sites.,data,becomes data + a parser; no class port
Restriction,Bio.Restriction.Restriction,HpyF10VI,HpyF10VI,class,public,defined,,False,Implement methods for enzymes with palindromic recognition sites.,data,becomes data + a parser; no class port
Restriction,Bio.Restriction.Restriction,KpnNH25III,KpnNH25III,class,public,defined,,False,Implement methods for enzymes with non-palindromic recognition sites.,data,becomes data + a parser; no class port
Restriction,Bio.Restriction.Restriction,HpyG272XV,HpyG272XV,class,public,defined,,False,Implement methods for enzymes with non-palindromic recognition sites.,data,becomes data + a parser; no class port
Restriction,Bio.Restriction.Restriction,SwaI,SwaI,class,public,defined,,False,Implement methods for enzymes with palindromic recognition sites.,data,becomes data + a parser; no class port
Restriction,Bio.Restriction.Restriction,Csp2014I,Csp2014I,class,public,defined,,False,Implement methods for enzymes with non-palindromic recognition sites.,data,becomes data + a parser; no class port
Restriction,Bio.Restriction.Restriction,Sma10259II,Sma10259II,class,public,defined,,False,Implement methods for enzymes with non-palindromic recognition sites.,data,becomes data + a parser; no class port
Restriction,Bio.Restriction.Restriction,AceIII,AceIII,class,public,defined,,False,Implement methods for enzymes with non-palindromic recognition sites.,data,becomes data + a parser; no class port
Restriction,Bio.Restriction.Restriction,AjuI,AjuI,class,public,defined,,False,Implement methods for enzymes with non-palindromic recognition sites.,data,becomes data + a parser; no class port
Restriction,Bio.Restriction.Restriction,BshTI,BshTI,class,public,defined,,False,Implement methods for enzymes with palindromic recognition sites.,data,becomes data + a parser; no class port
Restriction,Bio.Restriction.Restriction,MaeI,MaeI,class,public,defined,,False,Implement methods for enzymes with palindromic recognition sites.,data,becomes data + a parser; no class port
Restriction,Bio.Restriction.Restriction,BspT107I,BspT107I,class,public,defined,,False,Implement methods for enzymes with palindromic recognition sites.,data,becomes data + a parser; no class port
Restriction,Bio.Restriction.Restriction,AasI,AasI,class,public,defined,,False,Implement methods for enzymes with palindromic recognition sites.,data,becomes data + a parser; no class port
Restriction,Bio.Restriction.Restriction,CalB3II,CalB3II,class,public,defined,,False,Implement methods for enzymes with non-palindromic recognition sites.,data,becomes data + a parser; no class port
Restriction,Bio.Restriction.Restriction,Dpi3069I,Dpi3069I,class,public,defined,,False,Implement methods for enzymes with non-palindromic recognition sites.,data,becomes data + a parser; no class port
Restriction,Bio.Restriction.Restriction,OspHL35III,OspHL35III,class,public,defined,,False,Implement methods for enzymes with non-palindromic recognition sites.,data,becomes data + a parser; no class port
Restriction,Bio.Restriction.Restriction,Rtr1953I,Rtr1953I,class,public,defined,,False,Implement methods for enzymes with non-palindromic recognition sites.,data,becomes data + a parser; no class port
Restriction,Bio.Restriction.Restriction,NlaCI,NlaCI,class,public,defined,,False,Implement methods for enzymes with non-palindromic recognition sites.,data,becomes data + a parser; no class port
Restriction,Bio.Restriction.Restriction,TagI,TagI,class,public,defined,,False,Implement methods for enzymes with palindromic recognition sites.,data,becomes data + a parser; no class port
Restriction,Bio.Restriction.Restriction,Bpu10I,Bpu10I,class,public,defined,,False,Implement methods for enzymes with non-palindromic recognition sites.,data,becomes data + a parser; no class port
Restriction,Bio.Restriction.Restriction,BsmBI,BsmBI,class,public,defined,,False,Implement methods for enzymes with non-palindromic recognition sites.,data,becomes data + a parser; no class port
Restriction,Bio.Restriction.Restriction,BspQI,BspQI,class,public,defined,,False,Implement methods for enzymes with non-palindromic recognition sites.,data,becomes data + a parser; no class port
Restriction,Bio.Restriction.Restriction,BsnI,BsnI,class,public,defined,,False,Implement methods for enzymes with palindromic recognition sites.,data,becomes data + a parser; no class port
Restriction,Bio.Restriction.Restriction,BtuMI,BtuMI,class,public,defined,,False,Implement methods for enzymes with palindromic recognition sites.,data,becomes data + a parser; no class port
Restriction,Bio.Restriction.Restriction,MssI,MssI,class,public,defined,,False,Implement methods for enzymes with palindromic recognition sites.,data,becomes data + a parser; no class port
Restriction,Bio.Restriction.Restriction,CcrNAIII,CcrNAIII,class,public,defined,,False,Implement methods for enzymes with non-palindromic recognition sites.,data,becomes data + a parser; no class port
Restriction,Bio.Restriction.Restriction,Cla11845III,Cla11845III,class,public,defined,,False,Implement methods for enzymes with non-palindromic recognition sites.,data,becomes data + a parser; no class port
Restriction,Bio.Restriction.Restriction,Kpn9178I,Kpn9178I,class,public,defined,,False,Implement methods for enzymes with non-palindromic recognition sites.,data,becomes data + a parser; no class port
Restriction,Bio.Restriction.Restriction,PinP59III,PinP59III,class,public,defined,,False,Implement methods for enzymes with non-palindromic recognition sites.,data,becomes data + a parser; no class port
Restriction,Bio.Restriction.Restriction,BsrDI,BsrDI,class,public,defined,,False,Implement methods for enzymes with non-palindromic recognition sites.,data,becomes data + a parser; no class port
Restriction,Bio.Restriction.Restriction,EciI,EciI,class,public,defined,,False,Implement methods for enzymes with non-palindromic recognition sites.,data,becomes data + a parser; no class port
Restriction,Bio.Restriction.Restriction,RruI,RruI,class,public,defined,,False,Implement methods for enzymes with palindromic recognition sites.,data,becomes data + a parser; no class port
Restriction,Bio.Restriction.Restriction,SlaI,SlaI,class,public,defined,,False,Implement methods for enzymes with palindromic recognition sites.,data,becomes data + a parser; no class port
Restriction,Bio.Restriction.Restriction,Tth111I,Tth111I,class,public,defined,,False,Implement methods for enzymes with palindromic recognition sites.,data,becomes data + a parser; no class port
Restriction,Bio.Restriction.Restriction,Eco130I,Eco130I,class,public,defined,,False,Implement methods for enzymes with palindromic recognition sites.,data,becomes data + a parser; no class port
Restriction,Bio.Restriction.Restriction,Bsc4I,Bsc4I,class,public,defined,,False,Implement methods for enzymes with palindromic recognition sites.,data,becomes data + a parser; no class port
Restriction,Bio.Restriction.Restriction,FriOI,FriOI,class,public,defined,,False,Implement methods for enzymes with palindromic recognition sites.,data,becomes data + a parser; no class port
Restriction,Bio.Restriction.Restriction,Hpy99XXII,Hpy99XXII,class,public,defined,,False,Implement methods for enzymes with non-palindromic recognition sites.,data,becomes data + a parser; no class port
Restriction,Bio.Restriction.Restriction,CdpI,CdpI,class,public,defined,,False,Implement methods for enzymes with non-palindromic recognition sites.,data,becomes data + a parser; no class port
Restriction,Bio.Restriction.Restriction,BspCNI,BspCNI,class,public,defined,,False,Implement methods for enzymes with non-palindromic recognition sites.,data,becomes data + a parser; no class port
Restriction,Bio.Restriction.Restriction,SnaBI,SnaBI,class,public,defined,,False,Implement methods for enzymes with palindromic recognition sites.,data,becomes data + a parser; no class port
Restriction,Bio.Restriction.Restriction,AsiGI,AsiGI,class,public,defined,,False,Implement methods for enzymes with palindromic recognition sites.,data,becomes data + a parser; no class port
Restriction,Bio.Restriction.Restriction,BseAI,BseAI,class,public,defined,,False,Implement methods for enzymes with palindromic recognition sites.,data,becomes data + a parser; no class port
Restriction,Bio.Restriction.Restriction,PenI,PenI,class,public,defined,,False,Implement methods for enzymes with non-palindromic recognition sites.,data,becomes data + a parser; no class port
Restriction,Bio.Restriction.Restriction,EcoHI,EcoHI,class,public,defined,,False,Implement methods for enzymes with palindromic recognition sites.,data,becomes data + a parser; no class port
Restriction,Bio.Restriction.Restriction,Cre7908I,Cre7908I,class,public,defined,,False,Implement methods for enzymes with non-palindromic recognition sites.,data,becomes data + a parser; no class port
Restriction,Bio.Restriction.Restriction,SgrAII,SgrAII,class,public,defined,,False,Implement methods for enzymes with non-palindromic recognition sites.,data,becomes data + a parser; no class port
Restriction,Bio.Restriction.Restriction,AciI,AciI,class,public,defined,,False,Implement methods for enzymes with non-palindromic recognition sites.,data,becomes data + a parser; no class port
Restriction,Bio.Restriction.Restriction,BsePI,BsePI,class,public,defined,,False,Implement methods for enzymes with palindromic recognition sites.,data,becomes data + a parser; no class port
Restriction,Bio.Restriction.Restriction,Ksp22I,Ksp22I,class,public,defined,,False,Implement methods for enzymes with palindromic recognition sites.,data,becomes data + a parser; no class port
Restriction,Bio.Restriction.Restriction,XmiI,XmiI,class,public,defined,,False,Implement methods for enzymes with palindromic recognition sites.,data,becomes data + a parser; no class port
Restriction,Bio.Restriction.Restriction,Bve1B23I,Bve1B23I,class,public,defined,,False,Implement methods for enzymes with non-palindromic recognition sites.,data,becomes data + a parser; no class port
Restriction,Bio.Restriction.Restriction,ObaBS10I,ObaBS10I,class,public,defined,,False,Implement methods for enzymes with non-palindromic recognition sites.,data,becomes data + a parser; no class port
Restriction,Bio.Restriction.Restriction,Rsp531II,Rsp531II,class,public,defined,,False,Implement methods for enzymes with non-palindromic recognition sites.,data,becomes data + a parser; no class port
Restriction,Bio.Restriction.Restriction,Cin11811I,Cin11811I,class,public,defined,,False,Implement methods for enzymes with palindromic recognition sites.,data,becomes data + a parser; no class port
Restriction,Bio.Restriction.Restriction,DrdV,DrdV,class,public,defined,,False,Implement methods for enzymes with non-palindromic recognition sites.,data,becomes data + a parser; no class port
Restriction,Bio.Restriction.Restriction,NgoAVIII,NgoAVIII,class,public,defined,,False,Implement methods for enzymes with non-palindromic recognition sites.,data,becomes data + a parser; no class port
Restriction,Bio.Restriction.Restriction,BcoDI,BcoDI,class,public,defined,,False,Implement methods for enzymes with non-palindromic recognition sites.,data,becomes data + a parser; no class port
Restriction,Bio.Restriction.Restriction,Bso31I,Bso31I,class,public,defined,,False,Implement methods for enzymes with non-palindromic recognition sites.,data,becomes data + a parser; no class port
Restriction,Bio.Restriction.Restriction,PshAI,PshAI,class,public,defined,,False,Implement methods for enzymes with palindromic recognition sites.,data,becomes data + a parser; no class port
Restriction,Bio.Restriction.Restriction,Bsh1236I,Bsh1236I,class,public,defined,,False,Implement methods for enzymes with palindromic recognition sites.,data,becomes data + a parser; no class port
Restriction,Bio.Restriction.Restriction,MslI,MslI,class,public,defined,,False,Implement methods for enzymes with palindromic recognition sites.,data,becomes data + a parser; no class port
Restriction,Bio.Restriction.Restriction,NgoMIV,NgoMIV,class,public,defined,,False,Implement methods for enzymes with palindromic recognition sites.,data,becomes data + a parser; no class port
Restriction,Bio.Restriction.Restriction,BbuB31II,BbuB31II,class,public,defined,,False,Implement methods for enzymes with non-palindromic recognition sites.,data,becomes data + a parser; no class port
Restriction,Bio.Restriction.Restriction,Cco14983V,Cco14983V,class,public,defined,,False,Implement methods for enzymes with non-palindromic recognition sites.,data,becomes data + a parser; no class port
Restriction,Bio.Restriction.Restriction,Kpn156V,Kpn156V,class,public,defined,,False,Implement methods for enzymes with non-palindromic recognition sites.,data,becomes data + a parser; no class port
Restriction,Bio.Restriction.Restriction,TseI,TseI,class,public,defined,,False,Implement methods for enzymes with palindromic recognition sites.,data,becomes data + a parser; no class port
Restriction,Bio.Restriction.Restriction,SacII,SacII,class,public,defined,,False,Implement methods for enzymes with palindromic recognition sites.,data,becomes data + a parser; no class port
Restriction,Bio.Restriction.Restriction,BseNI,BseNI,class,public,defined,,False,Implement methods for enzymes with non-palindromic recognition sites.,data,becomes data + a parser; no class port
Restriction,Bio.Restriction.Restriction,PspCI,PspCI,class,public,defined,,False,Implement methods for enzymes with palindromic recognition sites.,data,becomes data + a parser; no class port
Restriction,Bio.Restriction.Restriction,SgrDI,SgrDI,class,public,defined,,False,Implement methods for enzymes with palindromic recognition sites.,data,becomes data + a parser; no class port
Restriction,Bio.Restriction.Restriction,Eco88I,Eco88I,class,public,defined,,False,Implement methods for enzymes with palindromic recognition sites.,data,becomes data + a parser; no class port
Restriction,Bio.Restriction.Restriction,BanII,BanII,class,public,defined,,False,Implement methods for enzymes with palindromic recognition sites.,data,becomes data + a parser; no class port
Restriction,Bio.Restriction.Restriction,Eam1105I,Eam1105I,class,public,defined,,False,Implement methods for enzymes with palindromic recognition sites.,data,becomes data + a parser; no class port
Restriction,Bio.Restriction.Restriction,AccX,AccX,class,public,defined,,False,Implement methods for enzymes with non-palindromic recognition sites.,data,becomes data + a parser; no class port
Restriction,Bio.Restriction.Restriction,Fco1691IV,Fco1691IV,class,public,defined,,False,Implement methods for enzymes with non-palindromic recognition sites.,data,becomes data + a parser; no class port
Restriction,Bio.Restriction.Restriction,LsaDS4I,LsaDS4I,class,public,defined,,False,Implement methods for enzymes with non-palindromic recognition sites.,data,becomes data + a parser; no class port
Restriction,Bio.Restriction.Restriction,Aor13HI,Aor13HI,class,public,defined,,False,Implement methods for enzymes with palindromic recognition sites.,data,becomes data + a parser; no class port
Restriction,Bio.Restriction.Restriction,BtgZI,BtgZI,class,public,defined,,False,Implement methods for enzymes with non-palindromic recognition sites.,data,becomes data + a parser; no class port
Restriction,Bio.Restriction.Restriction,Acc36I,Acc36I,class,public,defined,,False,Implement methods for enzymes with non-palindromic recognition sites.,data,becomes data + a parser; no class port
Restriction,Bio.Restriction.Restriction,SfoI,SfoI,class,public,defined,,False,Implement methods for enzymes with palindromic recognition sites.,data,becomes data + a parser; no class port
Restriction,Bio.Restriction.Restriction,BspFNI,BspFNI,class,public,defined,,False,Implement methods for enzymes with palindromic recognition sites.,data,becomes data + a parser; no class port
Restriction,Bio.Restriction.Restriction,Bsa29I,Bsa29I,class,public,defined,,False,Implement methods for enzymes with palindromic recognition sites.,data,becomes data + a parser; no class port
Restriction,Bio.Restriction.Restriction,BfaSII,BfaSII,class,public,defined,,False,Implement methods for enzymes with non-palindromic recognition sites.,data,becomes data + a parser; no class port
Restriction,Bio.Restriction.Restriction,Sfl13829III,Sfl13829III,class,public,defined,,False,Implement methods for enzymes with non-palindromic recognition sites.,data,becomes data + a parser; no class port
Restriction,Bio.Restriction.Restriction,BspGI,BspGI,class,public,defined,,False,Implement methods for enzymes with non-palindromic recognition sites.,data,becomes data + a parser; no class port
Restriction,Bio.Restriction.Restriction,Hsp92I,Hsp92I,class,public,defined,,False,Implement methods for enzymes with palindromic recognition sites.,data,becomes data + a parser; no class port
Restriction,Bio.Restriction.Restriction,VpaK11BI,VpaK11BI,class,public,defined,,False,Implement methods for enzymes with palindromic recognition sites.,data,becomes data + a parser; no class port
Restriction,Bio.Restriction.Restriction,Bsp3004IV,Bsp3004IV,class,public,defined,,False,Implement methods for enzymes with non-palindromic recognition sites.,data,becomes data + a parser; no class port
Restriction,Bio.Restriction.Restriction,NpeUS61II,NpeUS61II,class,public,defined,,False,Implement methods for enzymes with non-palindromic recognition sites.,data,becomes data + a parser; no class port
Restriction,Bio.Restriction.Restriction,Rsp008IV,Rsp008IV,class,public,defined,,False,Implement methods for enzymes with non-palindromic recognition sites.,data,becomes data + a parser; no class port
Restriction,Bio.Restriction.Restriction,DraRI,DraRI,class,public,defined,,False,Implement methods for enzymes with non-palindromic recognition sites.,data,becomes data + a parser; no class port
Restriction,Bio.Restriction.Restriction,PpiI,PpiI,class,public,defined,,False,Implement methods for enzymes with non-palindromic recognition sites.,data,becomes data + a parser; no class port
Restriction,Bio.Restriction.Restriction,Tth111II,Tth111II,class,public,defined,,False,Implement methods for enzymes with non-palindromic recognition sites.,data,becomes data + a parser; no class port
Restriction,Bio.Restriction.Restriction,Mox20I,Mox20I,class,public,defined,,False,Implement methods for enzymes with palindromic recognition sites.,data,becomes data + a parser; no class port
Restriction,Bio.Restriction.Restriction,AlwI,AlwI,class,public,defined,,False,Implement methods for enzymes with non-palindromic recognition sites.,data,becomes data + a parser; no class port
Restriction,Bio.Restriction.Restriction,BccI,BccI,class,public,defined,,False,Implement methods for enzymes with non-palindromic recognition sites.,data,becomes data + a parser; no class port
Restriction,Bio.Restriction.Restriction,BseXI,BseXI,class,public,defined,,False,Implement methods for enzymes with non-palindromic recognition sites.,data,becomes data + a parser; no class port
Restriction,Bio.Restriction.Restriction,NruI,NruI,class,public,defined,,False,Implement methods for enzymes with palindromic recognition sites.,data,becomes data + a parser; no class port
Restriction,Bio.Restriction.Restriction,Bse8I,Bse8I,class,public,defined,,False,Implement methods for enzymes with palindromic recognition sites.,data,becomes data + a parser; no class port
Restriction,Bio.Restriction.Restriction,NcoI,NcoI,class,public,defined,,False,Implement methods for enzymes with palindromic recognition sites.,data,becomes data + a parser; no class port
Restriction,Bio.Restriction.Restriction,Aba6411II,Aba6411II,class,public,defined,,False,Implement methods for enzymes with non-palindromic recognition sites.,data,becomes data + a parser; no class port
Restriction,Bio.Restriction.Restriction,Bbr7017III,Bbr7017III,class,public,defined,,False,Implement methods for enzymes with non-palindromic recognition sites.,data,becomes data + a parser; no class port
Restriction,Bio.Restriction.Restriction,Sfr274I,Sfr274I,class,public,defined,,False,Implement methods for enzymes with palindromic recognition sites.,data,becomes data + a parser; no class port
Restriction,Bio.Restriction.Restriction,PspFI,PspFI,class,public,defined,,False,Implement methods for enzymes with non-palindromic recognition sites.,data,becomes data + a parser; no class port
Restriction,Bio.Restriction.Restriction,BseGI,BseGI,class,public,defined,,False,Implement methods for enzymes with non-palindromic recognition sites.,data,becomes data + a parser; no class port
Restriction,Bio.Restriction.Restriction,PmeI,PmeI,class,public,defined,,False,Implement methods for enzymes with palindromic recognition sites.,data,becomes data + a parser; no class port
Restriction,Bio.Restriction.Restriction,StyD4I,StyD4I,class,public,defined,,False,Implement methods for enzymes with palindromic recognition sites.,data,becomes data + a parser; no class port
Restriction,Bio.Restriction.Restriction,PstI,PstI,class,public,defined,,False,Implement methods for enzymes with palindromic recognition sites.,data,becomes data + a parser; no class port
Restriction,Bio.Restriction.Restriction,Eco47I,Eco47I,class,public,defined,,False,Implement methods for enzymes with palindromic recognition sites.,data,becomes data + a parser; no class port
Restriction,Bio.Restriction.Restriction,AhdI,AhdI,class,public,defined,,False,Implement methods for enzymes with palindromic recognition sites.,data,becomes data + a parser; no class port
Restriction,Bio.Restriction.Restriction,DriI,DriI,class,public,defined,,False,Implement methods for enzymes with palindromic recognition sites.,data,becomes data + a parser; no class port
Restriction,Bio.Restriction.Restriction,Acc65V,Acc65V,class,public,defined,,False,Implement methods for enzymes with non-palindromic recognition sites.,data,becomes data + a parser; no class port
Restriction,Bio.Restriction.Restriction,Cba16038I,Cba16038I,class,public,defined,,False,Implement methods for enzymes with non-palindromic recognition sites.,data,becomes data + a parser; no class port
Restriction,Bio.Restriction.Restriction,HindII,HindII,class,public,defined,,False,Implement methods for enzymes with palindromic recognition sites.,data,becomes data + a parser; no class port
Restriction,Bio.Restriction.Restriction,RsaI,RsaI,class,public,defined,,False,Implement methods for enzymes with palindromic recognition sites.,data,becomes data + a parser; no class port
Restriction,Bio.Restriction.Restriction,AhlI,AhlI,class,public,defined,,False,Implement methods for enzymes with palindromic recognition sites.,data,becomes data + a parser; no class port
Restriction,Bio.Restriction.Restriction,BlnI,BlnI,class,public,defined,,False,Implement methods for enzymes with palindromic recognition sites.,data,becomes data + a parser; no class port
Restriction,Bio.Restriction.Restriction,Bce10661III,Bce10661III,class,public,defined,,False,Implement methods for enzymes with non-palindromic recognition sites.,data,becomes data + a parser; no class port
Restriction,Bio.Restriction.Restriction,Sep11964I,Sep11964I,class,public,defined,,False,Implement methods for enzymes with non-palindromic recognition sites.,data,becomes data + a parser; no class port
Restriction,Bio.Restriction.Restriction,AlwFI,AlwFI,class,public,defined,,False,Implement methods for enzymes with non-palindromic recognition sites.,data,becomes data + a parser; no class port
Restriction,Bio.Restriction.Restriction,ApyPI,ApyPI,class,public,defined,,False,Implement methods for enzymes with non-palindromic recognition sites.,data,becomes data + a parser; no class port
Restriction,Bio.Restriction.Restriction,Hin6I,Hin6I,class,public,defined,,False,Implement methods for enzymes with palindromic recognition sites.,data,becomes data + a parser; no class port
Restriction,Bio.Restriction.Restriction,SmoI,SmoI,class,public,defined,,False,Implement methods for enzymes with palindromic recognition sites.,data,becomes data + a parser; no class port
Restriction,Bio.Restriction.Restriction,SfaAI,SfaAI,class,public,defined,,False,Implement methods for enzymes with palindromic recognition sites.,data,becomes data + a parser; no class port
Restriction,Bio.Restriction.Restriction,BscGI,BscGI,class,public,defined,,False,Implement methods for enzymes with non-palindromic recognition sites.,data,becomes data + a parser; no class port
Restriction,Bio.Restriction.Restriction,Nbr128II,Nbr128II,class,public,defined,,False,Implement methods for enzymes with non-palindromic recognition sites.,data,becomes data + a parser; no class port
Restriction,Bio.Restriction.Restriction,Rmu369III,Rmu369III,class,public,defined,,False,Implement methods for enzymes with non-palindromic recognition sites.,data,becomes data + a parser; no class port
Restriction,Bio.Restriction.Restriction,UbaF14I,UbaF14I,class,public,defined,,False,Implement methods for enzymes with non-palindromic recognition sites.,data,becomes data + a parser; no class port
Restriction,Bio.Restriction.Restriction,CdiI,CdiI,class,public,defined,,False,Implement methods for enzymes with non-palindromic recognition sites.,data,becomes data + a parser; no class port
Restriction,Bio.Restriction.Restriction,EspI,EspI,class,public,defined,,False,Implement methods for enzymes with palindromic recognition sites.,data,becomes data + a parser; no class port
Restriction,Bio.Restriction.Restriction,BmsI,BmsI,class,public,defined,,False,Implement methods for enzymes with non-palindromic recognition sites.,data,becomes data + a parser; no class port
Restriction,Bio.Restriction.Restriction,NaeI,NaeI,class,public,defined,,False,Implement methods for enzymes with palindromic recognition sites.,data,becomes data + a parser; no class port
Restriction,Bio.Restriction.Restriction,PvuII,PvuII,class,public,defined,,False,Implement methods for enzymes with palindromic recognition sites.,data,becomes data + a parser; no class port
Restriction,Bio.Restriction.Restriction,BoxI,BoxI,class,public,defined,,False,Implement methods for enzymes with palindromic recognition sites.,data,becomes data + a parser; no class port
Restriction,Bio.Restriction.Restriction,MlsI,MlsI,class,public,defined,,False,Implement methods for enzymes with palindromic recognition sites.,data,becomes data + a parser; no class port
Restriction,Bio.Restriction.Restriction,MspI,MspI,class,public,defined,,False,Implement methods for enzymes with palindromic recognition sites.,data,becomes data + a parser; no class port
Restriction,Bio.Restriction.Restriction,BdaI,BdaI,class,public,defined,,False,Implement methods for enzymes with palindromic recognition sites.,data,becomes data + a parser; no class port
Restriction,Bio.Restriction.Restriction,SimI,SimI,class,public,defined,,False,Implement methods for enzymes with non-palindromic recognition sites.,data,becomes data + a parser; no class port
Restriction,Bio.Restriction.Restriction,PdmI,PdmI,class,public,defined,,False,Implement methods for enzymes with palindromic recognition sites.,data,becomes data + a parser; no class port
Restriction,Bio.Restriction.Restriction,SmlI,SmlI,class,public,defined,,False,Implement methods for enzymes with palindromic recognition sites.,data,becomes data + a parser; no class port
Restriction,Bio.Restriction.Restriction,NspI,NspI,class,public,defined,,False,Implement methods for enzymes with palindromic recognition sites.,data,becomes data + a parser; no class port
Restriction,Bio.Restriction.Restriction,Bse1I,Bse1I,class,public,defined,,False,Implement methods for enzymes with non-palindromic recognition sites.,data,becomes data + a parser; no class port
Restriction,Bio.Restriction.Restriction,CsiI,CsiI,class,public,defined,,False,Implement methods for enzymes with palindromic recognition sites.,data,becomes data + a parser; no class port
Restriction,Bio.Restriction.Restriction,BstSLI,BstSLI,class,public,defined,,False,Implement methods for enzymes with palindromic recognition sites.,data,becomes data + a parser; no class port
Restriction,Bio.Restriction.Restriction,RsaNI,RsaNI,class,public,defined,,False,Implement methods for enzymes with palindromic recognition sites.,data,becomes data + a parser; no class port
Restriction,Bio.Restriction.Restriction,ErhG4T10I,ErhG4T10I,class,public,defined,,False,Implement methods for enzymes with non-palindromic recognition sites.,data,becomes data + a parser; no class port
Restriction,Bio.Restriction.Restriction,Hca13221V,Hca13221V,class,public,defined,,False,Implement methods for enzymes with non-palindromic recognition sites.,data,becomes data + a parser; no class port
Restriction,Bio.Restriction.Restriction,AquIII,AquIII,class,public,defined,,False,Implement methods for enzymes with non-palindromic recognition sites.,data,becomes data + a parser; no class port
Restriction,Bio.Restriction.Restriction,AcsI,AcsI,class,public,defined,,False,Implement methods for enzymes with palindromic recognition sites.,data,becomes data + a parser; no class port
Restriction,Bio.Restriction.Restriction,HaeIII,HaeIII,class,public,defined,,False,Implement methods for enzymes with palindromic recognition sites.,data,becomes data + a parser; no class port
Restriction,Bio.Restriction.Restriction,AspA2I,AspA2I,class,public,defined,,False,Implement methods for enzymes with palindromic recognition sites.,data,becomes data + a parser; no class port
Restriction,Bio.Restriction.Restriction,SenSARA26III,SenSARA26III,class,public,defined,,False,Implement methods for enzymes with non-palindromic recognition sites.,data,becomes data + a parser; no class port
Restriction,Bio.Restriction.Restriction,BscAI,BscAI,class,public,defined,,False,Implement methods for enzymes with non-palindromic recognition sites.,data,becomes data + a parser; no class port
Restriction,Bio.Restriction.Restriction,SchI,SchI,class,public,defined,,False,Implement methods for enzymes with non-palindromic recognition sites.,data,becomes data + a parser; no class port
Restriction,Bio.Restriction.Restriction,FspBI,FspBI,class,public,defined,,False,Implement methods for enzymes with palindromic recognition sites.,data,becomes data + a parser; no class port
Restriction,Bio.Restriction.Restriction,SfcI,SfcI,class,public,defined,,False,Implement methods for enzymes with palindromic recognition sites.,data,becomes data + a parser; no class port
Restriction,Bio.Restriction.Restriction,RigI,RigI,class,public,defined,,False,Implement methods for enzymes with palindromic recognition sites.,data,becomes data + a parser; no class port
Restriction,Bio.Restriction.Restriction,Rho5650I,Rho5650I,class,public,defined,,False,Implement methods for enzymes with non-palindromic recognition sites.,data,becomes data + a parser; no class port
Restriction,Bio.Restriction.Restriction,AbaCIII,AbaCIII,class,public,defined,,False,Implement methods for enzymes with non-palindromic recognition sites.,data,becomes data + a parser; no class port
Restriction,Bio.Restriction.Restriction,BloAII,BloAII,class,public,defined,,False,Implement methods for enzymes with non-palindromic recognition sites.,data,becomes data + a parser; no class port
Restriction,Bio.Restriction.Restriction,Nal45188II,Nal45188II,class,public,defined,,False,Implement methods for enzymes with non-palindromic recognition sites.,data,becomes data + a parser; no class port
Restriction,Bio.Restriction.Restriction,UbaF12I,UbaF12I,class,public,defined,,False,Implement methods for enzymes with non-palindromic recognition sites.,data,becomes data + a parser; no class port
Restriction,Bio.Restriction.Restriction,RleAI,RleAI,class,public,defined,,False,Implement methods for enzymes with non-palindromic recognition sites.,data,becomes data + a parser; no class port
Restriction,Bio.Restriction.Restriction,SciI,SciI,class,public,defined,,False,Implement methods for enzymes with palindromic recognition sites.,data,becomes data + a parser; no class port
Restriction,Bio.Restriction.Restriction,BalI,BalI,class,public,defined,,False,Implement methods for enzymes with palindromic recognition sites.,data,becomes data + a parser; no class port
Restriction,Bio.Restriction.Restriction,BstUI,BstUI,class,public,defined,,False,Implement methods for enzymes with palindromic recognition sites.,data,becomes data + a parser; no class port
Restriction,Bio.Restriction.Restriction,MscI,MscI,class,public,defined,,False,Implement methods for enzymes with palindromic recognition sites.,data,becomes data + a parser; no class port
Restriction,Bio.Restriction.Restriction,KspAI,KspAI,class,public,defined,,False,Implement methods for enzymes with palindromic recognition sites.,data,becomes data + a parser; no class port
Restriction,Bio.Restriction.Restriction,MluCI,MluCI,class,public,defined,,False,Implement methods for enzymes with palindromic recognition sites.,data,becomes data + a parser; no class port
Restriction,Bio.Restriction.Restriction,BstNI,BstNI,class,public,defined,,False,Implement methods for enzymes with palindromic recognition sites.,data,becomes data + a parser; no class port
Restriction,Bio.Restriction.Restriction,BsiI,BsiI,class,public,defined,,False,Implement methods for enzymes with non-palindromic recognition sites.,data,becomes data + a parser; no class port
Restriction,Bio.Restriction.Restriction,PsuI,PsuI,class,public,defined,,False,Implement methods for enzymes with palindromic recognition sites.,data,becomes data + a parser; no class port
Restriction,Bio.Restriction.Restriction,BfuI,BfuI,class,public,defined,,False,Implement methods for enzymes with non-palindromic recognition sites.,data,becomes data + a parser; no class port
Restriction,Bio.Restriction.Restriction,SexAI,SexAI,class,public,defined,,False,Implement methods for enzymes with palindromic recognition sites.,data,becomes data + a parser; no class port
Restriction,Bio.Restriction.Restriction,NlaIII,NlaIII,class,public,defined,,False,Implement methods for enzymes with palindromic recognition sites.,data,becomes data + a parser; no class port
Restriction,Bio.Restriction.Restriction,BtgI,BtgI,class,public,defined,,False,Implement methods for enzymes with palindromic recognition sites.,data,becomes data + a parser; no class port
Restriction,Bio.Restriction.Restriction,BstMCI,BstMCI,class,public,defined,,False,Implement methods for enzymes with palindromic recognition sites.,data,becomes data + a parser; no class port
Restriction,Bio.Restriction.Restriction,Cgl13032II,Cgl13032II,class,public,defined,,False,Implement methods for enzymes with non-palindromic recognition sites.,data,becomes data + a parser; no class port
Restriction,Bio.Restriction.Restriction,Ehi46392I,Ehi46392I,class,public,defined,,False,Implement methods for enzymes with non-palindromic recognition sites.,data,becomes data + a parser; no class port
Restriction,Bio.Restriction.Restriction,GsuPI,GsuPI,class,public,defined,,False,Implement methods for enzymes with non-palindromic recognition sites.,data,becomes data + a parser; no class port
Restriction,Bio.Restriction.Restriction,CjuII,CjuII,class,public,defined,,False,Implement methods for enzymes with non-palindromic recognition sites.,data,becomes data + a parser; no class port
Restriction,Bio.Restriction.Restriction,EcoRV,EcoRV,class,public,defined,,False,Implement methods for enzymes with palindromic recognition sites.,data,becomes data + a parser; no class port
Restriction,Bio.Restriction.Restriction,BstZ17I,BstZ17I,class,public,defined,,False,Implement methods for enzymes with palindromic recognition sites.,data,becomes data + a parser; no class port
Restriction,Bio.Restriction.Restriction,AbsI,AbsI,class,public,defined,,False,Implement methods for enzymes with palindromic recognition sites.,data,becomes data + a parser; no class port
Restriction,Bio.Restriction.Restriction,Sen17963III,Sen17963III,class,public,defined,,False,Implement methods for enzymes with non-palindromic recognition sites.,data,becomes data + a parser; no class port
Restriction,Bio.Restriction.Restriction,Yps3606I,Yps3606I,class,public,defined,,False,Implement methods for enzymes with non-palindromic recognition sites.,data,becomes data + a parser; no class port
Restriction,Bio.Restriction.Restriction,UpaP162I,UpaP162I,class,public,defined,,False,Implement methods for enzymes with palindromic recognition sites.,data,becomes data + a parser; no class port
Restriction,Bio.Restriction.Restriction,Esp3007I,Esp3007I,class,public,defined,,False,Implement methods for enzymes with non-palindromic recognition sites.,data,becomes data + a parser; no class port
Restriction,Bio.Restriction.Restriction,CchIII,CchIII,class,public,defined,,False,Implement methods for enzymes with non-palindromic recognition sites.,data,becomes data + a parser; no class port
Restriction,Bio.Restriction.Restriction,BtrI,BtrI,class,public,defined,,False,Implement methods for enzymes with non-palindromic recognition sites.,data,becomes data + a parser; no class port
Restriction,Bio.Restriction.Restriction,FauNDI,FauNDI,class,public,defined,,False,Implement methods for enzymes with palindromic recognition sites.,data,becomes data + a parser; no class port
Restriction,Bio.Restriction.Restriction,BsiHKCI,BsiHKCI,class,public,defined,,False,Implement methods for enzymes with palindromic recognition sites.,data,becomes data + a parser; no class port
Restriction,Bio.Restriction.Restriction,Rsr2I,Rsr2I,class,public,defined,,False,Implement methods for enzymes with palindromic recognition sites.,data,becomes data + a parser; no class port
Restriction,Bio.Restriction.Restriction,PvuI,PvuI,class,public,defined,,False,Implement methods for enzymes with palindromic recognition sites.,data,becomes data + a parser; no class port
Restriction,Bio.Restriction.Restriction,MspSC27II,MspSC27II,class,public,defined,,False,Implement methods for enzymes with non-palindromic recognition sites.,data,becomes data + a parser; no class port
Restriction,Bio.Restriction.Restriction,Aba13301I,Aba13301I,class,public,defined,,False,Implement methods for enzymes with non-palindromic recognition sites.,data,becomes data + a parser; no class port
Restriction,Bio.Restriction.Restriction,Lba2029III,Lba2029III,class,public,defined,,False,Implement methods for enzymes with non-palindromic recognition sites.,data,becomes data + a parser; no class port
Restriction,Bio.Restriction.Restriction,RflFIII,RflFIII,class,public,defined,,False,Implement methods for enzymes with non-palindromic recognition sites.,data,becomes data + a parser; no class port
Restriction,Bio.Restriction.Restriction,EcoO157SI,EcoO157SI,class,public,defined,,False,Implement methods for enzymes with non-palindromic recognition sites.,data,becomes data + a parser; no class port
Restriction,Bio.Restriction.Restriction,AluI,AluI,class,public,defined,,False,Implement methods for enzymes with palindromic recognition sites.,data,becomes data + a parser; no class port
Restriction,Bio.Restriction.Restriction,HpyCH4V,HpyCH4V,class,public,defined,,False,Implement methods for enzymes with palindromic recognition sites.,data,becomes data + a parser; no class port
Restriction,Bio.Restriction.Restriction,MfeI,MfeI,class,public,defined,,False,Implement methods for enzymes with palindromic recognition sites.,data,becomes data + a parser; no class port
Restriction,Bio.Restriction.Restriction,BssECI,BssECI,class,public,defined,,False,Implement methods for enzymes with palindromic recognition sites.,data,becomes data + a parser; no class port
Restriction,Bio.Restriction.Restriction,Vtu19109I,Vtu19109I,class,public,defined,,False,Implement methods for enzymes with non-palindromic recognition sites.,data,becomes data + a parser; no class port
Restriction,Bio.Restriction.Restriction,Sau96I,Sau96I,class,public,defined,,False,Implement methods for enzymes with palindromic recognition sites.,data,becomes data + a parser; no class port
Restriction,Bio.Restriction.Restriction,BsiHKAI,BsiHKAI,class,public,defined,,False,Implement methods for enzymes with palindromic recognition sites.,data,becomes data + a parser; no class port
Restriction,Bio.Restriction.Restriction,PspLI,PspLI,class,public,defined,,False,Implement methods for enzymes with palindromic recognition sites.,data,becomes data + a parser; no class port
Restriction,Bio.Restriction.Restriction,AsuHPI,AsuHPI,class,public,defined,,False,Implement methods for enzymes with non-palindromic recognition sites.,data,becomes data + a parser; no class port
Restriction,Bio.Restriction.Restriction,HhaI,HhaI,class,public,defined,,False,Implement methods for enzymes with palindromic recognition sites.,data,becomes data + a parser; no class port
Restriction,Bio.Restriction.Restriction,Awo1030IV,Awo1030IV,class,public,defined,,False,Implement methods for enzymes with non-palindromic recognition sites.,data,becomes data + a parser; no class port
Restriction,Bio.Restriction.Restriction,Cco11437V,Cco11437V,class,public,defined,,False,Implement methods for enzymes with non-palindromic recognition sites.,data,becomes data + a parser; no class port
Restriction,Bio.Restriction.Restriction,EcoMVII,EcoMVII,class,public,defined,,False,Implement methods for enzymes with non-palindromic recognition sites.,data,becomes data + a parser; no class port
Restriction,Bio.Restriction.Restriction,Gba708II,Gba708II,class,public,defined,,False,Implement methods for enzymes with non-palindromic recognition sites.,data,becomes data + a parser; no class port
Restriction,Bio.Restriction.Restriction,Lpn12272I,Lpn12272I,class,public,defined,,False,Implement methods for enzymes with non-palindromic recognition sites.,data,becomes data + a parser; no class port
Restriction,Bio.Restriction.Restriction,BtsCI,BtsCI,class,public,defined,,False,Implement methods for enzymes with non-palindromic recognition sites.,data,becomes data + a parser; no class port
Restriction,Bio.Restriction.Restriction,CviJI,CviJI,class,public,defined,,False,Implement methods for enzymes with palindromic recognition sites.,data,becomes data + a parser; no class port
Restriction,Bio.Restriction.Restriction,BstPAI,BstPAI,class,public,defined,,False,Implement methods for enzymes with palindromic recognition sites.,data,becomes data + a parser; no class port
Restriction,Bio.Restriction.Restriction,Sen5794III,Sen5794III,class,public,defined,,False,Implement methods for enzymes with non-palindromic recognition sites.,data,becomes data + a parser; no class port
Restriction,Bio.Restriction.Restriction,EsaBC3I,EsaBC3I,class,public,defined,,False,Implement methods for enzymes with palindromic recognition sites.,data,becomes data + a parser; no class port
Restriction,Bio.Restriction.Restriction,XmaIII,XmaIII,class,public,defined,,False,Implement methods for enzymes with palindromic recognition sites.,data,becomes data + a parser; no class port
Restriction,Bio.Restriction.Restriction,AjiI,AjiI,class,public,defined,,False,Implement methods for enzymes with non-palindromic recognition sites.,data,becomes data + a parser; no class port
Restriction,Bio.Restriction.Restriction,EclXI,EclXI,class,public,defined,,False,Implement methods for enzymes with palindromic recognition sites.,data,becomes data + a parser; no class port
Restriction,Bio.Restriction.Restriction,BseDI,BseDI,class,public,defined,,False,Implement methods for enzymes with palindromic recognition sites.,data,becomes data + a parser; no class port
Restriction,Bio.Restriction.Restriction,PspPPI,PspPPI,class,public,defined,,False,Implement methods for enzymes with palindromic recognition sites.,data,becomes data + a parser; no class port
Restriction,Bio.Restriction.Restriction,Ple19I,Ple19I,class,public,defined,,False,Implement methods for enzymes with palindromic recognition sites.,data,becomes data + a parser; no class port
Restriction,Bio.Restriction.Restriction,MspI7II,MspI7II,class,public,defined,,False,Implement methods for enzymes with non-palindromic recognition sites.,data,becomes data + a parser; no class port
Restriction,Bio.Restriction.Restriction,Cje265V,Cje265V,class,public,defined,,False,Implement methods for enzymes with non-palindromic recognition sites.,data,becomes data + a parser; no class port
Restriction,Bio.Restriction.Restriction,KpnNIH50I,KpnNIH50I,class,public,defined,,False,Implement methods for enzymes with non-palindromic recognition sites.,data,becomes data + a parser; no class port
Restriction,Bio.Restriction.Restriction,BmeDI,BmeDI,class,public,defined,,False,Implement methods for enzymes with non-palindromic recognition sites.,data,becomes data + a parser; no class port
Restriction,Bio.Restriction.Restriction,Psp03I,Psp03I,class,public,defined,,False,Implement methods for enzymes with palindromic recognition sites.,data,becomes data + a parser; no class port
Restriction,Bio.Restriction.Restriction,Kpn2I,Kpn2I,class,public,defined,,False,Implement methods for enzymes with palindromic recognition sites.,data,becomes data + a parser; no class port
Restriction,Bio.Restriction.Restriction,AccII,AccII,class,public,defined,,False,Implement methods for enzymes with palindromic recognition sites.,data,becomes data + a parser; no class port
Restriction,Bio.Restriction.Restriction,GlaI,GlaI,class,public,defined,,False,Implement methods for enzymes with palindromic recognition sites.,data,becomes data + a parser; no class port
Restriction,Bio.Restriction.Restriction,BsaJI,BsaJI,class,public,defined,,False,Implement methods for enzymes with palindromic recognition sites.,data,becomes data + a parser; no class port
Restriction,Bio.Restriction.Restriction,Vdi96II,Vdi96II,class,public,defined,,False,Implement methods for enzymes with non-palindromic recognition sites.,data,becomes data + a parser; no class port
Restriction,Bio.Restriction.Restriction,MaqI,MaqI,class,public,defined,,False,Implement methods for enzymes with non-palindromic recognition sites.,data,becomes data + a parser; no class port
Restriction,Bio.Restriction.Restriction,PshBI,PshBI,class,public,defined,,False,Implement methods for enzymes with palindromic recognition sites.,data,becomes data + a parser; no class port
Restriction,Bio.Restriction.Restriction,PspPI,PspPI,class,public,defined,,False,Implement methods for enzymes with palindromic recognition sites.,data,becomes data + a parser; no class port
Restriction,Bio.Restriction.Restriction,FseI,FseI,class,public,defined,,False,Implement methods for enzymes with palindromic recognition sites.,data,becomes data + a parser; no class port
Restriction,Bio.Restriction.Restriction,TaqII,TaqII,class,public,defined,,False,Implement methods for enzymes with non-palindromic recognition sites.,data,becomes data + a parser; no class port
Restriction,Bio.Restriction.Restriction,Bsh1285I,Bsh1285I,class,public,defined,,False,Implement methods for enzymes with palindromic recognition sites.,data,becomes data + a parser; no class port
Restriction,Bio.Restriction.Restriction,AteTI,AteTI,class,public,defined,,False,Implement methods for enzymes with non-palindromic recognition sites.,data,becomes data + a parser; no class port
Restriction,Bio.Restriction.Restriction,Cch467III,Cch467III,class,public,defined,,False,Implement methods for enzymes with non-palindromic recognition sites.,data,becomes data + a parser; no class port
Restriction,Bio.Restriction.Restriction,EcoE1140I,EcoE1140I,class,public,defined,,False,Implement methods for enzymes with non-palindromic recognition sites.,data,becomes data + a parser; no class port
Restriction,Bio.Restriction.Restriction,FtnUV,FtnUV,class,public,defined,,False,Implement methods for enzymes with non-palindromic recognition sites.,data,becomes data + a parser; no class port
Restriction,Bio.Restriction.Restriction,PgaP73III,PgaP73III,class,public,defined,,False,Implement methods for enzymes with non-palindromic recognition sites.,data,becomes data + a parser; no class port
Restriction,Bio.Restriction.Restriction,Adh6U21I,Adh6U21I,class,public,defined,,False,Implement methods for enzymes with non-palindromic recognition sites.,data,becomes data + a parser; no class port
Restriction,Bio.Restriction.Restriction,BtsI,BtsI,class,public,defined,,False,Implement methods for enzymes with non-palindromic recognition sites.,data,becomes data + a parser; no class port
Restriction,Bio.Restriction.Restriction,BstBAI,BstBAI,class,public,defined,,False,Implement methods for enzymes with palindromic recognition sites.,data,becomes data + a parser; no class port
Restriction,Bio.Restriction.Restriction,Sdy7136I,Sdy7136I,class,public,defined,,False,Implement methods for enzymes with non-palindromic recognition sites.,data,becomes data + a parser; no class port
Restriction,Bio.Restriction.Restriction,CfrI,CfrI,class,public,defined,,False,Implement methods for enzymes with palindromic recognition sites.,data,becomes data + a parser; no class port
Restriction,Bio.Restriction.Restriction,Csp6I,Csp6I,class,public,defined,,False,Implement methods for enzymes with palindromic recognition sites.,data,becomes data + a parser; no class port
Restriction,Bio.Restriction.Restriction,Bse21I,Bse21I,class,public,defined,,False,Implement methods for enzymes with palindromic recognition sites.,data,becomes data + a parser; no class port
Restriction,Bio.Restriction.Restriction,Psp6I,Psp6I,class,public,defined,,False,Implement methods for enzymes with palindromic recognition sites.,data,becomes data + a parser; no class port
Restriction,Bio.Restriction.Restriction,PacI,PacI,class,public,defined,,False,Implement methods for enzymes with palindromic recognition sites.,data,becomes data + a parser; no class port
Restriction,Bio.Restriction.Restriction,Mlu211III,Mlu211III,class,public,defined,,False,Implement methods for enzymes with non-palindromic recognition sites.,data,becomes data + a parser; no class port
Restriction,Bio.Restriction.Restriction,Bau1417V,Bau1417V,class,public,defined,,False,Implement methods for enzymes with non-palindromic recognition sites.,data,becomes data + a parser; no class port
Restriction,Bio.Restriction.Restriction,McrI,McrI,class,public,defined,,False,Implement methods for enzymes with palindromic recognition sites.,data,becomes data + a parser; no class port
Restriction,Bio.Restriction.Restriction,DraII,DraII,class,public,defined,,False,Implement methods for enzymes with palindromic recognition sites.,data,becomes data + a parser; no class port
Restriction,Bio.Restriction.Restriction,FaiI,FaiI,class,public,defined,,False,Implement methods for enzymes with palindromic recognition sites.,data,becomes data + a parser; no class port
Restriction,Bio.Restriction.Restriction,HspAI,HspAI,class,public,defined,,False,Implement methods for enzymes with palindromic recognition sites.,data,becomes data + a parser; no class port
Restriction,Bio.Restriction.Restriction,BcnI,BcnI,class,public,defined,,False,Implement methods for enzymes with palindromic recognition sites.,data,becomes data + a parser; no class port
Restriction,Bio.Restriction.Restriction,Van9116I,Van9116I,class,public,defined,,False,Implement methods for enzymes with non-palindromic recognition sites.,data,becomes data + a parser; no class port
Restriction,Bio.Restriction.Restriction,HgiEII,HgiEII,class,public,defined,,False,Implement methods for enzymes with palindromic recognition sites.,data,becomes data + a parser; no class port
Restriction,Bio.Restriction.Restriction,TssI,TssI,class,public,defined,,False,Implement methods for enzymes with palindromic recognition sites.,data,becomes data + a parser; no class port
Restriction,Bio.Restriction.Restriction,MnlI,MnlI,class,public,defined,,False,Implement methods for enzymes with non-palindromic recognition sites.,data,becomes data + a parser; no class port
Restriction,Bio.Restriction.Restriction,BamHI,BamHI,class,public,defined,,False,Implement methods for enzymes with palindromic recognition sites.,data,becomes data + a parser; no class port
Restriction,Bio.Restriction.Restriction,PinAI,PinAI,class,public,defined,,False,Implement methods for enzymes with palindromic recognition sites.,data,becomes data + a parser; no class port
Restriction,Bio.Restriction.Restriction,PpuMI,PpuMI,class,public,defined,,False,Implement methods for enzymes with palindromic recognition sites.,data,becomes data + a parser; no class port
Restriction,Bio.Restriction.Restriction,BmtI,BmtI,class,public,defined,,False,Implement methods for enzymes with palindromic recognition sites.,data,becomes data + a parser; no class port
Restriction,Bio.Restriction.Restriction,BseLI,BseLI,class,public,defined,,False,Implement methods for enzymes with palindromic recognition sites.,data,becomes data + a parser; no class port
Restriction,Bio.Restriction.Restriction,Asp114pII,Asp114pII,class,public,defined,,False,Implement methods for enzymes with non-palindromic recognition sites.,data,becomes data + a parser; no class port
Restriction,Bio.Restriction.Restriction,Eco9699II,Eco9699II,class,public,defined,,False,Implement methods for enzymes with non-palindromic recognition sites.,data,becomes data + a parser; no class port
Restriction,Bio.Restriction.Restriction,Fnu11326IV,Fnu11326IV,class,public,defined,,False,Implement methods for enzymes with non-palindromic recognition sites.,data,becomes data + a parser; no class port
Restriction,Bio.Restriction.Restriction,PfrJS12V,PfrJS12V,class,public,defined,,False,Implement methods for enzymes with non-palindromic recognition sites.,data,becomes data + a parser; no class port
Restriction,Bio.Restriction.Restriction,Hso63373III,Hso63373III,class,public,defined,,False,Implement methods for enzymes with non-palindromic recognition sites.,data,becomes data + a parser; no class port
Restriction,Bio.Restriction.Restriction,PpsI,PpsI,class,public,defined,,False,Implement methods for enzymes with non-palindromic recognition sites.,data,becomes data + a parser; no class port
Restriction,Bio.Restriction.Restriction,CspCI,CspCI,class,public,defined,,False,Implement methods for enzymes with non-palindromic recognition sites.,data,becomes data + a parser; no class port
Restriction,Bio.Restriction.Restriction,BspLI,BspLI,class,public,defined,,False,Implement methods for enzymes with palindromic recognition sites.,data,becomes data + a parser; no class port
Restriction,Bio.Restriction.Restriction,BssNAI,BssNAI,class,public,defined,,False,Implement methods for enzymes with palindromic recognition sites.,data,becomes data + a parser; no class port
Restriction,Bio.Restriction.Restriction,Cpe10578V,Cpe10578V,class,public,defined,,False,Implement methods for enzymes with non-palindromic recognition sites.,data,becomes data + a parser; no class port
Restriction,Bio.Restriction.Restriction,ScoDS2II,ScoDS2II,class,public,defined,,False,Implement methods for enzymes with non-palindromic recognition sites.,data,becomes data + a parser; no class port
Restriction,Bio.Restriction.Restriction,PctI,PctI,class,public,defined,,False,Implement methods for enzymes with non-palindromic recognition sites.,data,becomes data + a parser; no class port
Restriction,Bio.Restriction.Restriction,CciI,CciI,class,public,defined,,False,Implement methods for enzymes with palindromic recognition sites.,data,becomes data + a parser; no class port
Restriction,Bio.Restriction.Restriction,Bpu1102I,Bpu1102I,class,public,defined,,False,Implement methods for enzymes with palindromic recognition sites.,data,becomes data + a parser; no class port
Restriction,Bio.Restriction.Restriction,PfoI,PfoI,class,public,defined,,False,Implement methods for enzymes with palindromic recognition sites.,data,becomes data + a parser; no class port
Restriction,Bio.Restriction.Restriction,KspI,KspI,class,public,defined,,False,Implement methods for enzymes with palindromic recognition sites.,data,becomes data + a parser; no class port
Restriction,Bio.Restriction.Restriction,MkaDII,MkaDII,class,public,defined,,False,Implement methods for enzymes with non-palindromic recognition sites.,data,becomes data + a parser; no class port
Restriction,Bio.Restriction.Restriction,HgiAI,HgiAI,class,public,defined,,False,Implement methods for enzymes with palindromic recognition sites.,data,becomes data + a parser; no class port
Restriction,Bio.Restriction.Restriction,NspBII,NspBII,class,public,defined,,False,Implement methods for enzymes with palindromic recognition sites.,data,becomes data + a parser; no class port
Restriction,Bio.Restriction.Restriction,EgeI,EgeI,class,public,defined,,False,Implement methods for enzymes with palindromic recognition sites.,data,becomes data + a parser; no class port
Restriction,Bio.Restriction.Restriction,HpaII,HpaII,class,public,defined,,False,Implement methods for enzymes with palindromic recognition sites.,data,becomes data + a parser; no class port
Restriction,Bio.Restriction.Restriction,BfaI,BfaI,class,public,defined,,False,Implement methods for enzymes with palindromic recognition sites.,data,becomes data + a parser; no class port
Restriction,Bio.Restriction.Restriction,TpyTP2I,TpyTP2I,class,public,defined,,False,Implement methods for enzymes with non-palindromic recognition sites.,data,becomes data + a parser; no class port
Restriction,Bio.Restriction.Restriction,CjuI,CjuI,class,public,defined,,False,Implement methods for enzymes with palindromic recognition sites.,data,becomes data + a parser; no class port
Restriction,Bio.Restriction.Restriction,NhoI,NhoI,class,public,defined,,False,Implement methods for enzymes with palindromic recognition sites.,data,becomes data + a parser; no class port
Restriction,Bio.Restriction.Restriction,MboII,MboII,class,public,defined,,False,Implement methods for enzymes with non-palindromic recognition sites.,data,becomes data + a parser; no class port
Restriction,Bio.Restriction.Restriction,AscI,AscI,class,public,defined,,False,Implement methods for enzymes with palindromic recognition sites.,data,becomes data + a parser; no class port
Restriction,Bio.Restriction.Restriction,PciI,PciI,class,public,defined,,False,Implement methods for enzymes with palindromic recognition sites.,data,becomes data + a parser; no class port
Restriction,Bio.Restriction.Restriction,MvaI,MvaI,class,public,defined,,False,Implement methods for enzymes with palindromic recognition sites.,data,becomes data + a parser; no class port
Restriction,Bio.Restriction.Restriction,ApaI,ApaI,class,public,defined,,False,Implement methods for enzymes with palindromic recognition sites.,data,becomes data + a parser; no class port
Restriction,Bio.Restriction.Restriction,BlsI,BlsI,class,public,defined,,False,Implement methods for enzymes with palindromic recognition sites.,data,becomes data + a parser; no class port
Restriction,Bio.Restriction.Restriction,Eco9020I,Eco9020I,class,public,defined,,False,Implement methods for enzymes with non-palindromic recognition sites.,data,becomes data + a parser; no class port
Restriction,Bio.Restriction.Restriction,PflPt14I,PflPt14I,class,public,defined,,False,Implement methods for enzymes with non-palindromic recognition sites.,data,becomes data + a parser; no class port
Restriction,Bio.Restriction.Restriction,TkoII,TkoII,class,public,defined,,False,Implement methods for enzymes with non-palindromic recognition sites.,data,becomes data + a parser; no class port
Restriction,Bio.Restriction.Restriction,MspJI,MspJI,class,public,defined,,False,Implement methods for enzymes with non-palindromic recognition sites.,data,becomes data + a parser; no class port
Restriction,Bio.Restriction.Restriction,BaeI,BaeI,class,public,defined,,False,Implement methods for enzymes with non-palindromic recognition sites.,data,becomes data + a parser; no class port
Restriction,Bio.Restriction.Restriction,XhoI,XhoI,class,public,defined,,False,Implement methods for enzymes with palindromic recognition sites.,data,becomes data + a parser; no class port
Restriction,Bio.Restriction.Restriction,CjeNII,CjeNII,class,public,defined,,False,Implement methods for enzymes with non-palindromic recognition sites.,data,becomes data + a parser; no class port
Restriction,Bio.Restriction.Restriction,Hpy99XIV,Hpy99XIV,class,public,defined,,False,Implement methods for enzymes with non-palindromic recognition sites.,data,becomes data + a parser; no class port
Restriction,Bio.Restriction.Restriction,Rba2021I,Rba2021I,class,public,defined,,False,Implement methods for enzymes with non-palindromic recognition sites.,data,becomes data + a parser; no class port
Restriction,Bio.Restriction.Restriction,Sba460II,Sba460II,class,public,defined,,False,Implement methods for enzymes with non-palindromic recognition sites.,data,becomes data + a parser; no class port
Restriction,Bio.Restriction.Restriction,BsbI,BsbI,class,public,defined,,False,Implement methods for enzymes with non-palindromic recognition sites.,data,becomes data + a parser; no class port
Restriction,Bio.Restriction.Restriction,BsrBI,BsrBI,class,public,defined,,False,Implement methods for enzymes with non-palindromic recognition sites.,data,becomes data + a parser; no class port
Restriction,Bio.Restriction.Restriction,BspMI,BspMI,class,public,defined,,False,Implement methods for enzymes with non-palindromic recognition sites.,data,becomes data + a parser; no class port
Restriction,Bio.Restriction.Restriction,BsgI,BsgI,class,public,defined,,False,Implement methods for enzymes with non-palindromic recognition sites.,data,becomes data + a parser; no class port
Restriction,Bio.Restriction.Restriction,BstZI,BstZI,class,public,defined,,False,Implement methods for enzymes with palindromic recognition sites.,data,becomes data + a parser; no class port
Restriction,Bio.Restriction.Restriction,BmgT120I,BmgT120I,class,public,defined,,False,Implement methods for enzymes with palindromic recognition sites.,data,becomes data + a parser; no class port
Restriction,Bio.Restriction.Restriction,PfeI,PfeI,class,public,defined,,False,Implement methods for enzymes with palindromic recognition sites.,data,becomes data + a parser; no class port
Restriction,Bio.Restriction.Restriction,Hin1II,Hin1II,class,public,defined,,False,Implement methods for enzymes with palindromic recognition sites.,data,becomes data + a parser; no class port
Restriction,Bio.Restriction.Restriction,Mch946II,Mch946II,class,public,defined,,False,Implement methods for enzymes with non-palindromic recognition sites.,data,becomes data + a parser; no class port
Restriction,Bio.Restriction.Restriction,BsiYI,BsiYI,class,public,defined,,False,Implement methods for enzymes with palindromic recognition sites.,data,becomes data + a parser; no class port
Restriction,Bio.Restriction.Restriction,BsaHI,BsaHI,class,public,defined,,False,Implement methods for enzymes with palindromic recognition sites.,data,becomes data + a parser; no class port
Restriction,Bio.Restriction.Restriction,HinP1I,HinP1I,class,public,defined,,False,Implement methods for enzymes with palindromic recognition sites.,data,becomes data + a parser; no class port
Restriction,Bio.Restriction.Restriction,AvrII,AvrII,class,public,defined,,False,Implement methods for enzymes with palindromic recognition sites.,data,becomes data + a parser; no class port
Restriction,Bio.Restriction.Restriction,AhyYL17I,AhyYL17I,class,public,defined,,False,Implement methods for enzymes with non-palindromic recognition sites.,data,becomes data + a parser; no class port
Restriction,Bio.Restriction.Restriction,SurP32aII,SurP32aII,class,public,defined,,False,Implement methods for enzymes with non-palindromic recognition sites.,data,becomes data + a parser; no class port
Restriction,Bio.Restriction.Restriction,HphI,HphI,class,public,defined,,False,Implement methods for enzymes with non-palindromic recognition sites.,data,becomes data + a parser; no class port
Restriction,Bio.Restriction.Restriction,ApaLI,ApaLI,class,public,defined,,False,Implement methods for enzymes with palindromic recognition sites.,data,becomes data + a parser; no class port
Restriction,Bio.Restriction.Restriction,PalAI,PalAI,class,public,defined,,False,Implement methods for enzymes with palindromic recognition sites.,data,becomes data + a parser; no class port
Restriction,Bio.Restriction.Restriction,Fsp4HI,Fsp4HI,class,public,defined,,False,Implement methods for enzymes with palindromic recognition sites.,data,becomes data + a parser; no class port
Restriction,Bio.Restriction.Restriction,AspJHL3II,AspJHL3II,class,public,defined,,False,Implement methods for enzymes with non-palindromic recognition sites.,data,becomes data + a parser; no class port
Restriction,Bio.Restriction.Restriction,Eco8164I,Eco8164I,class,public,defined,,False,Implement methods for enzymes with non-palindromic recognition sites.,data,becomes data + a parser; no class port
Restriction,Bio.Restriction.Restriction,Pfl3756II,Pfl3756II,class,public,defined,,False,Implement methods for enzymes with non-palindromic recognition sites.,data,becomes data + a parser; no class port
Restriction,Bio.Restriction.Restriction,TaqIII,TaqIII,class,public,defined,,False,Implement methods for enzymes with non-palindromic recognition sites.,data,becomes data + a parser; no class port
Restriction,Bio.Restriction.Restriction,VspI,VspI,class,public,defined,,False,Implement methods for enzymes with palindromic recognition sites.,data,becomes data + a parser; no class port
Restriction,Bio.Restriction.Restriction,LpnPI,LpnPI,class,public,defined,,False,Implement methods for enzymes with non-palindromic recognition sites.,data,becomes data + a parser; no class port
Restriction,Bio.Restriction.Restriction,BpuEI,BpuEI,class,public,defined,,False,Implement methods for enzymes with non-palindromic recognition sites.,data,becomes data + a parser; no class port
Restriction,Bio.Restriction.Restriction,CjeFIII,CjeFIII,class,public,defined,,False,Implement methods for enzymes with non-palindromic recognition sites.,data,becomes data + a parser; no class port
Restriction,Bio.Restriction.Restriction,Pst14472I,Pst14472I,class,public,defined,,False,Implement methods for enzymes with non-palindromic recognition sites.,data,becomes data + a parser; no class port
Restriction,Bio.Restriction.Restriction,FokI,FokI,class,public,defined,,False,Implement methods for enzymes with non-palindromic recognition sites.,data,becomes data + a parser; no class port
Restriction,Bio.Restriction.Restriction,BstMBI,BstMBI,class,public,defined,,False,Implement methods for enzymes with palindromic recognition sites.,data,becomes data + a parser; no class port
Restriction,Bio.Restriction.Restriction,Bme1390I,Bme1390I,class,public,defined,,False,Implement methods for enzymes with palindromic recognition sites.,data,becomes data + a parser; no class port
Restriction,Bio.Restriction.Restriction,NmuCI,NmuCI,class,public,defined,,False,Implement methods for enzymes with palindromic recognition sites.,data,becomes data + a parser; no class port
Restriction,Bio.Restriction.Restriction,EcoT22I,EcoT22I,class,public,defined,,False,Implement methods for enzymes with palindromic recognition sites.,data,becomes data + a parser; no class port
Restriction,Bio.Restriction.Restriction,TspRI,TspRI,class,public,defined,,False,Implement methods for enzymes with palindromic recognition sites.,data,becomes data + a parser; no class port
Restriction,Bio.Restriction.Restriction,Lsp6406VI,Lsp6406VI,class,public,defined,,False,Implement methods for enzymes with non-palindromic recognition sites.,data,becomes data + a parser; no class port
Restriction,Bio.Restriction.Restriction,MjaIV,MjaIV,class,public,defined,,False,Implement methods for enzymes with palindromic recognition sites.,data,becomes data + a parser; no class port
Restriction,Bio.Restriction.Restriction,BplI,BplI,class,public,defined,,False,Implement methods for enzymes with palindromic recognition sites.,data,becomes data + a parser; no class port
Restriction,Bio.Restriction.Restriction,Eco72I,Eco72I,class,public,defined,,False,Implement methods for enzymes with palindromic recognition sites.,data,becomes data + a parser; no class port
Restriction,Bio.Restriction.Restriction,Eco53kI,Eco53kI,class,public,defined,,False,Implement methods for enzymes with palindromic recognition sites.,data,becomes data + a parser; no class port
Restriction,Bio.Restriction.Restriction,BclI,BclI,class,public,defined,,False,Implement methods for enzymes with palindromic recognition sites.,data,becomes data + a parser; no class port
Restriction,Bio.Restriction.Restriction,Bhe175II,Bhe175II,class,public,defined,,False,Implement methods for enzymes with non-palindromic recognition sites.,data,becomes data + a parser; no class port
Restriction,Bio.Restriction.Restriction,Sth20745III,Sth20745III,class,public,defined,,False,Implement methods for enzymes with non-palindromic recognition sites.,data,becomes data + a parser; no class port
Restriction,Bio.Restriction.Restriction,TspEI,TspEI,class,public,defined,,False,Implement methods for enzymes with palindromic recognition sites.,data,becomes data + a parser; no class port
Restriction,Bio.Restriction.Restriction,SapI,SapI,class,public,defined,,False,Implement methods for enzymes with non-palindromic recognition sites.,data,becomes data + a parser; no class port
Restriction,Bio.Restriction.Restriction,AflII,AflII,class,public,defined,,False,Implement methods for enzymes with palindromic recognition sites.,data,becomes data + a parser; no class port
Restriction,Bio.Restriction.Restriction,NspV,NspV,class,public,defined,,False,Implement methods for enzymes with palindromic recognition sites.,data,becomes data + a parser; no class port
Restriction,Bio.Restriction.Restriction,EcoRII,EcoRII,class,public,defined,,False,Implement methods for enzymes with palindromic recognition sites.,data,becomes data + a parser; no class port
Restriction,Bio.Restriction.Restriction,AspAMDIV,AspAMDIV,class,public,defined,,False,Implement methods for enzymes with non-palindromic recognition sites.,data,becomes data + a parser; no class port
Restriction,Bio.Restriction.Restriction,Eco4174I,Eco4174I,class,public,defined,,False,Implement methods for enzymes with non-palindromic recognition sites.,data,becomes data + a parser; no class port
Restriction,Bio.Restriction.Restriction,Pdi8503III,Pdi8503III,class,public,defined,,False,Implement methods for enzymes with non-palindromic recognition sites.,data,becomes data + a parser; no class port
Restriction,Bio.Restriction.Restriction,SdeAI,SdeAI,class,public,defined,,False,Implement methods for enzymes with non-palindromic recognition sites.,data,becomes data + a parser; no class port
Restriction,Bio.Restriction.Restriction,UnbI,UnbI,class,public,defined,,False,Implement methods for enzymes with palindromic recognition sites.,data,becomes data + a parser; no class port
Restriction,Bio.Restriction.Restriction,FspEI,FspEI,class,public,defined,,False,Implement methods for enzymes with non-palindromic recognition sites.,data,becomes data + a parser; no class port
Restriction,Bio.Restriction.Restriction,BmrI,BmrI,class,public,defined,,False,Implement methods for enzymes with non-palindromic recognition sites.,data,becomes data + a parser; no class port
Restriction,Bio.Restriction.Restriction,TaqI,TaqI,class,public,defined,,False,Implement methods for enzymes with palindromic recognition sites.,data,becomes data + a parser; no class port
Restriction,Bio.Restriction.Restriction,AvaI,AvaI,class,public,defined,,False,Implement methods for enzymes with palindromic recognition sites.,data,becomes data + a parser; no class port
Restriction,Bio.Restriction.Restriction,Pst145I,Pst145I,class,public,defined,,False,Implement methods for enzymes with non-palindromic recognition sites.,data,becomes data + a parser; no class port
Restriction,Bio.Restriction.Restriction,SplI,SplI,class,public,defined,,False,Implement methods for enzymes with palindromic recognition sites.,data,becomes data + a parser; no class port
Restriction,Bio.Restriction.Restriction,McaTI,McaTI,class,public,defined,,False,Implement methods for enzymes with palindromic recognition sites.,data,becomes data + a parser; no class port
Restriction,Bio.Restriction.Restriction,GauT27I,GauT27I,class,public,defined,,False,Implement methods for enzymes with non-palindromic recognition sites.,data,becomes data + a parser; no class port
Restriction,Bio.Restriction.Restriction,BspACI,BspACI,class,public,defined,,False,Implement methods for enzymes with non-palindromic recognition sites.,data,becomes data + a parser; no class port
Restriction,Bio.Restriction.Restriction,Eco31I,Eco31I,class,public,defined,,False,Implement methods for enzymes with non-palindromic recognition sites.,data,becomes data + a parser; no class port
Restriction,Bio.Restriction.Restriction,BstAUI,BstAUI,class,public,defined,,False,Implement methods for enzymes with palindromic recognition sites.,data,becomes data + a parser; no class port
Restriction,Bio.Restriction.Restriction,BisI,BisI,class,public,defined,,False,Implement methods for enzymes with palindromic recognition sites.,data,becomes data + a parser; no class port
Restriction,Bio.Restriction.Restriction,MspR9I,MspR9I,class,public,defined,,False,Implement methods for enzymes with palindromic recognition sites.,data,becomes data + a parser; no class port
Restriction,Bio.Restriction.Restriction,BstNSI,BstNSI,class,public,defined,,False,Implement methods for enzymes with palindromic recognition sites.,data,becomes data + a parser; no class port
Restriction,Bio.Restriction.Restriction,PflMI,PflMI,class,public,defined,,False,Implement methods for enzymes with palindromic recognition sites.,data,becomes data + a parser; no class port
Restriction,Bio.Restriction.Restriction,TscAI,TscAI,class,public,defined,,False,Implement methods for enzymes with palindromic recognition sites.,data,becomes data + a parser; no class port
Restriction,Bio.Restriction.Restriction,CfrMH16VI,CfrMH16VI,class,public,defined,,False,Implement methods for enzymes with non-palindromic recognition sites.,data,becomes data + a parser; no class port
Restriction,Bio.Restriction.Restriction,Jma19592I,Jma19592I,class,public,defined,,False,Implement methods for enzymes with non-palindromic recognition sites.,data,becomes data + a parser; no class port
Restriction,Bio.Restriction.Restriction,BbrPI,BbrPI,class,public,defined,,False,Implement methods for enzymes with palindromic recognition sites.,data,becomes data + a parser; no class port
Restriction,Bio.Restriction.Restriction,Eco32I,Eco32I,class,public,defined,,False,Implement methods for enzymes with palindromic recognition sites.,data,becomes data + a parser; no class port
Restriction,Bio.Restriction.Restriction,Eco147I,Eco147I,class,public,defined,,False,Implement methods for enzymes with palindromic recognition sites.,data,becomes data + a parser; no class port
Restriction,Bio.Restriction.Restriction,BspTI,BspTI,class,public,defined,,False,Implement methods for enzymes with palindromic recognition sites.,data,becomes data + a parser; no class port
Restriction,Bio.Restriction.Restriction,AsuI,AsuI,class,public,defined,,False,Implement methods for enzymes with palindromic recognition sites.,data,becomes data + a parser; no class port
Restriction,Bio.Restriction.Restriction,Ssp6803IV,Ssp6803IV,class,public,defined,,False,Implement methods for enzymes with non-palindromic recognition sites.,data,becomes data + a parser; no class port
Restriction,Bio.Restriction.Restriction,PssI,PssI,class,public,defined,,False,Implement methods for enzymes with palindromic recognition sites.,data,becomes data + a parser; no class port
Restriction,Bio.Restriction.Restriction,PaqCI,PaqCI,class,public,defined,,False,Implement methods for enzymes with non-palindromic recognition sites.,data,becomes data + a parser; no class port
Restriction,Bio.Restriction.Restriction,Acc65I,Acc65I,class,public,defined,,False,Implement methods for enzymes with palindromic recognition sites.,data,becomes data + a parser; no class port
Restriction,Bio.Restriction.Restriction,NarI,NarI,class,public,defined,,False,Implement methods for enzymes with palindromic recognition sites.,data,becomes data + a parser; no class port
Restriction,Bio.Restriction.Restriction,EcoNI,EcoNI,class,public,defined,,False,Implement methods for enzymes with palindromic recognition sites.,data,becomes data + a parser; no class port
Restriction,Bio.Restriction.Restriction,PcaII,PcaII,class,public,defined,,False,Implement methods for enzymes with non-palindromic recognition sites.,data,becomes data + a parser; no class port
Restriction,Bio.Restriction.Restriction,Ecl35734I,Ecl35734I,class,public,defined,,False,Implement methods for enzymes with non-palindromic recognition sites.,data,becomes data + a parser; no class port
Restriction,Bio.Restriction.Restriction,Lmo370I,Lmo370I,class,public,defined,,False,Implement methods for enzymes with non-palindromic recognition sites.,data,becomes data + a parser; no class port
Restriction,Bio.Restriction.Restriction,RpaBI,RpaBI,class,public,defined,,False,Implement methods for enzymes with non-palindromic recognition sites.,data,becomes data + a parser; no class port
Restriction,Bio.Restriction.Restriction,SfeI,SfeI,class,public,defined,,False,Implement methods for enzymes with palindromic recognition sites.,data,becomes data + a parser; no class port
Restriction,Bio.Restriction.Restriction,HpyUM032XIV,HpyUM032XIV,class,public,defined,,False,Implement methods for enzymes with non-palindromic recognition sites.,data,becomes data + a parser; no class port
Restriction,Bio.Restriction.Restriction,SpeI,SpeI,class,public,defined,,False,Implement methods for enzymes with palindromic recognition sites.,data,becomes data + a parser; no class port
Restriction,Bio.Restriction.Restriction,FaqI,FaqI,class,public,defined,,False,Implement methods for enzymes with non-palindromic recognition sites.,data,becomes data + a parser; no class port
Restriction,Bio.Restriction.Restriction,ApeKI,ApeKI,class,public,defined,,False,Implement methods for enzymes with palindromic recognition sites.,data,becomes data + a parser; no class port
Restriction,Bio.Restriction.Restriction,Fnu11326II,Fnu11326II,class,public,defined,,False,Implement methods for enzymes with non-palindromic recognition sites.,data,becomes data + a parser; no class port
Restriction,Bio.Restriction.Restriction,Kas9737III,Kas9737III,class,public,defined,,False,Implement methods for enzymes with non-palindromic recognition sites.,data,becomes data + a parser; no class port
Restriction,Bio.Restriction.Restriction,PspMR102II,PspMR102II,class,public,defined,,False,Implement methods for enzymes with non-palindromic recognition sites.,data,becomes data + a parser; no class port
Restriction,Bio.Restriction.Restriction,Ppu10I,Ppu10I,class,public,defined,,False,Implement methods for enzymes with palindromic recognition sites.,data,becomes data + a parser; no class port
Restriction,Bio.Restriction.Restriction,BseYI,BseYI,class,public,defined,,False,Implement methods for enzymes with non-palindromic recognition sites.,data,becomes data + a parser; no class port
Restriction,Bio.Restriction.Restriction,HapII,HapII,class,public,defined,,False,Implement methods for enzymes with palindromic recognition sites.,data,becomes data + a parser; no class port
Restriction,Bio.Restriction.Restriction,BstACI,BstACI,class,public,defined,,False,Implement methods for enzymes with palindromic recognition sites.,data,becomes data + a parser; no class port
Restriction,Bio.Restriction.Restriction,XapI,XapI,class,public,defined,,False,Implement methods for enzymes with palindromic recognition sites.,data,becomes data + a parser; no class port
Restriction,Bio.Restriction.Restriction,BciT130I,BciT130I,class,public,defined,,False,Implement methods for enzymes with palindromic recognition sites.,data,becomes data + a parser; no class port
Restriction,Bio.Restriction.Restriction,MabI,MabI,class,public,defined,,False,Implement methods for enzymes with palindromic recognition sites.,data,becomes data + a parser; no class port
Restriction,Bio.Restriction.Restriction,BstHHI,BstHHI,class,public,defined,,False,Implement methods for enzymes with palindromic recognition sites.,data,becomes data + a parser; no class port
Restriction,Bio.Restriction.Restriction,Hpy188I,Hpy188I,class,public,defined,,False,Implement methods for enzymes with palindromic recognition sites.,data,becomes data + a parser; no class port
Restriction,Bio.Restriction.Restriction,TaaI,TaaI,class,public,defined,,False,Implement methods for enzymes with palindromic recognition sites.,data,becomes data + a parser; no class port
Restriction,Bio.Restriction.Restriction,AcoY31II,AcoY31II,class,public,defined,,False,Implement methods for enzymes with non-palindromic recognition sites.,data,becomes data + a parser; no class port
Restriction,Bio.Restriction.Restriction,Aor51HI,Aor51HI,class,public,defined,,False,Implement methods for enzymes with palindromic recognition sites.,data,becomes data + a parser; no class port
Restriction,Bio.Restriction.Restriction,DpnI,DpnI,class,public,defined,,False,Implement methods for enzymes with palindromic recognition sites.,data,becomes data + a parser; no class port
Restriction,Bio.Restriction.Restriction,BspDI,BspDI,class,public,defined,,False,Implement methods for enzymes with palindromic recognition sites.,data,becomes data + a parser; no class port
Restriction,Bio.Restriction.Restriction,LpnI,LpnI,class,public,defined,,False,Implement methods for enzymes with palindromic recognition sites.,data,becomes data + a parser; no class port
Restriction,Bio.Restriction.Restriction,SpoDI,SpoDI,class,public,defined,,False,Implement methods for enzymes with non-palindromic recognition sites.,data,becomes data + a parser; no class port
Restriction,Bio.Restriction.Restriction,Ksp632I,Ksp632I,class,public,defined,,False,Implement methods for enzymes with non-palindromic recognition sites.,data,becomes data + a parser; no class port
Restriction,Bio.Restriction.Restriction,ChaI,ChaI,class,public,defined,,False,Implement methods for enzymes with palindromic recognition sites.,data,becomes data + a parser; no class port
Restriction,Bio.Restriction.Restriction,MroNI,MroNI,class,public,defined,,False,Implement methods for enzymes with palindromic recognition sites.,data,becomes data + a parser; no class port
Restriction,Bio.Restriction.Restriction,Cfr13I,Cfr13I,class,public,defined,,False,Implement methods for enzymes with palindromic recognition sites.,data,becomes data + a parser; no class port
Restriction,Bio.Restriction.Restriction,BstSFI,BstSFI,class,public,defined,,False,Implement methods for enzymes with palindromic recognition sites.,data,becomes data + a parser; no class port
Restriction,Bio.Restriction.Restriction,DvuIII,DvuIII,class,public,defined,,False,Implement methods for enzymes with non-palindromic recognition sites.,data,becomes data + a parser; no class port
Restriction,Bio.Restriction.Restriction,LlaG50I,LlaG50I,class,public,defined,,False,Implement methods for enzymes with non-palindromic recognition sites.,data,becomes data + a parser; no class port
Restriction,Bio.Restriction.Restriction,Pba2294I,Pba2294I,class,public,defined,,False,Implement methods for enzymes with non-palindromic recognition sites.,data,becomes data + a parser; no class port
Restriction,Bio.Restriction.Restriction,RlaII,RlaII,class,public,defined,,False,Implement methods for enzymes with non-palindromic recognition sites.,data,becomes data + a parser; no class port
Restriction,Bio.Restriction.Restriction,CjePI,CjePI,class,public,defined,,False,Implement methods for enzymes with non-palindromic recognition sites.,data,becomes data + a parser; no class port
Restriction,Bio.Restriction.Restriction,SauI,SauI,class,public,defined,,False,Implement methods for enzymes with palindromic recognition sites.,data,becomes data + a parser; no class port
Restriction,Bio.Restriction.Restriction,Sau3AI,Sau3AI,class,public,defined,,False,Implement methods for enzymes with palindromic recognition sites.,data,becomes data + a parser; no class port
Restriction,Bio.Restriction.Restriction,CseI,CseI,class,public,defined,,False,Implement methods for enzymes with non-palindromic recognition sites.,data,becomes data + a parser; no class port
Restriction,Bio.Restriction.Restriction,AflIII,AflIII,class,public,defined,,False,Implement methods for enzymes with palindromic recognition sites.,data,becomes data + a parser; no class port
Restriction,Bio.Restriction.Restriction,CjeNIII,CjeNIII,class,public,defined,,False,Implement methods for enzymes with non-palindromic recognition sites.,data,becomes data + a parser; no class port
Restriction,Bio.Restriction.Restriction,Jma19592II,Jma19592II,class,public,defined,,False,Implement methods for enzymes with non-palindromic recognition sites.,data,becomes data + a parser; no class port
Restriction,Bio.Restriction.Restriction,PspAT13III,PspAT13III,class,public,defined,,False,Implement methods for enzymes with non-palindromic recognition sites.,data,becomes data + a parser; no class port
Restriction,Bio.Restriction.Restriction,HdeZA17I,HdeZA17I,class,public,defined,,False,Implement methods for enzymes with non-palindromic recognition sites.,data,becomes data + a parser; no class port
Restriction,Bio.Restriction.Restriction,BetI,BetI,class,public,defined,,False,Implement methods for enzymes with palindromic recognition sites.,data,becomes data + a parser; no class port
Restriction,Bio.Restriction.Restriction,ZraI,ZraI,class,public,defined,,False,Implement methods for enzymes with palindromic recognition sites.,data,becomes data + a parser; no class port
Restriction,Bio.Restriction.Restriction,EcoRI,EcoRI,class,public,defined,,False,Implement methods for enzymes with palindromic recognition sites.,data,becomes data + a parser; no class port
Restriction,Bio.Restriction.Restriction,BssMI,BssMI,class,public,defined,,False,Implement methods for enzymes with palindromic recognition sites.,data,becomes data + a parser; no class port
Restriction,Bio.Restriction.Restriction,Vha464I,Vha464I,class,public,defined,,False,Implement methods for enzymes with palindromic recognition sites.,data,becomes data + a parser; no class port
Restriction,Bio.Restriction.Restriction,AsuC2I,AsuC2I,class,public,defined,,False,Implement methods for enzymes with palindromic recognition sites.,data,becomes data + a parser; no class port
Restriction,Bio.Restriction.Restriction,HpyF3I,HpyF3I,class,public,defined,,False,Implement methods for enzymes with palindromic recognition sites.,data,becomes data + a parser; no class port
Restriction,Bio.Restriction.Restriction,BspOI,BspOI,class,public,defined,,False,Implement methods for enzymes with palindromic recognition sites.,data,becomes data + a parser; no class port
Restriction,Bio.Restriction.Restriction,EcoT38I,EcoT38I,class,public,defined,,False,Implement methods for enzymes with palindromic recognition sites.,data,becomes data + a parser; no class port
Restriction,Bio.Restriction.Restriction,SduI,SduI,class,public,defined,,False,Implement methods for enzymes with palindromic recognition sites.,data,becomes data + a parser; no class port
Restriction,Bio.Restriction.Restriction,Lpl1004II,Lpl1004II,class,public,defined,,False,Implement methods for enzymes with non-palindromic recognition sites.,data,becomes data + a parser; no class port
Restriction,Bio.Restriction.Restriction,AfaI,AfaI,class,public,defined,,False,Implement methods for enzymes with palindromic recognition sites.,data,becomes data + a parser; no class port
Restriction,Bio.Restriction.Restriction,Bsp143I,Bsp143I,class,public,defined,,False,Implement methods for enzymes with palindromic recognition sites.,data,becomes data + a parser; no class port
Restriction,Bio.Restriction.Restriction,SphI,SphI,class,public,defined,,False,Implement methods for enzymes with palindromic recognition sites.,data,becomes data + a parser; no class port
Restriction,Bio.Restriction.Restriction,Abr4036II,Abr4036II,class,public,defined,,False,Implement methods for enzymes with non-palindromic recognition sites.,data,becomes data + a parser; no class port
Restriction,Bio.Restriction.Restriction,Spe19205IV,Spe19205IV,class,public,defined,,False,Implement methods for enzymes with non-palindromic recognition sites.,data,becomes data + a parser; no class port
Restriction,Bio.Restriction.Restriction,TsuI,TsuI,class,public,defined,,False,Implement methods for enzymes with non-palindromic recognition sites.,data,becomes data + a parser; no class port
Restriction,Bio.Restriction.Restriction,BspD6I,BspD6I,class,public,defined,,False,Implement methods for enzymes with non-palindromic recognition sites.,data,becomes data + a parser; no class port
Restriction,Bio.Restriction.Restriction,MreI,MreI,class,public,defined,,False,Implement methods for enzymes with palindromic recognition sites.,data,becomes data + a parser; no class port
Restriction,Bio.Restriction.Restriction,BstPI,BstPI,class,public,defined,,False,Implement methods for enzymes with palindromic recognition sites.,data,becomes data + a parser; no class port
Restriction,Bio.Restriction.Restriction,AlwNI,AlwNI,class,public,defined,,False,Implement methods for enzymes with palindromic recognition sites.,data,becomes data + a parser; no class port
Restriction,Bio.Restriction.Restriction,Sau64037IV,Sau64037IV,class,public,defined,,False,Implement methods for enzymes with non-palindromic recognition sites.,data,becomes data + a parser; no class port
Restriction,Bio.Restriction.Restriction,PaePA99III,PaePA99III,class,public,defined,,False,Implement methods for enzymes with non-palindromic recognition sites.,data,becomes data + a parser; no class port
Restriction,Bio.Restriction.Restriction,DrdVIII,DrdVIII,class,public,defined,,False,Implement methods for enzymes with non-palindromic recognition sites.,data,becomes data + a parser; no class port
Restriction,Bio.Restriction.Restriction,HpyAXVI_mut2,HpyAXVI_mut2,class,public,defined,,False,Implement methods for enzymes with non-palindromic recognition sites.,data,becomes data + a parser; no class port
Restriction,Bio.Restriction.Restriction,LcrJM4II,LcrJM4II,class,public,defined,,False,Implement methods for enzymes with non-palindromic recognition sites.,data,becomes data + a parser; no class port
Restriction,Bio.Restriction.Restriction,RceI,RceI,class,public,defined,,False,Implement methods for enzymes with non-palindromic recognition sites.,data,becomes data + a parser; no class port
Restriction,Bio.Restriction.Restriction,Sth302II,Sth302II,class,public,defined,,False,Implement methods for enzymes with palindromic recognition sites.,data,becomes data + a parser; no class port
Restriction,Bio.Restriction.Restriction,PspOMI,PspOMI,class,public,defined,,False,Implement methods for enzymes with palindromic recognition sites.,data,becomes data + a parser; no class port
Restriction,Bio.Restriction.Restriction,BstYI,BstYI,class,public,defined,,False,Implement methods for enzymes with palindromic recognition sites.,data,becomes data + a parser; no class port
Restriction,Bio.Restriction.Restriction,BstV2I,BstV2I,class,public,defined,,False,Implement methods for enzymes with non-palindromic recognition sites.,data,becomes data + a parser; no class port
Restriction,Bio.Restriction.Restriction,PdiI,PdiI,class,public,defined,,False,Implement methods for enzymes with palindromic recognition sites.,data,becomes data + a parser; no class port
Restriction,Bio.Restriction.Restriction,Cfa8380I,Cfa8380I,class,public,defined,,False,Implement methods for enzymes with non-palindromic recognition sites.,data,becomes data + a parser; no class port
Restriction,Bio.Restriction.Restriction,Pse18267I,Pse18267I,class,public,defined,,False,Implement methods for enzymes with non-palindromic recognition sites.,data,becomes data + a parser; no class port
Restriction,Bio.Restriction.Restriction,SseBI,SseBI,class,public,defined,,False,Implement methods for enzymes with palindromic recognition sites.,data,becomes data + a parser; no class port
Restriction,Bio.Restriction.Restriction,EaeI,EaeI,class,public,defined,,False,Implement methods for enzymes with palindromic recognition sites.,data,becomes data + a parser; no class port
Restriction,Bio.Restriction.Restriction,BssAI,BssAI,class,public,defined,,False,Implement methods for enzymes with palindromic recognition sites.,data,becomes data + a parser; no class port
Restriction,Bio.Restriction.Restriction,Tru1I,Tru1I,class,public,defined,,False,Implement methods for enzymes with palindromic recognition sites.,data,becomes data + a parser; no class port
Restriction,Bio.Restriction.Restriction,AccB1I,AccB1I,class,public,defined,,False,Implement methods for enzymes with palindromic recognition sites.,data,becomes data + a parser; no class port
Restriction,Bio.Restriction.Restriction,GluI,GluI,class,public,defined,,False,Implement methods for enzymes with palindromic recognition sites.,data,becomes data + a parser; no class port
Restriction,Bio.Restriction.Restriction,BfoI,BfoI,class,public,defined,,False,Implement methods for enzymes with palindromic recognition sites.,data,becomes data + a parser; no class port
Restriction,Bio.Restriction.Restriction,DraIII,DraIII,class,public,defined,,False,Implement methods for enzymes with palindromic recognition sites.,data,becomes data + a parser; no class port
Restriction,Bio.Restriction.Restriction,PkrI,PkrI,class,public,defined,,False,Implement methods for enzymes with palindromic recognition sites.,data,becomes data + a parser; no class port
Restriction,Bio.Restriction.Restriction,HpyPU007XIX,HpyPU007XIX,class,public,defined,,False,Implement methods for enzymes with non-palindromic recognition sites.,data,becomes data + a parser; no class port
Restriction,Bio.Restriction.Restriction,Acc16I,Acc16I,class,public,defined,,False,Implement methods for enzymes with palindromic recognition sites.,data,becomes data + a parser; no class port
Restriction,Bio.Restriction.Restriction,Bsp119I,Bsp119I,class,public,defined,,False,Implement methods for enzymes with palindromic recognition sites.,data,becomes data + a parser; no class port
Restriction,Bio.Restriction.Restriction,SgfI,SgfI,class,public,defined,,False,Implement methods for enzymes with palindromic recognition sites.,data,becomes data + a parser; no class port
Restriction,Bio.Restriction.Restriction,Sna507VIII,Sna507VIII,class,public,defined,,False,Implement methods for enzymes with non-palindromic recognition sites.,data,becomes data + a parser; no class port
Restriction,Bio.Restriction.Restriction,BcefI,BcefI,class,public,defined,,False,Implement methods for enzymes with non-palindromic recognition sites.,data,becomes data + a parser; no class port
Restriction,Bio.Restriction.Restriction,CjeI,CjeI,class,public,defined,,False,Implement methods for enzymes with non-palindromic recognition sites.,data,becomes data + a parser; no class port
Restriction,Bio.Restriction.Restriction,BsaXI,BsaXI,class,public,defined,,False,Implement methods for enzymes with non-palindromic recognition sites.,data,becomes data + a parser; no class port
Restriction,Bio.Restriction.Restriction,Bsp13I,Bsp13I,class,public,defined,,False,Implement methods for enzymes with palindromic recognition sites.,data,becomes data + a parser; no class port
Restriction,Bio.Restriction.Restriction,MflI,MflI,class,public,defined,,False,Implement methods for enzymes with palindromic recognition sites.,data,becomes data + a parser; no class port
Restriction,Bio.Restriction.Restriction,BstDSI,BstDSI,class,public,defined,,False,Implement methods for enzymes with palindromic recognition sites.,data,becomes data + a parser; no class port
Restriction,Bio.Restriction.Restriction,AfiI,AfiI,class,public,defined,,False,Implement methods for enzymes with palindromic recognition sites.,data,becomes data + a parser; no class port
Restriction,Bio.Restriction.Restriction,Sau1803III,Sau1803III,class,public,defined,,False,Implement methods for enzymes with non-palindromic recognition sites.,data,becomes data + a parser; no class port
Restriction,Bio.Restriction.Restriction,DrdII,DrdII,class,public,defined,,False,Implement methods for enzymes with non-palindromic recognition sites.,data,becomes data + a parser; no class port
Restriction,Bio.Restriction.Restriction,HpyAXIV,HpyAXIV,class,public,defined,,False,Implement methods for enzymes with non-palindromic recognition sites.,data,becomes data + a parser; no class port
Restriction,Bio.Restriction.Restriction,Lcr047I,Lcr047I,class,public,defined,,False,Implement methods for enzymes with non-palindromic recognition sites.,data,becomes data + a parser; no class port
Restriction,Bio.Restriction.Restriction,Pae8506I,Pae8506I,class,public,defined,,False,Implement methods for enzymes with non-palindromic recognition sites.,data,becomes data + a parser; no class port
Restriction,Bio.Restriction.Restriction,Bsu15I,Bsu15I,class,public,defined,,False,Implement methods for enzymes with palindromic recognition sites.,data,becomes data + a parser; no class port
Restriction,Bio.Restriction.Restriction,NotI,NotI,class,public,defined,,False,Implement methods for enzymes with palindromic recognition sites.,data,becomes data + a parser; no class port
Restriction,Bio.Restriction.Restriction,BstMAI,BstMAI,class,public,defined,,False,Implement methods for enzymes with non-palindromic recognition sites.,data,becomes data + a parser; no class port
Restriction,Bio.Restriction.Restriction,OliI,OliI,class,public,defined,,False,Implement methods for enzymes with palindromic recognition sites.,data,becomes data + a parser; no class port
Restriction,Bio.Restriction.Restriction,BseCI,BseCI,class,public,defined,,False,Implement methods for enzymes with palindromic recognition sites.,data,becomes data + a parser; no class port
Restriction,Bio.Restriction.Restriction,BspHI,BspHI,class,public,defined,,False,Implement methods for enzymes with palindromic recognition sites.,data,becomes data + a parser; no class port
Restriction,Bio.Restriction.Restriction,Aod1I,Aod1I,class,public,defined,,False,Implement methods for enzymes with non-palindromic recognition sites.,data,becomes data + a parser; no class port
Restriction,Bio.Restriction.Restriction,Asp337I,Asp337I,class,public,defined,,False,Implement methods for enzymes with non-palindromic recognition sites.,data,becomes data + a parser; no class port
Restriction,Bio.Restriction.Restriction,Cdi13750III,Cdi13750III,class,public,defined,,False,Implement methods for enzymes with non-palindromic recognition sites.,data,becomes data + a parser; no class port
Restriction,Bio.Restriction.Restriction,PpiP13II,PpiP13II,class,public,defined,,False,Implement methods for enzymes with non-palindromic recognition sites.,data,becomes data + a parser; no class port
Restriction,Bio.Restriction.Restriction,SmiMI,SmiMI,class,public,defined,,False,Implement methods for enzymes with palindromic recognition sites.,data,becomes data + a parser; no class port
Restriction,Bio.Restriction.Restriction,CviQI,CviQI,class,public,defined,,False,Implement methods for enzymes with palindromic recognition sites.,data,becomes data + a parser; no class port
Restriction,Bio.Restriction.Restriction,TasI,TasI,class,public,defined,,False,Implement methods for enzymes with palindromic recognition sites.,data,becomes data + a parser; no class port
Restriction,Bio.Restriction.Restriction,ErhI,ErhI,class,public,defined,,False,Implement methods for enzymes with palindromic recognition sites.,data,becomes data + a parser; no class port
Restriction,Bio.Restriction.Restriction,XceI,XceI,class,public,defined,,False,Implement methods for enzymes with palindromic recognition sites.,data,becomes data + a parser; no class port
Restriction,Bio.Restriction.Restriction,BstAPI,BstAPI,class,public,defined,,False,Implement methods for enzymes with palindromic recognition sites.,data,becomes data + a parser; no class port
Restriction,Bio.Restriction.Restriction,MhlI,MhlI,class,public,defined,,False,Implement methods for enzymes with palindromic recognition sites.,data,becomes data + a parser; no class port
Restriction,Bio.Restriction.Restriction,HpyLIM6XII,HpyLIM6XII,class,public,defined,,False,Implement methods for enzymes with non-palindromic recognition sites.,data,becomes data + a parser; no class port
Restriction,Bio.Restriction.Restriction,Pfl1108I,Pfl1108I,class,public,defined,,False,Implement methods for enzymes with non-palindromic recognition sites.,data,becomes data + a parser; no class port
Restriction,Bio.Restriction.Restriction,HgiCI,HgiCI,class,public,defined,,False,Implement methods for enzymes with palindromic recognition sites.,data,becomes data + a parser; no class port
Restriction,Bio.Restriction.Restriction,XmnI,XmnI,class,public,defined,,False,Implement methods for enzymes with palindromic recognition sites.,data,becomes data + a parser; no class port
Restriction,Bio.Restriction.Restriction,CspBP25III,CspBP25III,class,public,defined,,False,Implement methods for enzymes with non-palindromic recognition sites.,data,becomes data + a parser; no class port
Restriction,Bio.Restriction.Restriction,SmaUMH5I,SmaUMH5I,class,public,defined,,False,Implement methods for enzymes with non-palindromic recognition sites.,data,becomes data + a parser; no class port
Restriction,Bio.Restriction.Restriction,AspBHI,AspBHI,class,public,defined,,False,Implement methods for enzymes with non-palindromic recognition sites.,data,becomes data + a parser; no class port
Restriction,Bio.Restriction.Restriction,ArsI,ArsI,class,public,defined,,False,Implement methods for enzymes with non-palindromic recognition sites.,data,becomes data + a parser; no class port
Restriction,Bio.Restriction.Restriction,BshVI,BshVI,class,public,defined,,False,Implement methods for enzymes with palindromic recognition sites.,data,becomes data + a parser; no class port
Restriction,Bio.Restriction.Restriction,MaeII,MaeII,class,public,defined,,False,Implement methods for enzymes with palindromic recognition sites.,data,becomes data + a parser; no class port
Restriction,Bio.Restriction.Restriction,BssT1I,BssT1I,class,public,defined,,False,Implement methods for enzymes with palindromic recognition sites.,data,becomes data + a parser; no class port
Restriction,Bio.Restriction.Restriction,AccB7I,AccB7I,class,public,defined,,False,Implement methods for enzymes with palindromic recognition sites.,data,becomes data + a parser; no class port
Restriction,Bio.Restriction.Restriction,Saf8902III,Saf8902III,class,public,defined,,False,Implement methods for enzymes with non-palindromic recognition sites.,data,becomes data + a parser; no class port
Restriction,Bio.Restriction.Restriction,Cau10061II,Cau10061II,class,public,defined,,False,Implement methods for enzymes with non-palindromic recognition sites.,data,becomes data + a parser; no class port
Restriction,Bio.Restriction.Restriction,Dpi3084I,Dpi3084I,class,public,defined,,False,Implement methods for enzymes with non-palindromic recognition sites.,data,becomes data + a parser; no class port
Restriction,Bio.Restriction.Restriction,PacIII,PacIII,class,public,defined,,False,Implement methods for enzymes with non-palindromic recognition sites.,data,becomes data + a parser; no class port
Restriction,Bio.Restriction.Restriction,NmeA6CIII,NmeA6CIII,class,public,defined,,False,Implement methods for enzymes with non-palindromic recognition sites.,data,becomes data + a parser; no class port
Restriction,Bio.Restriction.Restriction,MvnI,MvnI,class,public,defined,,False,Implement methods for enzymes with palindromic recognition sites.,data,becomes data + a parser; no class port
Restriction,Bio.Restriction.Restriction,BsaI,BsaI,class,public,defined,,False,Implement methods for enzymes with non-palindromic recognition sites.,data,becomes data + a parser; no class port
Restriction,Bio.Restriction.Restriction,BsmFI,BsmFI,class,public,defined,,False,Implement methods for enzymes with non-palindromic recognition sites.,data,becomes data + a parser; no class port
Restriction,Bio.Restriction.Restriction,BspTNI,BspTNI,class,public,defined,,False,Implement methods for enzymes with non-palindromic recognition sites.,data,becomes data + a parser; no class port
Restriction,Bio.Restriction.Restriction,Bsp68I,Bsp68I,class,public,defined,,False,Implement methods for enzymes with palindromic recognition sites.,data,becomes data + a parser; no class port
Restriction,Bio.Restriction.Restriction,CviKI_1,CviKI_1,class,public,defined,,False,Implement methods for enzymes with palindromic recognition sites.,data,becomes data + a parser; no class port
Restriction,Bio.Restriction.Restriction,Cdi11397I,Cdi11397I,class,public,defined,,False,Implement methods for enzymes with non-palindromic recognition sites.,data,becomes data + a parser; no class port
Restriction,Bio.Restriction.Restriction,Kpn9644II,Kpn9644II,class,public,defined,,False,Implement methods for enzymes with non-palindromic recognition sites.,data,becomes data + a parser; no class port
Restriction,Bio.Restriction.Restriction,PliMI,PliMI,class,public,defined,,False,Implement methods for enzymes with non-palindromic recognition sites.,data,becomes data + a parser; no class port
Restriction,Bio.Restriction.Restriction,WviI,WviI,class,public,defined,,False,Implement methods for enzymes with non-palindromic recognition sites.,data,becomes data + a parser; no class port
Restriction,Bio.Restriction.Restriction,GsuI,GsuI,class,public,defined,,False,Implement methods for enzymes with non-palindromic recognition sites.,data,becomes data + a parser; no class port
Restriction,Bio.Restriction.Restriction,RseI,RseI,class,public,defined,,False,Implement methods for enzymes with palindromic recognition sites.,data,becomes data + a parser; no class port
Restriction,Bio.Restriction.Restriction,ClaI,ClaI,class,public,defined,,False,Implement methods for enzymes with palindromic recognition sites.,data,becomes data + a parser; no class port
Restriction,Bio.Restriction.Restriction,SspDI,SspDI,class,public,defined,,False,Implement methods for enzymes with palindromic recognition sites.,data,becomes data + a parser; no class port
Restriction,Bio.Restriction.Restriction,EcoO65I,EcoO65I,class,public,defined,,False,Implement methods for enzymes with palindromic recognition sites.,data,becomes data + a parser; no class port
Restriction,Bio.Restriction.Restriction,SstI,SstI,class,public,defined,,False,Implement methods for enzymes with palindromic recognition sites.,data,becomes data + a parser; no class port
Restriction,Bio.Restriction.Restriction,BslI,BslI,class,public,defined,,False,Implement methods for enzymes with palindromic recognition sites.,data,becomes data + a parser; no class port
Restriction,Bio.Restriction.Restriction,HpyCH4III,HpyCH4III,class,public,defined,,False,Implement methods for enzymes with palindromic recognition sites.,data,becomes data + a parser; no class port
Restriction,Bio.Restriction.Restriction,Hpy300XI,Hpy300XI,class,public,defined,,False,Implement methods for enzymes with non-palindromic recognition sites.,data,becomes data + a parser; no class port
Restriction,Bio.Restriction.Restriction,HpyAS001VI,HpyAS001VI,class,public,defined,,False,Implement methods for enzymes with non-palindromic recognition sites.,data,becomes data + a parser; no class port
Restriction,Bio.Restriction.Restriction,PlaDI,PlaDI,class,public,defined,,False,Implement methods for enzymes with non-palindromic recognition sites.,data,becomes data + a parser; no class port
Restriction,Bio.Restriction.Restriction,BsrI,BsrI,class,public,defined,,False,Implement methods for enzymes with non-palindromic recognition sites.,data,becomes data + a parser; no class port
Restriction,Bio.Restriction.Restriction,SspI,SspI,class,public,defined,,False,Implement methods for enzymes with palindromic recognition sites.,data,becomes data + a parser; no class port
Restriction,Bio.Restriction.Restriction,Csa9238II,Csa9238II,class,public,defined,,False,Implement methods for enzymes with non-palindromic recognition sites.,data,becomes data + a parser; no class port
Restriction,Bio.Restriction.Restriction,Sma325I,Sma325I,class,public,defined,,False,Implement methods for enzymes with non-palindromic recognition sites.,data,becomes data + a parser; no class port
Restriction,Bio.Restriction.Restriction,SdeOSI,SdeOSI,class,public,defined,,False,Implement methods for enzymes with non-palindromic recognition sites.,data,becomes data + a parser; no class port
Restriction,Bio.Restriction.Restriction,BseX3I,BseX3I,class,public,defined,,False,Implement methods for enzymes with palindromic recognition sites.,data,becomes data + a parser; no class port
Restriction,Bio.Restriction.Restriction,Kzo9I,Kzo9I,class,public,defined,,False,Implement methods for enzymes with palindromic recognition sites.,data,becomes data + a parser; no class port
Restriction,Bio.Restriction.Restriction,Bsp1720I,Bsp1720I,class,public,defined,,False,Implement methods for enzymes with palindromic recognition sites.,data,becomes data + a parser; no class port
Restriction,Bio.Restriction.Restriction,Cal14237I,Cal14237I,class,public,defined,,False,Implement methods for enzymes with non-palindromic recognition sites.,data,becomes data + a parser; no class port
Restriction,Bio.Restriction.Restriction,CspX1II,CspX1II,class,public,defined,,False,Implement methods for enzymes with non-palindromic recognition sites.,data,becomes data + a parser; no class port
Restriction,Bio.Restriction.Restriction,OgrI,OgrI,class,public,defined,,False,Implement methods for enzymes with non-palindromic recognition sites.,data,becomes data + a parser; no class port
Restriction,Bio.Restriction.Restriction,RspPBTS2III,RspPBTS2III,class,public,defined,,False,Implement methods for enzymes with non-palindromic recognition sites.,data,becomes data + a parser; no class port
Restriction,Bio.Restriction.Restriction,HpyUM032XIII,HpyUM032XIII,class,public,defined,,False,Implement methods for enzymes with palindromic recognition sites.,data,becomes data + a parser; no class port
Restriction,Bio.Restriction.Restriction,Cbo67071IV,Cbo67071IV,class,public,defined,,False,Implement methods for enzymes with non-palindromic recognition sites.,data,becomes data + a parser; no class port
Restriction,Bio.Restriction.Restriction,AhaIII,AhaIII,class,public,defined,,False,Implement methods for enzymes with palindromic recognition sites.,data,becomes data + a parser; no class port
Restriction,Bio.Restriction.Restriction,BfuAI,BfuAI,class,public,defined,,False,Implement methods for enzymes with non-palindromic recognition sites.,data,becomes data + a parser; no class port
Restriction,Bio.Restriction.Restriction,BsmAI,BsmAI,class,public,defined,,False,Implement methods for enzymes with non-palindromic recognition sites.,data,becomes data + a parser; no class port
Restriction,Bio.Restriction.Restriction,BspPI,BspPI,class,public,defined,,False,Implement methods for enzymes with non-palindromic recognition sites.,data,becomes data + a parser; no class port
Restriction,Bio.Restriction.Restriction,PsiI,PsiI,class,public,defined,,False,Implement methods for enzymes with palindromic recognition sites.,data,becomes data + a parser; no class port
Restriction,Bio.Restriction.Restriction,BshFI,BshFI,class,public,defined,,False,Implement methods for enzymes with palindromic recognition sites.,data,becomes data + a parser; no class port
Restriction,Bio.Restriction.Restriction,Msp20I,Msp20I,class,public,defined,,False,Implement methods for enzymes with palindromic recognition sites.,data,becomes data + a parser; no class port
Restriction,Bio.Restriction.Restriction,NheI,NheI,class,public,defined,,False,Implement methods for enzymes with palindromic recognition sites.,data,becomes data + a parser; no class port
Restriction,Bio.Restriction.Restriction,SgrTI,SgrTI,class,public,defined,,False,Implement methods for enzymes with non-palindromic recognition sites.,data,becomes data + a parser; no class port
Restriction,Bio.Restriction.Restriction,Cco14983VI,Cco14983VI,class,public,defined,,False,Implement methods for enzymes with non-palindromic recognition sites.,data,becomes data + a parser; no class port
Restriction,Bio.Restriction.Restriction,Cko11077IV,Cko11077IV,class,public,defined,,False,Implement methods for enzymes with non-palindromic recognition sites.,data,becomes data + a parser; no class port
Restriction,Bio.Restriction.Restriction,HgaI,HgaI,class,public,defined,,False,Implement methods for enzymes with non-palindromic recognition sites.,data,becomes data + a parser; no class port
Restriction,Bio.Restriction.Restriction,BsmI,BsmI,class,public,defined,,False,Implement methods for enzymes with non-palindromic recognition sites.,data,becomes data + a parser; no class port
Restriction,Bio.Restriction.Restriction,PspN4I,PspN4I,class,public,defined,,False,Implement methods for enzymes with palindromic recognition sites.,data,becomes data + a parser; no class port
Restriction,Bio.Restriction.Restriction,SgsI,SgsI,class,public,defined,,False,Implement methods for enzymes with palindromic recognition sites.,data,becomes data + a parser; no class port
Restriction,Bio.Restriction.Restriction,Tsp45I,Tsp45I,class,public,defined,,False,Implement methods for enzymes with palindromic recognition sites.,data,becomes data + a parser; no class port
Restriction,Bio.Restriction.Restriction,Eco91I,Eco91I,class,public,defined,,False,Implement methods for enzymes with palindromic recognition sites.,data,becomes data + a parser; no class port
Restriction,Bio.Restriction.Restriction,SbfI,SbfI,class,public,defined,,False,Implement methods for enzymes with palindromic recognition sites.,data,becomes data + a parser; no class port
Restriction,Bio.Restriction.Restriction,BglI,BglI,class,public,defined,,False,Implement methods for enzymes with palindromic recognition sites.,data,becomes data + a parser; no class port
Restriction,Bio.Restriction.Restriction,Eco24I,Eco24I,class,public,defined,,False,Implement methods for enzymes with palindromic recognition sites.,data,becomes data + a parser; no class port
Restriction,Bio.Restriction.Restriction,Bag18758I,Bag18758I,class,public,defined,,False,Implement methods for enzymes with non-palindromic recognition sites.,data,becomes data + a parser; no class port
Restriction,Bio.Restriction.Restriction,Hpy178III,Hpy178III,class,public,defined,,False,Implement methods for enzymes with palindromic recognition sites.,data,becomes data + a parser; no class port
Restriction,Bio.Restriction.Restriction,EarI,EarI,class,public,defined,,False,Implement methods for enzymes with non-palindromic recognition sites.,data,becomes data + a parser; no class port
Restriction,Bio.Restriction.Restriction,AclWI,AclWI,class,public,defined,,False,Implement methods for enzymes with non-palindromic recognition sites.,data,becomes data + a parser; no class port
Restriction,Bio.Restriction.Restriction,SmaI,SmaI,class,public,defined,,False,Implement methods for enzymes with palindromic recognition sites.,data,becomes data + a parser; no class port
Restriction,Bio.Restriction.Restriction,AoxI,AoxI,class,public,defined,,False,Implement methods for enzymes with palindromic recognition sites.,data,becomes data + a parser; no class port
Restriction,Bio.Restriction.Restriction,Bse118I,Bse118I,class,public,defined,,False,Implement methods for enzymes with palindromic recognition sites.,data,becomes data + a parser; no class port
Restriction,Bio.Restriction.Restriction,Cpe13170II,Cpe13170II,class,public,defined,,False,Implement methods for enzymes with non-palindromic recognition sites.,data,becomes data + a parser; no class port
Restriction,Bio.Restriction.Restriction,Sgr7807I,Sgr7807I,class,public,defined,,False,Implement methods for enzymes with non-palindromic recognition sites.,data,becomes data + a parser; no class port
Restriction,Bio.Restriction.Restriction,YkrI,YkrI,class,public,defined,,False,Implement methods for enzymes with non-palindromic recognition sites.,data,becomes data + a parser; no class port
Restriction,Bio.Restriction.Restriction,AloI,AloI,class,public,defined,,False,Implement methods for enzymes with non-palindromic recognition sites.,data,becomes data + a parser; no class port
Restriction,Bio.Restriction.Restriction,KroI,KroI,class,public,defined,,False,Implement methods for enzymes with palindromic recognition sites.,data,becomes data + a parser; no class port
Restriction,Bio.Restriction.Restriction,XagI,XagI,class,public,defined,,False,Implement methods for enzymes with palindromic recognition sites.,data,becomes data + a parser; no class port
Restriction,Bio.Restriction.Restriction,Kpn327I,Kpn327I,class,public,defined,,False,Implement methods for enzymes with non-palindromic recognition sites.,data,becomes data + a parser; no class port
Restriction,Bio.Restriction.Restriction,BspNCI,BspNCI,class,public,defined,,False,Implement methods for enzymes with non-palindromic recognition sites.,data,becomes data + a parser; no class port
Restriction,Bio.Restriction.Restriction,NspES21II,NspES21II,class,public,defined,,False,Implement methods for enzymes with non-palindromic recognition sites.,data,becomes data + a parser; no class port
Restriction,Bio.Restriction.Restriction,Hso63250IV,Hso63250IV,class,public,defined,,False,Implement methods for enzymes with palindromic recognition sites.,data,becomes data + a parser; no class port
Restriction,Bio.Restriction.Restriction,Rsp008V,Rsp008V,class,public,defined,,False,Implement methods for enzymes with non-palindromic recognition sites.,data,becomes data + a parser; no class port
Restriction,Bio.Restriction.Restriction,AvaIII,AvaIII,class,public,defined,,False,Implement methods for enzymes with palindromic recognition sites.,data,becomes data + a parser; no class port
Restriction,Bio.Restriction.Restriction,DrdIV,DrdIV,class,public,defined,,False,Implement methods for enzymes with non-palindromic recognition sites.,data,becomes data + a parser; no class port
Restriction,Bio.Restriction.Restriction,NdeI,NdeI,class,public,defined,,False,Implement methods for enzymes with palindromic recognition sites.,data,becomes data + a parser; no class port
Restriction,Bio.Restriction.Restriction,Alw26I,Alw26I,class,public,defined,,False,Implement methods for enzymes with non-palindromic recognition sites.,data,becomes data + a parser; no class port
Restriction,Bio.Restriction.Restriction,BceAI,BceAI,class,public,defined,,False,Implement methods for enzymes with non-palindromic recognition sites.,data,becomes data + a parser; no class port
Restriction,Bio.Restriction.Restriction,BslFI,BslFI,class,public,defined,,False,Implement methods for enzymes with non-palindromic recognition sites.,data,becomes data + a parser; no class port
Restriction,Bio.Restriction.Restriction,PmlI,PmlI,class,public,defined,,False,Implement methods for enzymes with palindromic recognition sites.,data,becomes data + a parser; no class port
Restriction,Bio.Restriction.Restriction,BseJI,BseJI,class,public,defined,,False,Implement methods for enzymes with palindromic recognition sites.,data,becomes data + a parser; no class port
Restriction,Bio.Restriction.Restriction,MroXI,MroXI,class,public,defined,,False,Implement methods for enzymes with palindromic recognition sites.,data,becomes data + a parser; no class port
Restriction,Bio.Restriction.Restriction,BbuB31I,BbuB31I,class,public,defined,,False,Implement methods for enzymes with non-palindromic recognition sites.,data,becomes data + a parser; no class port
Restriction,Bio.Restriction.Restriction,SsiI,SsiI,class,public,defined,,False,Implement methods for enzymes with non-palindromic recognition sites.,data,becomes data + a parser; no class port
Restriction,Bio.Restriction.Restriction,BstF5I,BstF5I,class,public,defined,,False,Implement methods for enzymes with non-palindromic recognition sites.,data,becomes data + a parser; no class port
Restriction,Bio.Restriction.Restriction,BseMI,BseMI,class,public,defined,,False,Implement methods for enzymes with non-palindromic recognition sites.,data,becomes data + a parser; no class port
Restriction,Bio.Restriction.Restriction,Ppu21I,Ppu21I,class,public,defined,,False,Implement methods for enzymes with palindromic recognition sites.,data,becomes data + a parser; no class port
Restriction,Bio.Restriction.Restriction,SfuI,SfuI,class,public,defined,,False,Implement methods for enzymes with palindromic recognition sites.,data,becomes data + a parser; no class port
Restriction,Bio.Restriction.Restriction,TfiI,TfiI,class,public,defined,,False,Implement methods for enzymes with palindromic recognition sites.,data,becomes data + a parser; no class port
Restriction,Bio.Restriction.Restriction,Eco81I,Eco81I,class,public,defined,,False,Implement methods for enzymes with palindromic recognition sites.,data,becomes data + a parser; no class port
Restriction,Bio.Restriction.Restriction,SacI,SacI,class,public,defined,,False,Implement methods for enzymes with palindromic recognition sites.,data,becomes data + a parser; no class port
Restriction,Bio.Restriction.Restriction,BaeGI,BaeGI,class,public,defined,,False,Implement methods for enzymes with palindromic recognition sites.,data,becomes data + a parser; no class port
Restriction,Bio.Restriction.Restriction,DseDI,DseDI,class,public,defined,,False,Implement methods for enzymes with palindromic recognition sites.,data,becomes data + a parser; no class port
Restriction,Bio.Restriction.Restriction,BspANI,BspANI,class,public,defined,,False,Implement methods for enzymes with palindromic recognition sites.,data,becomes data + a parser; no class port
Restriction,Bio.Restriction.Restriction,Alw44I,Alw44I,class,public,defined,,False,Implement methods for enzymes with palindromic recognition sites.,data,becomes data + a parser; no class port
Restriction,Bio.Restriction.Restriction,AarI,AarI,class,public,defined,,False,Implement methods for enzymes with non-palindromic recognition sites.,data,becomes data + a parser; no class port
Restriction,Bio.Restriction.Restriction,ScaI,ScaI,class,public,defined,,False,Implement methods for enzymes with palindromic recognition sites.,data,becomes data + a parser; no class port
Restriction,Bio.Restriction.Restriction,Bpu14I,Bpu14I,class,public,defined,,False,Implement methods for enzymes with palindromic recognition sites.,data,becomes data + a parser; no class port
Restriction,Bio.Restriction.Restriction,Bco11035III,Bco11035III,class,public,defined,,False,Implement methods for enzymes with non-palindromic recognition sites.,data,becomes data + a parser; no class port
Restriction,Bio.Restriction.Restriction,Seq11824I,Seq11824I,class,public,defined,,False,Implement methods for enzymes with non-palindromic recognition sites.,data,becomes data + a parser; no class port
Restriction,Bio.Restriction.Restriction,BmgI,BmgI,class,public,defined,,False,Implement methods for enzymes with non-palindromic recognition sites.,data,becomes data + a parser; no class port
Restriction,Bio.Restriction.Restriction,HpySE526I,HpySE526I,class,public,defined,,False,Implement methods for enzymes with palindromic recognition sites.,data,becomes data + a parser; no class port
Restriction,Bio.Restriction.Restriction,TseFI,TseFI,class,public,defined,,False,Implement methods for enzymes with palindromic recognition sites.,data,becomes data + a parser; no class port
Restriction,Bio.Restriction.Restriction,Sfr303I,Sfr303I,class,public,defined,,False,Implement methods for enzymes with palindromic recognition sites.,data,becomes data + a parser; no class port
Restriction,Bio.Restriction.Restriction,Bsp460III,Bsp460III,class,public,defined,,False,Implement methods for enzymes with non-palindromic recognition sites.,data,becomes data + a parser; no class port
Restriction,Bio.Restriction.Restriction,NhaXI,NhaXI,class,public,defined,,False,Implement methods for enzymes with non-palindromic recognition sites.,data,becomes data + a parser; no class port
Restriction,Bio.Restriction.Restriction,RpaTI,RpaTI,class,public,defined,,False,Implement methods for enzymes with non-palindromic recognition sites.,data,becomes data + a parser; no class port
Restriction,Bio.Restriction.Restriction,UbaPI,UbaPI,class,public,defined,,False,Implement methods for enzymes with non-palindromic recognition sites.,data,becomes data + a parser; no class port
Restriction,Bio.Restriction.Restriction,SspD5I,SspD5I,class,public,defined,,False,Implement methods for enzymes with non-palindromic recognition sites.,data,becomes data + a parser; no class port
Restriction,Bio.Restriction.Restriction,CstMI,CstMI,class,public,defined,,False,Implement methods for enzymes with non-palindromic recognition sites.,data,becomes data + a parser; no class port
Restriction,Bio.Restriction.Restriction,BceSIV,BceSIV,class,public,defined,,False,Implement methods for enzymes with non-palindromic recognition sites.,data,becomes data + a parser; no class port
Restriction,Bio.Restriction.Restriction,MluNI,MluNI,class,public,defined,,False,Implement methods for enzymes with palindromic recognition sites.,data,becomes data + a parser; no class port
Restriction,Bio.Restriction.Restriction,BbvI,BbvI,class,public,defined,,False,Implement methods for enzymes with non-palindromic recognition sites.,data,becomes data + a parser; no class port
Restriction,Bio.Restriction.Restriction,BpiI,BpiI,class,public,defined,,False,Implement methods for enzymes with non-palindromic recognition sites.,data,becomes data + a parser; no class port
Restriction,Bio.Restriction.Restriction,NlaIV,NlaIV,class,public,defined,,False,Implement methods for enzymes with palindromic recognition sites.,data,becomes data + a parser; no class port
Restriction,Bio.Restriction.Restriction,BsaBI,BsaBI,class,public,defined,,False,Implement methods for enzymes with palindromic recognition sites.,data,becomes data + a parser; no class port
Restriction,Bio.Restriction.Restriction,MunI,MunI,class,public,defined,,False,Implement methods for enzymes with palindromic recognition sites.,data,becomes data + a parser; no class port
Restriction,Bio.Restriction.Restriction,Fba202Z8II,Fba202Z8II,class,public,defined,,False,Implement methods for enzymes with non-palindromic recognition sites.,data,becomes data + a parser; no class port
Restriction,Bio.Restriction.Restriction,Bbr7017II,Bbr7017II,class,public,defined,,False,Implement methods for enzymes with non-palindromic recognition sites.,data,becomes data + a parser; no class port
Restriction,Bio.Restriction.Restriction,Bse3DI,Bse3DI,class,public,defined,,False,Implement methods for enzymes with non-palindromic recognition sites.,data,becomes data + a parser; no class port
Restriction,Bio.Restriction.Restriction,PmaCI,PmaCI,class,public,defined,,False,Implement methods for enzymes with palindromic recognition sites.,data,becomes data + a parser; no class port
Restriction,Bio.Restriction.Restriction,SaqAI,SaqAI,class,public,defined,,False,Implement methods for enzymes with palindromic recognition sites.,data,becomes data + a parser; no class port
Restriction,Bio.Restriction.Restriction,StyI,StyI,class,public,defined,,False,Implement methods for enzymes with palindromic recognition sites.,data,becomes data + a parser; no class port
Restriction,Bio.Restriction.Restriction,CspI,CspI,class,public,defined,,False,Implement methods for enzymes with palindromic recognition sites.,data,becomes data + a parser; no class port
Restriction,Bio.Restriction.Restriction,PluTI,PluTI,class,public,defined,,False,Implement methods for enzymes with palindromic recognition sites.,data,becomes data + a parser; no class port
Restriction,Bio.Restriction.Restriction,CaiI,CaiI,class,public,defined,,False,Implement methods for enzymes with palindromic recognition sites.,data,becomes data + a parser; no class port
Restriction,Bio.Restriction.Restriction,EsaSSI,EsaSSI,class,public,defined,,False,Implement methods for enzymes with non-palindromic recognition sites.,data,becomes data + a parser; no class port
Restriction,Bio.Restriction.Restriction,HdeNY26I,HdeNY26I,class,public,defined,,False,Implement methods for enzymes with non-palindromic recognition sites.,data,becomes data + a parser; no class port
Restriction,Bio.Restriction.Restriction,AquIV,AquIV,class,public,defined,,False,Implement methods for enzymes with non-palindromic recognition sites.,data,becomes data + a parser; no class port
Restriction,Bio.Restriction.Restriction,HincII,HincII,class,public,defined,,False,Implement methods for enzymes with palindromic recognition sites.,data,becomes data + a parser; no class port
Restriction,Bio.Restriction.Restriction,AcyI,AcyI,class,public,defined,,False,Implement methods for enzymes with palindromic recognition sites.,data,becomes data + a parser; no class port
Restriction,Bio.Restriction.Restriction,AsuII,AsuII,class,public,defined,,False,Implement methods for enzymes with palindromic recognition sites.,data,becomes data + a parser; no class port
Restriction,Bio.Restriction.Restriction,Bce3081I,Bce3081I,class,public,defined,,False,Implement methods for enzymes with non-palindromic recognition sites.,data,becomes data + a parser; no class port
Restriction,Bio.Restriction.Restriction,SenTFIV,SenTFIV,class,public,defined,,False,Implement methods for enzymes with non-palindromic recognition sites.,data,becomes data + a parser; no class port
Restriction,Bio.Restriction.Restriction,AbaUMB2I,AbaUMB2I,class,public,defined,,False,Implement methods for enzymes with non-palindromic recognition sites.,data,becomes data + a parser; no class port
Restriction,Bio.Restriction.Restriction,StsI,StsI,class,public,defined,,False,Implement methods for enzymes with non-palindromic recognition sites.,data,becomes data + a parser; no class port
Restriction,Bio.Restriction.Restriction,Hin1I,Hin1I,class,public,defined,,False,Implement methods for enzymes with palindromic recognition sites.,data,becomes data + a parser; no class port
Restriction,Bio.Restriction.Restriction,SgeI,SgeI,class,public,defined,,False,Implement methods for enzymes with palindromic recognition sites.,data,becomes data + a parser; no class port
Restriction,Bio.Restriction.Restriction,SdaI,SdaI,class,public,defined,,False,Implement methods for enzymes with palindromic recognition sites.,data,becomes data + a parser; no class port
Restriction,Bio.Restriction.Restriction,PinP23II,PinP23II,class,public,defined,,False,Implement methods for enzymes with non-palindromic recognition sites.,data,becomes data + a parser; no class port
Restriction,Bio.Restriction.Restriction,BscXI,BscXI,class,public,defined,,False,Implement methods for enzymes with non-palindromic recognition sites.,data,becomes data + a parser; no class port
Restriction,Bio.Restriction.Restriction,Rkr11038I,Rkr11038I,class,public,defined,,False,Implement methods for enzymes with non-palindromic recognition sites.,data,becomes data + a parser; no class port
Restriction,Bio.Restriction.Restriction,Nan12227I,Nan12227I,class,public,defined,,False,Implement methods for enzymes with non-palindromic recognition sites.,data,becomes data + a parser; no class port
Restriction,Bio.Restriction.Restriction,Bps6700III,Bps6700III,class,public,defined,,False,Implement methods for enzymes with non-palindromic recognition sites.,data,becomes data + a parser; no class port
Restriction,Bio.Restriction.Restriction,Lra68I,Lra68I,class,public,defined,,False,Implement methods for enzymes with non-palindromic recognition sites.,data,becomes data + a parser; no class port
Restriction,Bio.Restriction.Restriction,UbaF13I,UbaF13I,class,public,defined,,False,Implement methods for enzymes with non-palindromic recognition sites.,data,becomes data + a parser; no class port
Restriction,Bio.Restriction.Restriction,MseI,MseI,class,public,defined,,False,Implement methods for enzymes with palindromic recognition sites.,data,becomes data + a parser; no class port
Restriction,Bio.Restriction.Restriction,BsaAI,BsaAI,class,public,defined,,False,Implement methods for enzymes with palindromic recognition sites.,data,becomes data + a parser; no class port
Restriction,Bio.Restriction.Restriction,MspA1I,MspA1I,class,public,defined,,False,Implement methods for enzymes with palindromic recognition sites.,data,becomes data + a parser; no class port
Restriction,Bio.Restriction.Restriction,BmiI,BmiI,class,public,defined,,False,Implement methods for enzymes with palindromic recognition sites.,data,becomes data + a parser; no class port
Restriction,Bio.Restriction.Restriction,MalI,MalI,class,public,defined,,False,Implement methods for enzymes with palindromic recognition sites.,data,becomes data + a parser; no class port
Restriction,Bio.Restriction.Restriction,Bsu36I,Bsu36I,class,public,defined,,False,Implement methods for enzymes with palindromic recognition sites.,data,becomes data + a parser; no class port
Restriction,Bio.Restriction.Restriction,GdiII,GdiII,class,public,defined,,False,Implement methods for enzymes with non-palindromic recognition sites.,data,becomes data + a parser; no class port
Restriction,Bio.Restriction.Restriction,BmuI,BmuI,class,public,defined,,False,Implement methods for enzymes with non-palindromic recognition sites.,data,becomes data + a parser; no class port
Restriction,Bio.Restriction.Restriction,PteI,PteI,class,public,defined,,False,Implement methods for enzymes with palindromic recognition sites.,data,becomes data + a parser; no class port
Restriction,Bio.Restriction.Restriction,SinI,SinI,class,public,defined,,False,Implement methods for enzymes with palindromic recognition sites.,data,becomes data + a parser; no class port
Restriction,Bio.Restriction.Restriction,CpoI,CpoI,class,public,defined,,False,Implement methods for enzymes with palindromic recognition sites.,data,becomes data + a parser; no class port
Restriction,Bio.Restriction.Restriction,NsiI,NsiI,class,public,defined,,False,Implement methods for enzymes with palindromic recognition sites.,data,becomes data + a parser; no class port
Restriction,Bio.Restriction.Restriction,BstMWI,BstMWI,class,public,defined,,False,Implement methods for enzymes with palindromic recognition sites.,data,becomes data + a parser; no class port
Restriction,Bio.Restriction.Restriction,Eli8509II,Eli8509II,class,public,defined,,False,Implement methods for enzymes with non-palindromic recognition sites.,data,becomes data + a parser; no class port
Restriction,Bio.Restriction.Restriction,HbaII,HbaII,class,public,defined,,False,Implement methods for enzymes with non-palindromic recognition sites.,data,becomes data + a parser; no class port
Restriction,Bio.Restriction.Restriction,FinI,FinI,class,public,defined,,False,Implement methods for enzymes with non-palindromic recognition sites.,data,becomes data + a parser; no class port
Restriction,Bio.Restriction.Restriction,AquII,AquII,class,public,defined,,False,Implement methods for enzymes with non-palindromic recognition sites.,data,becomes data + a parser; no class port
Restriction,Bio.Restriction.Restriction,AcoI,AcoI,class,public,defined,,False,Implement methods for enzymes with palindromic recognition sites.,data,becomes data + a parser; no class port
Restriction,Bio.Restriction.Restriction,FspI,FspI,class,public,defined,,False,Implement methods for enzymes with palindromic recognition sites.,data,becomes data + a parser; no class port
Restriction,Bio.Restriction.Restriction,Asp718I,Asp718I,class,public,defined,,False,Implement methods for enzymes with palindromic recognition sites.,data,becomes data + a parser; no class port
Restriction,Bio.Restriction.Restriction,SenA1673III,SenA1673III,class,public,defined,,False,Implement methods for enzymes with non-palindromic recognition sites.,data,becomes data + a parser; no class port
Restriction,Bio.Restriction.Restriction,Yru12986I,Yru12986I,class,public,defined,,False,Implement methods for enzymes with non-palindromic recognition sites.,data,becomes data + a parser; no class port
Restriction,Bio.Restriction.Restriction,MbiI,MbiI,class,public,defined,,False,Implement methods for enzymes with non-palindromic recognition sites.,data,becomes data + a parser; no class port
Restriction,Bio.Restriction.Restriction,FbaI,FbaI,class,public,defined,,False,Implement methods for enzymes with palindromic recognition sites.,data,becomes data + a parser; no class port
Restriction,Bio.Restriction.Restriction,SatI,SatI,class,public,defined,,False,Implement methods for enzymes with palindromic recognition sites.,data,becomes data + a parser; no class port
Restriction,Bio.Restriction.Restriction,RgaI,RgaI,class,public,defined,,False,Implement methods for enzymes with palindromic recognition sites.,data,becomes data + a parser; no class port
Restriction,Bio.Restriction.Restriction,AbaB8342IV,AbaB8342IV,class,public,defined,,False,Implement methods for enzymes with non-palindromic recognition sites.,data,becomes data + a parser; no class port
Restriction,Bio.Restriction.Restriction,Ble402II,Ble402II,class,public,defined,,False,Implement methods for enzymes with non-palindromic recognition sites.,data,becomes data + a parser; no class port
Restriction,Bio.Restriction.Restriction,Rgo13296IV,Rgo13296IV,class,public,defined,,False,Implement methods for enzymes with non-palindromic recognition sites.,data,becomes data + a parser; no class port
Restriction,Bio.Restriction.Restriction,MtuHN878II,MtuHN878II,class,public,defined,,False,Implement methods for enzymes with non-palindromic recognition sites.,data,becomes data + a parser; no class port
Restriction,Bio.Restriction.Restriction,Hin4II,Hin4II,class,public,defined,,False,Implement methods for enzymes with non-palindromic recognition sites.,data,becomes data + a parser; no class port
Restriction,Bio.Restriction.Restriction,AhyRBAHI,AhyRBAHI,class,public,defined,,False,Implement methods for enzymes with non-palindromic recognition sites.,data,becomes data + a parser; no class port
Restriction,Bio.Restriction.Restriction,AluBI,AluBI,class,public,defined,,False,Implement methods for enzymes with palindromic recognition sites.,data,becomes data + a parser; no class port
Restriction,Bio.Restriction.Restriction,BstC8I,BstC8I,class,public,defined,,False,Implement methods for enzymes with palindromic recognition sites.,data,becomes data + a parser; no class port
Restriction,Bio.Restriction.Restriction,Hpy8I,Hpy8I,class,public,defined,,False,Implement methods for enzymes with palindromic recognition sites.,data,becomes data + a parser; no class port
Restriction,Bio.Restriction.Restriction,KroNI,KroNI,class,public,defined,,False,Implement methods for enzymes with palindromic recognition sites.,data,becomes data + a parser; no class port
Restriction,Bio.Restriction.Restriction,MluI,MluI,class,public,defined,,False,Implement methods for enzymes with palindromic recognition sites.,data,becomes data + a parser; no class port
Restriction,Bio.Restriction.Restriction,BstEII,BstEII,class,public,defined,,False,Implement methods for enzymes with palindromic recognition sites.,data,becomes data + a parser; no class port
Restriction,Bio.Restriction.Restriction,AmaCSI,AmaCSI,class,public,defined,,False,Implement methods for enzymes with non-palindromic recognition sites.,data,becomes data + a parser; no class port
Restriction,Bio.Restriction.Restriction,BciVI,BciVI,class,public,defined,,False,Implement methods for enzymes with non-palindromic recognition sites.,data,becomes data + a parser; no class port
Restriction,Bio.Restriction.Restriction,PspXI,PspXI,class,public,defined,,False,Implement methods for enzymes with palindromic recognition sites.,data,becomes data + a parser; no class port
Restriction,Bio.Restriction.Restriction,ScrFI,ScrFI,class,public,defined,,False,Implement methods for enzymes with palindromic recognition sites.,data,becomes data + a parser; no class port
Restriction,Bio.Restriction.Restriction,Bst2UI,Bst2UI,class,public,defined,,False,Implement methods for enzymes with palindromic recognition sites.,data,becomes data + a parser; no class port
Restriction,Bio.Restriction.Restriction,KpnI,KpnI,class,public,defined,,False,Implement methods for enzymes with palindromic recognition sites.,data,becomes data + a parser; no class port
Restriction,Bio.Restriction.Restriction,Bst4CI,Bst4CI,class,public,defined,,False,Implement methods for enzymes with palindromic recognition sites.,data,becomes data + a parser; no class port
Restriction,Bio.Restriction.Restriction,Cgl13032I,Cgl13032I,class,public,defined,,False,Implement methods for enzymes with non-palindromic recognition sites.,data,becomes data + a parser; no class port
Restriction,Bio.Restriction.Restriction,EcoNIH6II,EcoNIH6II,class,public,defined,,False,Implement methods for enzymes with non-palindromic recognition sites.,data,becomes data + a parser; no class port
Restriction,Bio.Restriction.Restriction,Gru56503II,Gru56503II,class,public,defined,,False,Implement methods for enzymes with non-palindromic recognition sites.,data,becomes data + a parser; no class port
Restriction,Bio.Restriction.Restriction,CjeP659IV,CjeP659IV,class,public,defined,,False,Implement methods for enzymes with non-palindromic recognition sites.,data,becomes data + a parser; no class port
Restriction,Bio.Restriction.Restriction,DsaI,DsaI,class,public,defined,,False,Implement methods for enzymes with palindromic recognition sites.,data,becomes data + a parser; no class port
Restriction,Bio.Restriction.Restriction,DraI,DraI,class,public,defined,,False,Implement methods for enzymes with palindromic recognition sites.,data,becomes data + a parser; no class port
Restriction,Bio.Restriction.Restriction,BstSNI,BstSNI,class,public,defined,,False,Implement methods for enzymes with palindromic recognition sites.,data,becomes data + a parser; no class port
Restriction,Bio.Restriction.Restriction,Sen6480IV,Sen6480IV,class,public,defined,,False,Implement methods for enzymes with non-palindromic recognition sites.,data,becomes data + a parser; no class port
Restriction,Bio.Restriction.Restriction,Xca85IV,Xca85IV,class,public,defined,,False,Implement methods for enzymes with non-palindromic recognition sites.,data,becomes data + a parser; no class port
Restriction,Bio.Restriction.Restriction,FnuDII,FnuDII,class,public,defined,,False,Implement methods for enzymes with palindromic recognition sites.,data,becomes data + a parser; no class port
Restriction,Bio.Restriction.Restriction,BmgBI,BmgBI,class,public,defined,,False,Implement methods for enzymes with non-palindromic recognition sites.,data,becomes data + a parser; no class port
Restriction,Bio.Restriction.Restriction,Eco52I,Eco52I,class,public,defined,,False,Implement methods for enzymes with palindromic recognition sites.,data,becomes data + a parser; no class port
Restriction,Bio.Restriction.Restriction,BshNI,BshNI,class,public,defined,,False,Implement methods for enzymes with palindromic recognition sites.,data,becomes data + a parser; no class port
Restriction,Bio.Restriction.Restriction,PsyI,PsyI,class,public,defined,,False,Implement methods for enzymes with palindromic recognition sites.,data,becomes data + a parser; no class port
Restriction,Bio.Restriction.Restriction,Psp124BI,Psp124BI,class,public,defined,,False,Implement methods for enzymes with palindromic recognition sites.,data,becomes data + a parser; no class port
Restriction,Bio.Restriction.Restriction,Rer8036II,Rer8036II,class,public,defined,,False,Implement methods for enzymes with non-palindromic recognition sites.,data,becomes data + a parser; no class port
Restriction,Bio.Restriction.Restriction,MspI7IV,MspI7IV,class,public,defined,,False,Implement methods for enzymes with non-palindromic recognition sites.,data,becomes data + a parser; no class port
Restriction,Bio.Restriction.Restriction,Cje54107III,Cje54107III,class,public,defined,,False,Implement methods for enzymes with non-palindromic recognition sites.,data,becomes data + a parser; no class port
Restriction,Bio.Restriction.Restriction,HspMHR1II,HspMHR1II,class,public,defined,,False,Implement methods for enzymes with non-palindromic recognition sites.,data,becomes data + a parser; no class port
Restriction,Bio.Restriction.Restriction,Kro7512II,Kro7512II,class,public,defined,,False,Implement methods for enzymes with non-palindromic recognition sites.,data,becomes data + a parser; no class port
Restriction,Bio.Restriction.Restriction,MboI,MboI,class,public,defined,,False,Implement methods for enzymes with palindromic recognition sites.,data,becomes data + a parser; no class port
Restriction,Bio.Restriction.Restriction,AleI,AleI,class,public,defined,,False,Implement methods for enzymes with palindromic recognition sites.,data,becomes data + a parser; no class port
Restriction,Bio.Restriction.Restriction,Hpy166II,Hpy166II,class,public,defined,,False,Implement methods for enzymes with palindromic recognition sites.,data,becomes data + a parser; no class port
Restriction,Bio.Restriction.Restriction,BsoBI,BsoBI,class,public,defined,,False,Implement methods for enzymes with palindromic recognition sites.,data,becomes data + a parser; no class port
Restriction,Bio.Restriction.Restriction,VpaSKIII,VpaSKIII,class,public,defined,,False,Implement methods for enzymes with non-palindromic recognition sites.,data,becomes data + a parser; no class port
Restriction,Bio.Restriction.Restriction,TspGWI,TspGWI,class,public,defined,,False,Implement methods for enzymes with non-palindromic recognition sites.,data,becomes data + a parser; no class port
Restriction,Bio.Restriction.Restriction,AbaSI,AbaSI,class,public,defined,,False,Implement methods for enzymes with non-palindromic recognition sites.,data,becomes data + a parser; no class port
Restriction,Bio.Restriction.Restriction,Psp1406I,Psp1406I,class,public,defined,,False,Implement methods for enzymes with palindromic recognition sites.,data,becomes data + a parser; no class port
Restriction,Bio.Restriction.Restriction,RsrII,RsrII,class,public,defined,,False,Implement methods for enzymes with palindromic recognition sites.,data,becomes data + a parser; no class port
Restriction,Bio.Restriction.Restriction,HaeII,HaeII,class,public,defined,,False,Implement methods for enzymes with palindromic recognition sites.,data,becomes data + a parser; no class port
Restriction,Bio.Restriction.Restriction,BsiEI,BsiEI,class,public,defined,,False,Implement methods for enzymes with palindromic recognition sites.,data,becomes data + a parser; no class port
Restriction,Bio.Restriction.Restriction,Pin17FIII,Pin17FIII,class,public,defined,,False,Implement methods for enzymes with non-palindromic recognition sites.,data,becomes data + a parser; no class port
Restriction,Bio.Restriction.Restriction,Avi249I,Avi249I,class,public,defined,,False,Implement methods for enzymes with non-palindromic recognition sites.,data,becomes data + a parser; no class port
Restriction,Bio.Restriction.Restriction,Cco11366VI,Cco11366VI,class,public,defined,,False,Implement methods for enzymes with non-palindromic recognition sites.,data,becomes data + a parser; no class port
Restriction,Bio.Restriction.Restriction,EcoHSI,EcoHSI,class,public,defined,,False,Implement methods for enzymes with non-palindromic recognition sites.,data,becomes data + a parser; no class port
Restriction,Bio.Restriction.Restriction,Pfl8569I,Pfl8569I,class,public,defined,,False,Implement methods for enzymes with palindromic recognition sites.,data,becomes data + a parser; no class port
Restriction,Bio.Restriction.Restriction,BtsIMutI,BtsIMutI,class,public,defined,,False,Implement methods for enzymes with non-palindromic recognition sites.,data,becomes data + a parser; no class port
Restriction,Bio.Restriction.Restriction,Cac8I,Cac8I,class,public,defined,,False,Implement methods for enzymes with palindromic recognition sites.,data,becomes data + a parser; no class port
Restriction,Bio.Restriction.Restriction,BstFNI,BstFNI,class,public,defined,,False,Implement methods for enzymes with palindromic recognition sites.,data,becomes data + a parser; no class port
Restriction,Bio.Restriction.Restriction,Sdy9603I,Sdy9603I,class,public,defined,,False,Implement methods for enzymes with non-palindromic recognition sites.,data,becomes data + a parser; no class port
Restriction,Bio.Restriction.Restriction,CviRI,CviRI,class,public,defined,,False,Implement methods for enzymes with palindromic recognition sites.,data,becomes data + a parser; no class port
Restriction,Bio.Restriction.Restriction,XhoII,XhoII,class,public,defined,,False,Implement methods for enzymes with palindromic recognition sites.,data,becomes data + a parser; no class port
Restriction,Bio.Restriction.Restriction,AccBSI,AccBSI,class,public,defined,,False,Implement methods for enzymes with non-palindromic recognition sites.,data,becomes data + a parser; no class port
Restriction,Bio.Restriction.Restriction,CspAI,CspAI,class,public,defined,,False,Implement methods for enzymes with palindromic recognition sites.,data,becomes data + a parser; no class port
Restriction,Bio.Restriction.Restriction,BseBI,BseBI,class,public,defined,,False,Implement methods for enzymes with palindromic recognition sites.,data,becomes data + a parser; no class port
Restriction,Bio.Restriction.Restriction,PspEI,PspEI,class,public,defined,,False,Implement methods for enzymes with palindromic recognition sites.,data,becomes data + a parser; no class port
Restriction,Bio.Restriction.Restriction,PaeI,PaeI,class,public,defined,,False,Implement methods for enzymes with palindromic recognition sites.,data,becomes data + a parser; no class port
Restriction,Bio.Restriction.Restriction,Bbr52II,Bbr52II,class,public,defined,,False,Implement methods for enzymes with non-palindromic recognition sites.,data,becomes data + a parser; no class port
Restriction,Bio.Restriction.Restriction,KpnNIH30III,KpnNIH30III,class,public,defined,,False,Implement methods for enzymes with non-palindromic recognition sites.,data,becomes data + a parser; no class port
Restriction,Bio.Restriction.Restriction,MspF392I,MspF392I,class,public,defined,,False,Implement methods for enzymes with non-palindromic recognition sites.,data,becomes data + a parser; no class port
Restriction,Bio.Restriction.Restriction,Bce83I,Bce83I,class,public,defined,,False,Implement methods for enzymes with non-palindromic recognition sites.,data,becomes data + a parser; no class port
Restriction,Bio.Restriction.Restriction,Nli3877I,Nli3877I,class,public,defined,,False,Implement methods for enzymes with palindromic recognition sites.,data,becomes data + a parser; no class port
Restriction,Bio.Restriction.Restriction,KasI,KasI,class,public,defined,,False,Implement methods for enzymes with palindromic recognition sites.,data,becomes data + a parser; no class port
Restriction,Bio.Restriction.Restriction,HpaI,HpaI,class,public,defined,,False,Implement methods for enzymes with palindromic recognition sites.,data,becomes data + a parser; no class port
Restriction,Bio.Restriction.Restriction,FspAI,FspAI,class,public,defined,,False,Implement methods for enzymes with palindromic recognition sites.,data,becomes data + a parser; no class port
Restriction,Bio.Restriction.Restriction,BlpI,BlpI,class,public,defined,,False,Implement methods for enzymes with palindromic recognition sites.,data,becomes data + a parser; no class port
Restriction,Bio.Restriction.Restriction,CchII,CchII,class,public,defined,,False,Implement methods for enzymes with non-palindromic recognition sites.,data,becomes data + a parser; no class port
Restriction,Bio.Restriction.Restriction,Hpy99XIV_mut1,Hpy99XIV_mut1,class,public,defined,,False,Implement methods for enzymes with non-palindromic recognition sites.,data,becomes data + a parser; no class port
Restriction,Bio.Restriction.Restriction,VchE4II,VchE4II,class,public,defined,,False,Implement methods for enzymes with non-palindromic recognition sites.,data,becomes data + a parser; no class port
Restriction,Bio.Restriction.Restriction,NmeAIII,NmeAIII,class,public,defined,,False,Implement methods for enzymes with non-palindromic recognition sites.,data,becomes data + a parser; no class port
Restriction,Bio.Restriction.Restriction,PscI,PscI,class,public,defined,,False,Implement methods for enzymes with palindromic recognition sites.,data,becomes data + a parser; no class port
Restriction,Bio.Restriction.Restriction,PspGI,PspGI,class,public,defined,,False,Implement methods for enzymes with palindromic recognition sites.,data,becomes data + a parser; no class port
Restriction,Bio.Restriction.Restriction,Cfr42I,Cfr42I,class,public,defined,,False,Implement methods for enzymes with palindromic recognition sites.,data,becomes data + a parser; no class port
Restriction,Bio.Restriction.Restriction,BseSI,BseSI,class,public,defined,,False,Implement methods for enzymes with palindromic recognition sites.,data,becomes data + a parser; no class port
Restriction,Bio.Restriction.Restriction,PfrJS15III,PfrJS15III,class,public,defined,,False,Implement methods for enzymes with non-palindromic recognition sites.,data,becomes data + a parser; no class port
Restriction,Bio.Restriction.Restriction,Asu14238IV,Asu14238IV,class,public,defined,,False,Implement methods for enzymes with non-palindromic recognition sites.,data,becomes data + a parser; no class port
Restriction,Bio.Restriction.Restriction,CcaP7V,CcaP7V,class,public,defined,,False,Implement methods for enzymes with non-palindromic recognition sites.,data,becomes data + a parser; no class port
Restriction,Bio.Restriction.Restriction,Eco43896II,Eco43896II,class,public,defined,,False,Implement methods for enzymes with non-palindromic recognition sites.,data,becomes data + a parser; no class port
Restriction,Bio.Restriction.Restriction,FspPK15I,FspPK15I,class,public,defined,,False,Implement methods for enzymes with non-palindromic recognition sites.,data,becomes data + a parser; no class port
Restriction,Bio.Restriction.Restriction,Sag901I,Sag901I,class,public,defined,,False,Implement methods for enzymes with non-palindromic recognition sites.,data,becomes data + a parser; no class port
Restriction,Bio.Restriction.Restriction,BsuI,BsuI,class,public,defined,,False,Implement methods for enzymes with non-palindromic recognition sites.,data,becomes data + a parser; no class port
Restriction,Bio.Restriction.Restriction,Bst1107I,Bst1107I,class,public,defined,,False,Implement methods for enzymes with palindromic recognition sites.,data,becomes data + a parser; no class port
Restriction,Bio.Restriction.Restriction,Sdy5370I,Sdy5370I,class,public,defined,,False,Implement methods for enzymes with non-palindromic recognition sites.,data,becomes data + a parser; no class port
Restriction,Bio.Restriction.Restriction,HauII,HauII,class,public,defined,,False,Implement methods for enzymes with palindromic recognition sites.,data,becomes data + a parser; no class port
Restriction,Bio.Restriction.Restriction,BspMII,BspMII,class,public,defined,,False,Implement methods for enzymes with palindromic recognition sites.,data,becomes data + a parser; no class port
Restriction,Bio.Restriction.Restriction,TspDTI,TspDTI,class,public,defined,,False,Implement methods for enzymes with non-palindromic recognition sites.,data,becomes data + a parser; no class port
Restriction,Bio.Restriction.Restriction,CciNI,CciNI,class,public,defined,,False,Implement methods for enzymes with palindromic recognition sites.,data,becomes data + a parser; no class port
Restriction,Bio.Restriction.Restriction,BpuMI,BpuMI,class,public,defined,,False,Implement methods for enzymes with palindromic recognition sites.,data,becomes data + a parser; no class port
Restriction,Bio.Restriction.Restriction,Psp5II,Psp5II,class,public,defined,,False,Implement methods for enzymes with palindromic recognition sites.,data,becomes data + a parser; no class port
Restriction,Bio.Restriction.Restriction,Mph1103I,Mph1103I,class,public,defined,,False,Implement methods for enzymes with palindromic recognition sites.,data,becomes data + a parser; no class port
Restriction,Bio.Restriction.Restriction,BanLI,BanLI,class,public,defined,,False,Implement methods for enzymes with non-palindromic recognition sites.,data,becomes data + a parser; no class port
Restriction,Bio.Restriction.Restriction,Mla10359I,Mla10359I,class,public,defined,,False,Implement methods for enzymes with non-palindromic recognition sites.,data,becomes data + a parser; no class port
Restriction,Bio.Restriction.Restriction,NgoAVII,NgoAVII,class,public,defined,,False,Implement methods for enzymes with non-palindromic recognition sites.,data,becomes data + a parser; no class port
Restriction,Bio.Restriction.Restriction,HgiJII,HgiJII,class,public,defined,,False,Implement methods for enzymes with palindromic recognition sites.,data,becomes data + a parser; no class port
Restriction,Bio.Restriction.Restriction,Lpn11417II,Lpn11417II,class,public,defined,,False,Implement methods for enzymes with non-palindromic recognition sites.,data,becomes data + a parser; no class port
Restriction,Bio.Restriction.Restriction,HpyCH4IV,HpyCH4IV,class,public,defined,,False,Implement methods for enzymes with palindromic recognition sites.,data,becomes data + a parser; no class port
Restriction,Bio.Restriction.Restriction,EheI,EheI,class,public,defined,,False,Implement methods for enzymes with palindromic recognition sites.,data,becomes data + a parser; no class port
Restriction,Bio.Restriction.Restriction,BfrI,BfrI,class,public,defined,,False,Implement methods for enzymes with palindromic recognition sites.,data,becomes data + a parser; no class port
Restriction,Bio.Restriction.Restriction,BanI,BanI,class,public,defined,,False,Implement methods for enzymes with palindromic recognition sites.,data,becomes data + a parser; no class port
Restriction,Bio.Restriction.Restriction,TspARh3I,TspARh3I,class,public,defined,,False,Implement methods for enzymes with non-palindromic recognition sites.,data,becomes data + a parser; no class port
Restriction,Bio.Restriction.Restriction,Dde51507I,Dde51507I,class,public,defined,,False,Implement methods for enzymes with palindromic recognition sites.,data,becomes data + a parser; no class port
Restriction,Bio.Restriction.Restriction,SnaI,SnaI,class,public,defined,,False,Implement methods for enzymes with palindromic recognition sites.,data,becomes data + a parser; no class port
SCOP,Bio.SCOP,cmp_sccs,cmp_sccs,function,public,defined,"(sccs1, sccs2)",False,Order SCOP concise classification strings (sccs).,parity,"drop-in compatibility; small surface, no large win expected"
SCOP,Bio.SCOP,parse_domain,parse_domain,function,public,defined,(term),False,Convert an ASTRAL header string into a Scop domain.,parity,"drop-in compatibility; small surface, no large win expected"
SCOP,Bio.SCOP,Scop,Scop,class,public,defined,,False,The entire SCOP hierarchy.,parity,"drop-in compatibility; small surface, no large win expected"
SCOP,Bio.SCOP,getRoot,Scop.getRoot,method,public,defined,(self),False,Get root node.,parity,"drop-in compatibility; small surface, no large win expected"
SCOP,Bio.SCOP,getDomainBySid,Scop.getDomainBySid,method,public,defined,"(self, sid)",False,Return a domain from its sid.,parity,"drop-in compatibility; small surface, no large win expected"
SCOP,Bio.SCOP,getNodeBySunid,Scop.getNodeBySunid,method,public,defined,"(self, sunid)",False,Return a node from its sunid.,parity,"drop-in compatibility; small surface, no large win expected"
SCOP,Bio.SCOP,getDomains,Scop.getDomains,method,public,defined,(self),False,Return an ordered tuple of all SCOP Domains.,parity,"drop-in compatibility; small surface, no large win expected"
SCOP,Bio.SCOP,write_hie,Scop.write_hie,method,public,defined,"(self, handle)",False,Build an HIE SCOP parsable file from this object.,parity,"drop-in compatibility; small surface, no large win expected"
SCOP,Bio.SCOP,write_des,Scop.write_des,method,public,defined,"(self, handle)",False,Build a DES SCOP parsable file from this object.,parity,"drop-in compatibility; small surface, no large win expected"
SCOP,Bio.SCOP,write_cla,Scop.write_cla,method,public,defined,"(self, handle)",False,Build a CLA SCOP parsable file from this object.,parity,"drop-in compatibility; small surface, no large win expected"
SCOP,Bio.SCOP,getDomainFromSQL,Scop.getDomainFromSQL,method,public,defined,"(self, sunid=None, sid=None)",False,Load a node from the SQL backend using sunid or sid.,parity,"drop-in compatibility; small surface, no large win expected"
SCOP,Bio.SCOP,getAscendentFromSQL,Scop.getAscendentFromSQL,method,public,defined,"(self, node, type)",False,Get ascendents using SQL backend.,parity,"drop-in compatibility; small surface, no large win expected"
SCOP,Bio.SCOP,getDescendentsFromSQL,Scop.getDescendentsFromSQL,method,public,defined,"(self, node, type)",False,Get descendents of a node using the database backend.,parity,"drop-in compatibility; small surface, no large win expected"
SCOP,Bio.SCOP,write_hie_sql,Scop.write_hie_sql,method,public,defined,"(self, handle)",False,Write HIE data to SQL database.,parity,"drop-in compatibility; small surface, no large win expected"
SCOP,Bio.SCOP,write_cla_sql,Scop.write_cla_sql,method,public,defined,"(self, handle)",False,Write CLA data to SQL database.,parity,"drop-in compatibility; small surface, no large win expected"
SCOP,Bio.SCOP,write_des_sql,Scop.write_des_sql,method,public,defined,"(self, handle)",False,Write DES data to SQL database.,parity,"drop-in compatibility; small surface, no large win expected"
SCOP,Bio.SCOP,Node,Node,class,public,defined,,False,A node in the Scop hierarchy.,parity,"drop-in compatibility; small surface, no large win expected"
SCOP,Bio.SCOP,toHieRecord,Node.toHieRecord,method,public,defined,(self),False,Return an Hie.Record.,parity,"drop-in compatibility; small surface, no large win expected"
SCOP,Bio.SCOP,toDesRecord,Node.toDesRecord,method,public,defined,(self),False,Return a Des.Record.,parity,"drop-in compatibility; small surface, no large win expected"
SCOP,Bio.SCOP,getChildren,Node.getChildren,method,public,defined,(self),False,Return a list of children of this Node.,parity,"drop-in compatibility; small surface, no large win expected"
SCOP,Bio.SCOP,getParent,Node.getParent,method,public,defined,(self),False,Return the parent of this Node.,parity,"drop-in compatibility; small surface, no large win expected"
SCOP,Bio.SCOP,getDescendents,Node.getDescendents,method,public,defined,"(self, node_type)",False,Return a list of all descendant nodes of the given type.,parity,"drop-in compatibility; small surface, no large win expected"
SCOP,Bio.SCOP,getAscendent,Node.getAscendent,method,public,defined,"(self, node_type)",False,"Return the ancenstor node of the given type, or None.",parity,"drop-in compatibility; small surface, no large win expected"
SCOP,Bio.SCOP,Domain,Domain,class,public,defined,,False,A SCOP domain. A leaf node in the Scop hierarchy.,parity,"drop-in compatibility; small surface, no large win expected"
SCOP,Bio.SCOP,toDesRecord,Domain.toDesRecord,method,public,defined,(self),False,Return a Des.Record.,parity,"drop-in compatibility; small surface, no large win expected"
SCOP,Bio.SCOP,toClaRecord,Domain.toClaRecord,method,public,defined,(self),False,Return a Cla.Record.,parity,"drop-in compatibility; small surface, no large win expected"
SCOP,Bio.SCOP,Astral,Astral,class,public,defined,,False,Representation of the ASTRAL database.,parity,"drop-in compatibility; small surface, no large win expected"
SCOP,Bio.SCOP,domainsClusteredByEv,Astral.domainsClusteredByEv,method,public,defined,"(self, id)",False,Get domains clustered by evalue.,parity,"drop-in compatibility; small surface, no large win expected"
SCOP,Bio.SCOP,domainsClusteredById,Astral.domainsClusteredById,method,public,defined,"(self, id)",False,Get domains clustered by percentage identity.,parity,"drop-in compatibility; small surface, no large win expected"
SCOP,Bio.SCOP,getAstralDomainsFromFile,Astral.getAstralDomainsFromFile,method,public,defined,"(self, filename=None, file_handle=None)",False,Get the scop domains from a file containing a list of sids.,parity,"drop-in compatibility; small surface, no large win expected"
SCOP,Bio.SCOP,getAstralDomainsFromSQL,Astral.getAstralDomainsFromSQL,method,public,defined,"(self, column)",False,Load ASTRAL domains from the MySQL database.,parity,"drop-in compatibility; small surface, no large win expected"
SCOP,Bio.SCOP,getSeqBySid,Astral.getSeqBySid,method,public,defined,"(self, domain)",False,Get the seq record of a given domain from its sid.,parity,"drop-in compatibility; small surface, no large win expected"
SCOP,Bio.SCOP,getSeq,Astral.getSeq,method,public,defined,"(self, domain)",False,Return seq associated with domain.,parity,"drop-in compatibility; small surface, no large win expected"
SCOP,Bio.SCOP,hashedDomainsById,Astral.hashedDomainsById,method,public,defined,"(self, id)",False,Get domains clustered by sequence identity in a dict.,parity,"drop-in compatibility; small surface, no large win expected"
SCOP,Bio.SCOP,hashedDomainsByEv,Astral.hashedDomainsByEv,method,public,defined,"(self, id)",False,Get domains clustered by evalue in a dict.,parity,"drop-in compatibility; small surface, no large win expected"
SCOP,Bio.SCOP,isDomainInId,Astral.isDomainInId,method,public,defined,"(self, dom, id)",False,Return true if the domain is in the astral clusters for percent ID.,parity,"drop-in compatibility; small surface, no large win expected"
SCOP,Bio.SCOP,isDomainInEv,Astral.isDomainInEv,method,public,defined,"(self, dom, id)",False,Return true if the domain is in the ASTRAL clusters for evalues.,parity,"drop-in compatibility; small surface, no large win expected"
SCOP,Bio.SCOP,writeToSQL,Astral.writeToSQL,method,public,defined,"(self, db_handle)",False,Write the ASTRAL database to a MYSQL database.,parity,"drop-in compatibility; small surface, no large win expected"
SCOP,Bio.SCOP.Cla,Record,Record,class,public,defined,,False,Holds information for one SCOP domain.,parity,"drop-in compatibility; small surface, no large win expected"
SCOP,Bio.SCOP.Cla,parse,parse,function,public,defined,(handle),False,Iterate over a CLA file as Cla records for each line.,parity,"drop-in compatibility; small surface, no large win expected"
SCOP,Bio.SCOP.Cla,Index,Index,class,public,defined,,False,A CLA file indexed by SCOP identifiers for rapid random access.,parity,"drop-in compatibility; small surface, no large win expected"
SCOP,Bio.SCOP.Des,Record,Record,class,public,defined,,False,Holds information for one node in the SCOP hierarchy.,parity,"drop-in compatibility; small surface, no large win expected"
SCOP,Bio.SCOP.Des,parse,parse,function,public,defined,(handle),False,Iterate over a DES file as a Des record for each line.,parity,"drop-in compatibility; small surface, no large win expected"
SCOP,Bio.SCOP.Dom,Record,Record,class,public,defined,,False,Holds information for one SCOP domain.,parity,"drop-in compatibility; small surface, no large win expected"
SCOP,Bio.SCOP.Dom,parse,parse,function,public,defined,(handle),False,Iterate over a DOM file as a Dom record for each line.,parity,"drop-in compatibility; small surface, no large win expected"
SCOP,Bio.SCOP.Hie,Record,Record,class,public,defined,,False,Holds information for one node in the SCOP hierarchy.,parity,"drop-in compatibility; small surface, no large win expected"
SCOP,Bio.SCOP.Hie,parse,parse,function,public,defined,(handle),False,Iterate over a HIE file as Hie records for each line.,parity,"drop-in compatibility; small surface, no large win expected"
SCOP,Bio.SCOP.Raf,normalize_letters,normalize_letters,function,public,defined,(one_letter_code),False,Convert RAF one-letter amino acid codes into IUPAC standard codes.,parity,"drop-in compatibility; small surface, no large win expected"
SCOP,Bio.SCOP.Raf,SeqMapIndex,SeqMapIndex,class,public,defined,,False,An RAF file index.,parity,"drop-in compatibility; small surface, no large win expected"
SCOP,Bio.SCOP.Raf,getSeqMap,SeqMapIndex.getSeqMap,method,public,defined,"(self, residues)",False,Get the sequence map for a collection of residues.,parity,"drop-in compatibility; small surface, no large win expected"
SCOP,Bio.SCOP.Raf,SeqMap,SeqMap,class,public,defined,,False,An ASTRAL RAF (Rapid Access Format) Sequence Map.,parity,"drop-in compatibility; small surface, no large win expected"
SCOP,Bio.SCOP.Raf,index,SeqMap.index,method,public,defined,"(self, resid, chainid='_')",False,Return the index of the SeqMap for the given resid and chainid.,parity,"drop-in compatibility; small surface, no large win expected"
SCOP,Bio.SCOP.Raf,append,SeqMap.append,method,public,defined,"(self, res)",False,Append another Res object onto the list of residue mappings.,parity,"drop-in compatibility; small surface, no large win expected"
SCOP,Bio.SCOP.Raf,extend,SeqMap.extend,method,public,defined,"(self, other)",False,Append another SeqMap onto the end of self.,parity,"drop-in compatibility; small surface, no large win expected"
SCOP,Bio.SCOP.Raf,getAtoms,SeqMap.getAtoms,method,public,defined,"(self, pdb_handle, out_handle)",False,Extract all relevant ATOM and HETATOM records from a PDB file.,parity,"drop-in compatibility; small surface, no large win expected"
SCOP,Bio.SCOP.Raf,Res,Res,class,public,defined,,False,A single residue mapping from a RAF record.,parity,"drop-in compatibility; small surface, no large win expected"
SCOP,Bio.SCOP.Raf,parse,parse,function,public,defined,(handle),False,"Iterate over RAF file, giving a SeqMap object for each line.",parity,"drop-in compatibility; small surface, no large win expected"
SCOP,Bio.SCOP.Residues,Residues,Residues,class,public,defined,,False,A collection of residues from a PDB structure.,parity,"drop-in compatibility; small surface, no large win expected"
SVDSuperimposer,Bio.SVDSuperimposer,SVDSuperimposer,SVDSuperimposer,class,public,defined,,False,Class to run SVD alignment.,parity,"drop-in compatibility; small surface, no large win expected"
SVDSuperimposer,Bio.SVDSuperimposer,set,SVDSuperimposer.set,method,public,defined,"(self, reference_coords, coords)",False,Set the coordinates to be superimposed.,parity,"drop-in compatibility; small surface, no large win expected"
SVDSuperimposer,Bio.SVDSuperimposer,run,SVDSuperimposer.run,method,public,defined,(self),False,Superimpose the coordinate sets.,parity,"drop-in compatibility; small surface, no large win expected"
SVDSuperimposer,Bio.SVDSuperimposer,get_transformed,SVDSuperimposer.get_transformed,method,public,defined,(self),False,Get the transformed coordinate set.,parity,"drop-in compatibility; small surface, no large win expected"
SVDSuperimposer,Bio.SVDSuperimposer,get_rotran,SVDSuperimposer.get_rotran,method,public,defined,(self),False,Right multiplying rotation matrix and translation.,parity,"drop-in compatibility; small surface, no large win expected"
SVDSuperimposer,Bio.SVDSuperimposer,get_init_rms,SVDSuperimposer.get_init_rms,method,public,defined,(self),False,Root mean square deviation of untransformed coordinates.,parity,"drop-in compatibility; small surface, no large win expected"
SVDSuperimposer,Bio.SVDSuperimposer,get_rms,SVDSuperimposer.get_rms,method,public,defined,(self),False,Root mean square deviation of superimposed coordinates.,parity,"drop-in compatibility; small surface, no large win expected"
SearchIO,Bio.SearchIO,parse,parse,function,public,defined,"(handle, format=None, **kwargs)",False,Iterate over search tool output file as QueryResult objects.,parity,"drop-in compatibility; small surface, no large win expected"
SearchIO,Bio.SearchIO,read,read,function,public,defined,"(handle, format=None, **kwargs)",False,Turn a search output file containing one query into a single QueryResult.,parity,"drop-in compatibility; small surface, no large win expected"
SearchIO,Bio.SearchIO,to_dict,to_dict,function,public,defined,"(qresults, key_function=None)",False,Turn a QueryResult iterator or list into a dictionary.,parity,"drop-in compatibility; small surface, no large win expected"
SearchIO,Bio.SearchIO,index,index,function,public,defined,"(filename, format=None, key_function=None, **kwargs)",False,Indexes a search output file and returns a dictionary-like object.,parity,"drop-in compatibility; small surface, no large win expected"
SearchIO,Bio.SearchIO,index_db,index_db,function,public,defined,"(index_filename, filenames=None, format=None, key_function=None, **kwargs)",False,Indexes several search output files into an SQLite database.,parity,"drop-in compatibility; small surface, no large win expected"
SearchIO,Bio.SearchIO,write,write,function,public,defined,"(qresults, handle, format=None, **kwargs)",False,Write QueryResult objects to a file in the given format.,parity,"drop-in compatibility; small surface, no large win expected"
SearchIO,Bio.SearchIO,convert,convert,function,public,defined,"(in_file, in_format, out_file, out_format, in_kwargs=None, out_kwargs=None)",False,"Convert between two search output formats, return number of records.",parity,"drop-in compatibility; small surface, no large win expected"
SearchIO,Bio.SearchIO.BlastIO.blast_tab,BlastTabParser,BlastTabParser,class,public,defined,,False,Parser for the BLAST tabular format.,parity,"drop-in compatibility; small surface, no large win expected"
SearchIO,Bio.SearchIO.BlastIO.blast_tab,BlastTabIndexer,BlastTabIndexer,class,public,defined,,False,Indexer class for BLAST+ tab output.,parity,"drop-in compatibility; small surface, no large win expected"
SearchIO,Bio.SearchIO.BlastIO.blast_tab,get_raw,BlastTabIndexer.get_raw,method,public,defined,"(self, offset)",False,Return the raw bytes string of a QueryResult object from the given offset.,parity,"drop-in compatibility; small surface, no large win expected"
SearchIO,Bio.SearchIO.BlastIO.blast_tab,BlastTabWriter,BlastTabWriter,class,public,defined,,False,Writer for blast-tab output format.,parity,"drop-in compatibility; small surface, no large win expected"
SearchIO,Bio.SearchIO.BlastIO.blast_tab,write_file,BlastTabWriter.write_file,method,public,defined,"(self, qresults)",False,"Write to the handle, return how many QueryResult objects were written.",parity,"drop-in compatibility; small surface, no large win expected"
SearchIO,Bio.SearchIO.BlastIO.blast_xml,BlastXmlParser,BlastXmlParser,class,public,defined,,False,Parser for the BLAST XML format.,parity,"drop-in compatibility; small surface, no large win expected"
SearchIO,Bio.SearchIO.BlastIO.blast_xml,BlastXmlIndexer,BlastXmlIndexer,class,public,defined,,False,Indexer class for BLAST XML output.,parity,"drop-in compatibility; small surface, no large win expected"
SearchIO,Bio.SearchIO.BlastIO.blast_xml,get_raw,BlastXmlIndexer.get_raw,method,public,defined,"(self, offset)",False,Return the raw record from the file as a bytes string.,parity,"drop-in compatibility; small surface, no large win expected"
SearchIO,Bio.SearchIO.BlastIO.blast_xml,startDocument,_BlastXmlGenerator.startDocument,method,public,defined,(self),False,Start the XML document.,parity,"drop-in compatibility; small surface, no large win expected"
SearchIO,Bio.SearchIO.BlastIO.blast_xml,startElement,_BlastXmlGenerator.startElement,method,public,defined,"(self, name, attrs=None, children=False)",False,Start an XML element.,parity,"drop-in compatibility; small surface, no large win expected"
SearchIO,Bio.SearchIO.BlastIO.blast_xml,endElement,_BlastXmlGenerator.endElement,method,public,defined,"(self, name)",False,End and XML element of the given name.,parity,"drop-in compatibility; small surface, no large win expected"
SearchIO,Bio.SearchIO.BlastIO.blast_xml,startParent,_BlastXmlGenerator.startParent,method,public,defined,"(self, name, attrs=None)",False,Start an XML element which has children.,parity,"drop-in compatibility; small surface, no large win expected"
SearchIO,Bio.SearchIO.BlastIO.blast_xml,endParent,_BlastXmlGenerator.endParent,method,public,defined,(self),False,End an XML element with children.,parity,"drop-in compatibility; small surface, no large win expected"
SearchIO,Bio.SearchIO.BlastIO.blast_xml,startParents,_BlastXmlGenerator.startParents,method,public,defined,"(self, *names)",False,Start XML elements without children.,parity,"drop-in compatibility; small surface, no large win expected"
SearchIO,Bio.SearchIO.BlastIO.blast_xml,endParents,_BlastXmlGenerator.endParents,method,public,defined,"(self, num)",False,"End XML elements, according to the given number.",parity,"drop-in compatibility; small surface, no large win expected"
SearchIO,Bio.SearchIO.BlastIO.blast_xml,simpleElement,_BlastXmlGenerator.simpleElement,method,public,defined,"(self, name, content=None)",False,Create an XML element without children with the given content.,parity,"drop-in compatibility; small surface, no large win expected"
SearchIO,Bio.SearchIO.BlastIO.blast_xml,characters,_BlastXmlGenerator.characters,method,public,defined,"(self, content)",False,Replace quotes and apostrophe.,parity,"drop-in compatibility; small surface, no large win expected"
SearchIO,Bio.SearchIO.BlastIO.blast_xml,BlastXmlWriter,BlastXmlWriter,class,public,defined,,False,Stream-based BLAST+ XML Writer.,parity,"drop-in compatibility; small surface, no large win expected"
SearchIO,Bio.SearchIO.BlastIO.blast_xml,write_file,BlastXmlWriter.write_file,method,public,defined,"(self, qresults)",False,Write the XML contents to the output handle.,parity,"drop-in compatibility; small surface, no large win expected"
SearchIO,Bio.SearchIO.BlatIO,BlatPslParser,BlatPslParser,class,public,defined,,False,Parser for the BLAT PSL format.,parity,"drop-in compatibility; small surface, no large win expected"
SearchIO,Bio.SearchIO.BlatIO,BlatPslIndexer,BlatPslIndexer,class,public,defined,,False,Indexer class for BLAT PSL output.,parity,"drop-in compatibility; small surface, no large win expected"
SearchIO,Bio.SearchIO.BlatIO,get_raw,BlatPslIndexer.get_raw,method,public,defined,"(self, offset)",False,Return raw bytes string of a QueryResult object from the given offset.,parity,"drop-in compatibility; small surface, no large win expected"
SearchIO,Bio.SearchIO.BlatIO,BlatPslWriter,BlatPslWriter,class,public,defined,,False,Writer for the blat-psl format.,parity,"drop-in compatibility; small surface, no large win expected"
SearchIO,Bio.SearchIO.BlatIO,write_file,BlatPslWriter.write_file,method,public,defined,"(self, qresults)",False,Write query results to file.,parity,"drop-in compatibility; small surface, no large win expected"
SearchIO,Bio.SearchIO.ExonerateIO._base,read_until,_BaseExonerateParser.read_until,method,public,defined,"(self, bool_func)",False,Read the file handle until the given bool function returns True.,parity,"drop-in compatibility; small surface, no large win expected"
SearchIO,Bio.SearchIO.ExonerateIO._base,parse_alignment_block,_BaseExonerateParser.parse_alignment_block,method,public,defined,"(self, header)",False,,parity,"drop-in compatibility; small surface, no large win expected"
SearchIO,Bio.SearchIO.ExonerateIO._base,get_qresult_id,_BaseExonerateIndexer.get_qresult_id,method,public,defined,"(self, pos)",False,,parity,"drop-in compatibility; small surface, no large win expected"
SearchIO,Bio.SearchIO.ExonerateIO.exonerate_cigar,ExonerateCigarParser,ExonerateCigarParser,class,public,defined,,False,Parser for Exonerate cigar strings.,parity,"drop-in compatibility; small surface, no large win expected"
SearchIO,Bio.SearchIO.ExonerateIO.exonerate_cigar,parse_alignment_block,ExonerateCigarParser.parse_alignment_block,method,public,defined,"(self, header)",False,"Parse alignment block for cigar format, return query results, hits, hsps.",parity,"drop-in compatibility; small surface, no large win expected"
SearchIO,Bio.SearchIO.ExonerateIO.exonerate_cigar,ExonerateCigarIndexer,ExonerateCigarIndexer,class,public,defined,,False,Indexer class for exonerate cigar lines.,parity,"drop-in compatibility; small surface, no large win expected"
SearchIO,Bio.SearchIO.ExonerateIO.exonerate_cigar,get_qresult_id,ExonerateCigarIndexer.get_qresult_id,method,public,defined,"(self, pos)",False,Return the query ID of the nearest cigar line.,parity,"drop-in compatibility; small surface, no large win expected"
SearchIO,Bio.SearchIO.ExonerateIO.exonerate_text,ExonerateTextParser,ExonerateTextParser,class,public,defined,,False,Parser for Exonerate plain text output.,parity,"drop-in compatibility; small surface, no large win expected"
SearchIO,Bio.SearchIO.ExonerateIO.exonerate_text,parse_alignment_block,ExonerateTextParser.parse_alignment_block,method,public,defined,"(self, header)",False,"Parse alignment block, return query result, hits, hsps.",parity,"drop-in compatibility; small surface, no large win expected"
SearchIO,Bio.SearchIO.ExonerateIO.exonerate_text,ExonerateTextIndexer,ExonerateTextIndexer,class,public,defined,,False,Indexer class for Exonerate plain text.,parity,"drop-in compatibility; small surface, no large win expected"
SearchIO,Bio.SearchIO.ExonerateIO.exonerate_text,get_qresult_id,ExonerateTextIndexer.get_qresult_id,method,public,defined,"(self, pos)",False,"Return the query ID from the nearest ""Query:"" line.",parity,"drop-in compatibility; small surface, no large win expected"
SearchIO,Bio.SearchIO.ExonerateIO.exonerate_text,get_raw,ExonerateTextIndexer.get_raw,method,public,defined,"(self, offset)",False,Return the raw string of a QueryResult object from the given offset.,parity,"drop-in compatibility; small surface, no large win expected"
SearchIO,Bio.SearchIO.ExonerateIO.exonerate_vulgar,parse_vulgar_comp,parse_vulgar_comp,function,public,defined,"(hsp, vulgar_comp)",False,Parse the vulgar components present in the hsp dictionary.,parity,"drop-in compatibility; small surface, no large win expected"
SearchIO,Bio.SearchIO.ExonerateIO.exonerate_vulgar,ExonerateVulgarParser,ExonerateVulgarParser,class,public,defined,,False,Parser for Exonerate vulgar strings.,parity,"drop-in compatibility; small surface, no large win expected"
SearchIO,Bio.SearchIO.ExonerateIO.exonerate_vulgar,parse_alignment_block,ExonerateVulgarParser.parse_alignment_block,method,public,defined,"(self, header)",False,"Parse alignment block for vulgar format, return query results, hits, hsps.",parity,"drop-in compatibility; small surface, no large win expected"
SearchIO,Bio.SearchIO.ExonerateIO.exonerate_vulgar,ExonerateVulgarIndexer,ExonerateVulgarIndexer,class,public,defined,,False,Indexer class for exonerate vulgar lines.,parity,"drop-in compatibility; small surface, no large win expected"
SearchIO,Bio.SearchIO.ExonerateIO.exonerate_vulgar,get_qresult_id,ExonerateVulgarIndexer.get_qresult_id,method,public,defined,"(self, pos)",False,Return the query ID of the nearest vulgar line.,parity,"drop-in compatibility; small surface, no large win expected"
SearchIO,Bio.SearchIO.ExonerateIO.exonerate_vulgar,get_raw,ExonerateVulgarIndexer.get_raw,method,public,defined,"(self, offset)",False,Return the raw bytes string of a QueryResult object from the given offset.,parity,"drop-in compatibility; small surface, no large win expected"
SearchIO,Bio.SearchIO.FastaIO,FastaM10Parser,FastaM10Parser,class,public,defined,,False,Parser for Bill Pearson's FASTA suite's -m 10 output.,parity,"drop-in compatibility; small surface, no large win expected"
SearchIO,Bio.SearchIO.FastaIO,FastaM10Indexer,FastaM10Indexer,class,public,defined,,False,Indexer class for Bill Pearson's FASTA suite's -m 10 output.,parity,"drop-in compatibility; small surface, no large win expected"
SearchIO,Bio.SearchIO.FastaIO,get_raw,FastaM10Indexer.get_raw,method,public,defined,"(self, offset)",False,Return the raw record from the file as a bytes string.,parity,"drop-in compatibility; small surface, no large win expected"
SearchIO,Bio.SearchIO.HHsuiteIO.hhsuite2_text,Hhsuite2TextParser,Hhsuite2TextParser,class,public,defined,,False,Parser for the HHSUITE version 2 and 3 text output.,parity,"drop-in compatibility; small surface, no large win expected"
SearchIO,Bio.SearchIO.HmmerIO._base,get_raw,_BaseHmmerTextIndexer.get_raw,method,public,defined,"(self, offset)",False,Return the raw record from the file as a bytes string.,parity,"drop-in compatibility; small surface, no large win expected"
SearchIO,Bio.SearchIO.HmmerIO.hmmer2_text,createHit,_HitPlaceholder.createHit,method,public,defined,"(self, hsp_list)",False,,parity,"drop-in compatibility; small surface, no large win expected"
SearchIO,Bio.SearchIO.HmmerIO.hmmer2_text,Hmmer2TextParser,Hmmer2TextParser,class,public,defined,,False,Iterator for the HMMER 2.0 text output.,parity,"drop-in compatibility; small surface, no large win expected"
SearchIO,Bio.SearchIO.HmmerIO.hmmer2_text,read_next,Hmmer2TextParser.read_next,method,public,defined,"(self, rstrip=True)",False,"Return the next non-empty line, trailing whitespace removed.",parity,"drop-in compatibility; small surface, no large win expected"
SearchIO,Bio.SearchIO.HmmerIO.hmmer2_text,push_back,Hmmer2TextParser.push_back,method,public,defined,"(self, line)",False,Un-read a line that should not be parsed yet.,parity,"drop-in compatibility; small surface, no large win expected"
SearchIO,Bio.SearchIO.HmmerIO.hmmer2_text,parse_key_value,Hmmer2TextParser.parse_key_value,method,public,defined,(self),False,Parse key-value pair separated by colon.,parity,"drop-in compatibility; small surface, no large win expected"
SearchIO,Bio.SearchIO.HmmerIO.hmmer2_text,parse_preamble,Hmmer2TextParser.parse_preamble,method,public,defined,(self),False,Parse HMMER2 preamble.,parity,"drop-in compatibility; small surface, no large win expected"
SearchIO,Bio.SearchIO.HmmerIO.hmmer2_text,parse_qresult,Hmmer2TextParser.parse_qresult,method,public,defined,(self),False,Parse a HMMER2 query block.,parity,"drop-in compatibility; small surface, no large win expected"
SearchIO,Bio.SearchIO.HmmerIO.hmmer2_text,parse_hits,Hmmer2TextParser.parse_hits,method,public,defined,(self),False,"Parse a HMMER2 hit block, beginning with the hit table.",parity,"drop-in compatibility; small surface, no large win expected"
SearchIO,Bio.SearchIO.HmmerIO.hmmer2_text,parse_hsps,Hmmer2TextParser.parse_hsps,method,public,defined,"(self, hit_placeholders)",False,"Parse a HMMER2 hsp block, beginning with the hsp table.",parity,"drop-in compatibility; small surface, no large win expected"
SearchIO,Bio.SearchIO.HmmerIO.hmmer2_text,parse_hsp_alignments,Hmmer2TextParser.parse_hsp_alignments,method,public,defined,(self),False,Parse a HMMER2 HSP alignment block.,parity,"drop-in compatibility; small surface, no large win expected"
SearchIO,Bio.SearchIO.HmmerIO.hmmer2_text,Hmmer2TextIndexer,Hmmer2TextIndexer,class,public,defined,,False,Indexer for hmmer2-text format.,parity,"drop-in compatibility; small surface, no large win expected"
SearchIO,Bio.SearchIO.HmmerIO.hmmer3_domtab,Hmmer3DomtabParser,Hmmer3DomtabParser,class,public,defined,,False,Base hmmer3-domtab iterator.,parity,"drop-in compatibility; small surface, no large win expected"
SearchIO,Bio.SearchIO.HmmerIO.hmmer3_domtab,Hmmer3DomtabHmmhitParser,Hmmer3DomtabHmmhitParser,class,public,defined,,False,HMMER domain table parser using hit coordinates.,parity,"drop-in compatibility; small surface, no large win expected"
SearchIO,Bio.SearchIO.HmmerIO.hmmer3_domtab,Hmmer3DomtabHmmqueryParser,Hmmer3DomtabHmmqueryParser,class,public,defined,,False,HMMER domain table parser using query coordinates.,parity,"drop-in compatibility; small surface, no large win expected"
SearchIO,Bio.SearchIO.HmmerIO.hmmer3_domtab,Hmmer3DomtabHmmhitIndexer,Hmmer3DomtabHmmhitIndexer,class,public,defined,,False,HMMER domain table indexer using hit coordinates.,parity,"drop-in compatibility; small surface, no large win expected"
SearchIO,Bio.SearchIO.HmmerIO.hmmer3_domtab,Hmmer3DomtabHmmqueryIndexer,Hmmer3DomtabHmmqueryIndexer,class,public,defined,,False,HMMER domain table indexer using query coordinates.,parity,"drop-in compatibility; small surface, no large win expected"
SearchIO,Bio.SearchIO.HmmerIO.hmmer3_domtab,Hmmer3DomtabHmmhitWriter,Hmmer3DomtabHmmhitWriter,class,public,defined,,False,HMMER domain table writer using hit coordinates.,parity,"drop-in compatibility; small surface, no large win expected"
SearchIO,Bio.SearchIO.HmmerIO.hmmer3_domtab,write_file,Hmmer3DomtabHmmhitWriter.write_file,method,public,defined,"(self, qresults)",False,Write to the handle.,parity,"drop-in compatibility; small surface, no large win expected"
SearchIO,Bio.SearchIO.HmmerIO.hmmer3_domtab,Hmmer3DomtabHmmqueryWriter,Hmmer3DomtabHmmqueryWriter,class,public,defined,,False,HMMER domain table writer using query coordinates.,parity,"drop-in compatibility; small surface, no large win expected"
SearchIO,Bio.SearchIO.HmmerIO.hmmer3_tab,Hmmer3TabParser,Hmmer3TabParser,class,public,defined,,False,Parser for the HMMER table format.,parity,"drop-in compatibility; small surface, no large win expected"
SearchIO,Bio.SearchIO.HmmerIO.hmmer3_tab,Hmmer3TabIndexer,Hmmer3TabIndexer,class,public,defined,,False,Indexer class for HMMER table output.,parity,"drop-in compatibility; small surface, no large win expected"
SearchIO,Bio.SearchIO.HmmerIO.hmmer3_tab,get_raw,Hmmer3TabIndexer.get_raw,method,public,defined,"(self, offset)",False,Return the raw bytes string of a QueryResult object from the given offset.,parity,"drop-in compatibility; small surface, no large win expected"
SearchIO,Bio.SearchIO.HmmerIO.hmmer3_tab,Hmmer3TabWriter,Hmmer3TabWriter,class,public,defined,,False,Writer for hmmer3-tab output format.,parity,"drop-in compatibility; small surface, no large win expected"
SearchIO,Bio.SearchIO.HmmerIO.hmmer3_tab,write_file,Hmmer3TabWriter.write_file,method,public,defined,"(self, qresults)",False,Write to the handle.,parity,"drop-in compatibility; small surface, no large win expected"
SearchIO,Bio.SearchIO.HmmerIO.hmmer3_text,Hmmer3TextParser,Hmmer3TextParser,class,public,defined,,False,Parser for the HMMER 3.0 text output.,parity,"drop-in compatibility; small surface, no large win expected"
SearchIO,Bio.SearchIO.HmmerIO.hmmer3_text,Hmmer3TextIndexer,Hmmer3TextIndexer,class,public,defined,,False,Indexer class for HMMER plain text output.,parity,"drop-in compatibility; small surface, no large win expected"
SearchIO,Bio.SearchIO.InfernalIO.infernal_tab,InfernalTabParser,InfernalTabParser,class,public,defined,,False,Parser for the Infernal tabular format.,parity,"drop-in compatibility; small surface, no large win expected"
SearchIO,Bio.SearchIO.InfernalIO.infernal_tab,InfernalTabIndexer,InfernalTabIndexer,class,public,defined,,False,Indexer class for Infernal tabular output.,parity,"drop-in compatibility; small surface, no large win expected"
SearchIO,Bio.SearchIO.InfernalIO.infernal_tab,get_raw,InfernalTabIndexer.get_raw,method,public,defined,"(self, offset)",False,Return the raw bytes string of a QueryResult object from the given offset.,parity,"drop-in compatibility; small surface, no large win expected"
SearchIO,Bio.SearchIO.InfernalIO.infernal_text,InfernalTextParser,InfernalTextParser,class,public,defined,,False,Parser for the Infernal text output.,parity,"drop-in compatibility; small surface, no large win expected"
SearchIO,Bio.SearchIO.InfernalIO.infernal_text,InfernalTextIndexer,InfernalTextIndexer,class,public,defined,,False,Indexer class for Infernal plain text output.,parity,"drop-in compatibility; small surface, no large win expected"
SearchIO,Bio.SearchIO.InfernalIO.infernal_text,get_raw,InfernalTextIndexer.get_raw,method,public,defined,"(self, offset)",False,Return the raw record from the file as a bytes string.,parity,"drop-in compatibility; small surface, no large win expected"
SearchIO,Bio.SearchIO.InterproscanIO.interproscan_xml,InterproscanXmlParser,InterproscanXmlParser,class,public,defined,,False,Parser for the InterProScan XML format.,parity,"drop-in compatibility; small surface, no large win expected"
SearchIO,Bio.SearchIO._index,SearchIndexer,SearchIndexer,class,public,defined,,False,Base class for file format specific random access.,parity,"drop-in compatibility; small surface, no large win expected"
SearchIO,Bio.SearchIO._index,get,SearchIndexer.get,method,public,defined,"(self, offset)",False,Get offset and convert it from bytes to string.,parity,"drop-in compatibility; small surface, no large win expected"
SearchIO,Bio.SearchIO._model,Hit,Hit,class,public,re-exported,,False,Class representing a single database hit of a search result.,parity,"drop-in compatibility; small surface, no large win expected"
SearchIO,Bio.SearchIO._model,description,Hit.description,property,public,defined,(property),False,Hit description,parity,"drop-in compatibility; small surface, no large win expected"
SearchIO,Bio.SearchIO._model,query_description,Hit.query_description,property,public,defined,(property),False,Description of the query that produced the hit,parity,"drop-in compatibility; small surface, no large win expected"
SearchIO,Bio.SearchIO._model,id,Hit.id,property,public,defined,(property),False,Hit ID string.,parity,"drop-in compatibility; small surface, no large win expected"
SearchIO,Bio.SearchIO._model,query_id,Hit.query_id,property,public,defined,(property),False,ID string of the query that produced the hit,parity,"drop-in compatibility; small surface, no large win expected"
SearchIO,Bio.SearchIO._model,hsps,Hit.hsps,property,public,defined,(property),False,HSP objects contained in the Hit,parity,"drop-in compatibility; small surface, no large win expected"
SearchIO,Bio.SearchIO._model,id_all,Hit.id_all,property,public,defined,(property),False,Alternative ID(s) of the Hit.,parity,"drop-in compatibility; small surface, no large win expected"
SearchIO,Bio.SearchIO._model,description_all,Hit.description_all,property,public,defined,(property),False,Alternative descriptions of the Hit.,parity,"drop-in compatibility; small surface, no large win expected"
SearchIO,Bio.SearchIO._model,fragments,Hit.fragments,property,public,defined,(property),False,Access the HSPFragment objects contained in the Hit.,parity,"drop-in compatibility; small surface, no large win expected"
SearchIO,Bio.SearchIO._model,append,Hit.append,method,public,defined,"(self, hsp)",False,Add a HSP object to the end of Hit.,parity,"drop-in compatibility; small surface, no large win expected"
SearchIO,Bio.SearchIO._model,filter,Hit.filter,method,public,defined,"(self, func=None)",False,Create new Hit object whose HSP objects pass the filter function.,parity,"drop-in compatibility; small surface, no large win expected"
SearchIO,Bio.SearchIO._model,index,Hit.index,method,public,defined,"(self, hsp)",False,"Return the index of a given HSP object, zero-based.",parity,"drop-in compatibility; small surface, no large win expected"
SearchIO,Bio.SearchIO._model,map,Hit.map,method,public,defined,"(self, func=None)",False,"Create new Hit object, mapping the given function to its HSPs.",parity,"drop-in compatibility; small surface, no large win expected"
SearchIO,Bio.SearchIO._model,pop,Hit.pop,method,public,defined,"(self, index=-1)",False,Remove and returns the HSP object at the specified index.,parity,"drop-in compatibility; small surface, no large win expected"
SearchIO,Bio.SearchIO._model,sort,Hit.sort,method,public,defined,"(self, key=None, reverse=False, in_place=True)",False,Sort the HSP objects.,parity,"drop-in compatibility; small surface, no large win expected"
SearchIO,Bio.SearchIO._model,HSP,HSP,class,public,re-exported,,False,Class representing high-scoring region(s) between query and hit.,parity,"drop-in compatibility; small surface, no large win expected"
SearchIO,Bio.SearchIO._model,aln_span,HSP.aln_span,property,public,defined,(property),False,Total number of columns in all HSPFragment objects.,parity,"drop-in compatibility; small surface, no large win expected"
SearchIO,Bio.SearchIO._model,hit_start,HSP.hit_start,property,public,defined,(property),False,Smallest coordinate value of all hit fragments.,parity,"drop-in compatibility; small surface, no large win expected"
SearchIO,Bio.SearchIO._model,query_start,HSP.query_start,property,public,defined,(property),False,Smallest coordinate value of all query fragments.,parity,"drop-in compatibility; small surface, no large win expected"
SearchIO,Bio.SearchIO._model,hit_end,HSP.hit_end,property,public,defined,(property),False,Largest coordinate value of all hit fragments.,parity,"drop-in compatibility; small surface, no large win expected"
SearchIO,Bio.SearchIO._model,query_end,HSP.query_end,property,public,defined,(property),False,Largest coordinate value of all hit fragments.,parity,"drop-in compatibility; small surface, no large win expected"
SearchIO,Bio.SearchIO._model,hit_span,HSP.hit_span,property,public,defined,(property),False,The number of hit residues covered by the HSP.,parity,"drop-in compatibility; small surface, no large win expected"
SearchIO,Bio.SearchIO._model,query_span,HSP.query_span,property,public,defined,(property),False,The number of query residues covered by the HSP.,parity,"drop-in compatibility; small surface, no large win expected"
SearchIO,Bio.SearchIO._model,hit_range,HSP.hit_range,property,public,defined,(property),False,Tuple of HSP hit start and end coordinates.,parity,"drop-in compatibility; small surface, no large win expected"
SearchIO,Bio.SearchIO._model,query_range,HSP.query_range,property,public,defined,(property),False,Tuple of HSP query start and end coordinates.,parity,"drop-in compatibility; small surface, no large win expected"
SearchIO,Bio.SearchIO._model,hit_inter_ranges,HSP.hit_inter_ranges,property,public,defined,(property),False,Hit sequence coordinates of the regions between fragments.,parity,"drop-in compatibility; small surface, no large win expected"
SearchIO,Bio.SearchIO._model,query_inter_ranges,HSP.query_inter_ranges,property,public,defined,(property),False,Query sequence coordinates of the regions between fragments.,parity,"drop-in compatibility; small surface, no large win expected"
SearchIO,Bio.SearchIO._model,hit_inter_spans,HSP.hit_inter_spans,property,public,defined,(property),False,Lengths of regions between hit fragments.,parity,"drop-in compatibility; small surface, no large win expected"
SearchIO,Bio.SearchIO._model,query_inter_spans,HSP.query_inter_spans,property,public,defined,(property),False,Lengths of regions between query fragments.,parity,"drop-in compatibility; small surface, no large win expected"
SearchIO,Bio.SearchIO._model,is_fragmented,HSP.is_fragmented,property,public,defined,(property),False,Whether the HSP has more than one HSPFragment objects.,parity,"drop-in compatibility; small surface, no large win expected"
SearchIO,Bio.SearchIO._model,hit_description,HSP.hit_description,property,public,defined,(property),False,Description of the hit sequence.,parity,"drop-in compatibility; small surface, no large win expected"
SearchIO,Bio.SearchIO._model,query_description,HSP.query_description,property,public,defined,(property),False,Description of the query sequence.,parity,"drop-in compatibility; small surface, no large win expected"
SearchIO,Bio.SearchIO._model,hit_id,HSP.hit_id,property,public,defined,(property),False,ID of the hit sequence.,parity,"drop-in compatibility; small surface, no large win expected"
SearchIO,Bio.SearchIO._model,query_id,HSP.query_id,property,public,defined,(property),False,ID of the query sequence.,parity,"drop-in compatibility; small surface, no large win expected"
SearchIO,Bio.SearchIO._model,molecule_type,HSP.molecule_type,property,public,defined,(property),False,molecule_type of the hit and query SeqRecord objects.,parity,"drop-in compatibility; small surface, no large win expected"
SearchIO,Bio.SearchIO._model,fragment,HSP.fragment,property,public,defined,(property),False,"HSPFragment object, first fragment.",parity,"drop-in compatibility; small surface, no large win expected"
SearchIO,Bio.SearchIO._model,hit,HSP.hit,property,public,defined,(property),False,"Hit sequence as a SeqRecord object, first fragment.",parity,"drop-in compatibility; small surface, no large win expected"
SearchIO,Bio.SearchIO._model,query,HSP.query,property,public,defined,(property),False,"Query sequence as a SeqRecord object, first fragment.",parity,"drop-in compatibility; small surface, no large win expected"
SearchIO,Bio.SearchIO._model,aln,HSP.aln,property,public,defined,(property),False,Alignment of the first fragment as a MultipleSeqAlignment object.,parity,"drop-in compatibility; small surface, no large win expected"
SearchIO,Bio.SearchIO._model,aln_annotation,HSP.aln_annotation,property,public,defined,(property),False,Dictionary of annotation(s) of the first fragment's alignment.,parity,"drop-in compatibility; small surface, no large win expected"
SearchIO,Bio.SearchIO._model,hit_features,HSP.hit_features,property,public,defined,(property),False,"Hit sequence features, first fragment.",parity,"drop-in compatibility; small surface, no large win expected"
SearchIO,Bio.SearchIO._model,query_features,HSP.query_features,property,public,defined,(property),False,"Query sequence features, first fragment.",parity,"drop-in compatibility; small surface, no large win expected"
SearchIO,Bio.SearchIO._model,hit_strand,HSP.hit_strand,property,public,defined,(property),False,"Hit strand orientation, first fragment.",parity,"drop-in compatibility; small surface, no large win expected"
SearchIO,Bio.SearchIO._model,query_strand,HSP.query_strand,property,public,defined,(property),False,"Query strand orientation, first fragment.",parity,"drop-in compatibility; small surface, no large win expected"
SearchIO,Bio.SearchIO._model,hit_frame,HSP.hit_frame,property,public,defined,(property),False,"Hit sequence reading frame, first fragment.",parity,"drop-in compatibility; small surface, no large win expected"
SearchIO,Bio.SearchIO._model,query_frame,HSP.query_frame,property,public,defined,(property),False,"Query sequence reading frame, first fragment.",parity,"drop-in compatibility; small surface, no large win expected"
SearchIO,Bio.SearchIO._model,fragments,HSP.fragments,property,public,defined,(property),False,List of all HSPFragment objects.,parity,"drop-in compatibility; small surface, no large win expected"
SearchIO,Bio.SearchIO._model,hit_all,HSP.hit_all,property,public,defined,(property),False,List of all fragments' hit sequences as SeqRecord objects.,parity,"drop-in compatibility; small surface, no large win expected"
SearchIO,Bio.SearchIO._model,query_all,HSP.query_all,property,public,defined,(property),False,List of all fragments' query sequences as SeqRecord objects.,parity,"drop-in compatibility; small surface, no large win expected"
SearchIO,Bio.SearchIO._model,aln_all,HSP.aln_all,property,public,defined,(property),False,List of all fragments' alignments as MultipleSeqAlignment objects.,parity,"drop-in compatibility; small surface, no large win expected"
SearchIO,Bio.SearchIO._model,aln_annotation_all,HSP.aln_annotation_all,property,public,defined,(property),False,Dictionary of annotation(s) of all fragments' alignments.,parity,"drop-in compatibility; small surface, no large win expected"
SearchIO,Bio.SearchIO._model,hit_features_all,HSP.hit_features_all,property,public,defined,(property),False,List of all hit sequence features.,parity,"drop-in compatibility; small surface, no large win expected"
SearchIO,Bio.SearchIO._model,query_features_all,HSP.query_features_all,property,public,defined,(property),False,List of all query sequence features.,parity,"drop-in compatibility; small surface, no large win expected"
SearchIO,Bio.SearchIO._model,hit_strand_all,HSP.hit_strand_all,property,public,defined,(property),False,List of all fragments' hit sequence strands.,parity,"drop-in compatibility; small surface, no large win expected"
SearchIO,Bio.SearchIO._model,query_strand_all,HSP.query_strand_all,property,public,defined,(property),False,List of all fragments' query sequence strands,parity,"drop-in compatibility; small surface, no large win expected"
SearchIO,Bio.SearchIO._model,hit_frame_all,HSP.hit_frame_all,property,public,defined,(property),False,List of all fragments' hit sequence reading frames.,parity,"drop-in compatibility; small surface, no large win expected"
SearchIO,Bio.SearchIO._model,query_frame_all,HSP.query_frame_all,property,public,defined,(property),False,List of all fragments' query sequence reading frames.,parity,"drop-in compatibility; small surface, no large win expected"
SearchIO,Bio.SearchIO._model,hit_start_all,HSP.hit_start_all,property,public,defined,(property),False,List of all fragments' hit start coordinates.,parity,"drop-in compatibility; small surface, no large win expected"
SearchIO,Bio.SearchIO._model,query_start_all,HSP.query_start_all,property,public,defined,(property),False,List of all fragments' query start coordinates.,parity,"drop-in compatibility; small surface, no large win expected"
SearchIO,Bio.SearchIO._model,hit_end_all,HSP.hit_end_all,property,public,defined,(property),False,List of all fragments' hit end coordinates.,parity,"drop-in compatibility; small surface, no large win expected"
SearchIO,Bio.SearchIO._model,query_end_all,HSP.query_end_all,property,public,defined,(property),False,List of all fragments' query end coordinates.,parity,"drop-in compatibility; small surface, no large win expected"
SearchIO,Bio.SearchIO._model,hit_span_all,HSP.hit_span_all,property,public,defined,(property),False,List of all fragments' hit sequence size.,parity,"drop-in compatibility; small surface, no large win expected"
SearchIO,Bio.SearchIO._model,query_span_all,HSP.query_span_all,property,public,defined,(property),False,List of all fragments' query sequence size.,parity,"drop-in compatibility; small surface, no large win expected"
SearchIO,Bio.SearchIO._model,hit_range_all,HSP.hit_range_all,property,public,defined,(property),False,List of all fragments' hit start and end coordinates.,parity,"drop-in compatibility; small surface, no large win expected"
SearchIO,Bio.SearchIO._model,query_range_all,HSP.query_range_all,property,public,defined,(property),False,List of all fragments' query start and end coordinates.,parity,"drop-in compatibility; small surface, no large win expected"
SearchIO,Bio.SearchIO._model,HSPFragment,HSPFragment,class,public,re-exported,,False,Class representing a contiguous alignment of hit-query sequence.,parity,"drop-in compatibility; small surface, no large win expected"
SearchIO,Bio.SearchIO._model,hit,HSPFragment.hit,property,public,defined,(property),False,"Hit sequence as a SeqRecord object, defaults to None.",parity,"drop-in compatibility; small surface, no large win expected"
SearchIO,Bio.SearchIO._model,query,HSPFragment.query,property,public,defined,(property),False,"Query sequence as a SeqRecord object, defaults to None.",parity,"drop-in compatibility; small surface, no large win expected"
SearchIO,Bio.SearchIO._model,aln,HSPFragment.aln,property,public,defined,(property),False,"Query-hit alignment as a MultipleSeqAlignment object, defaults to None.",parity,"drop-in compatibility; small surface, no large win expected"
SearchIO,Bio.SearchIO._model,molecule_type,HSPFragment.molecule_type,property,public,defined,(property),False,"molecule type used in the fragment's sequence records and alignment, defaults to None.",parity,"drop-in compatibility; small surface, no large win expected"
SearchIO,Bio.SearchIO._model,aln_span,HSPFragment.aln_span,property,public,defined,(property),False,The number of alignment columns covered by the fragment.,parity,"drop-in compatibility; small surface, no large win expected"
SearchIO,Bio.SearchIO._model,hit_description,HSPFragment.hit_description,property,public,defined,(property),False,Hit sequence description.,parity,"drop-in compatibility; small surface, no large win expected"
SearchIO,Bio.SearchIO._model,query_description,HSPFragment.query_description,property,public,defined,(property),False,Query sequence description.,parity,"drop-in compatibility; small surface, no large win expected"
SearchIO,Bio.SearchIO._model,hit_id,HSPFragment.hit_id,property,public,defined,(property),False,Hit sequence ID.,parity,"drop-in compatibility; small surface, no large win expected"
SearchIO,Bio.SearchIO._model,query_id,HSPFragment.query_id,property,public,defined,(property),False,Query sequence ID.,parity,"drop-in compatibility; small surface, no large win expected"
SearchIO,Bio.SearchIO._model,hit_features,HSPFragment.hit_features,property,public,defined,(property),False,Hit sequence features.,parity,"drop-in compatibility; small surface, no large win expected"
SearchIO,Bio.SearchIO._model,query_features,HSPFragment.query_features,property,public,defined,(property),False,Query sequence features.,parity,"drop-in compatibility; small surface, no large win expected"
SearchIO,Bio.SearchIO._model,hit_strand,HSPFragment.hit_strand,property,public,defined,(property),False,"Hit sequence strand, defaults to None.",parity,"drop-in compatibility; small surface, no large win expected"
SearchIO,Bio.SearchIO._model,query_strand,HSPFragment.query_strand,property,public,defined,(property),False,"Query sequence strand, defaults to None.",parity,"drop-in compatibility; small surface, no large win expected"
SearchIO,Bio.SearchIO._model,hit_frame,HSPFragment.hit_frame,property,public,defined,(property),False,"Hit sequence reading frame, defaults to None.",parity,"drop-in compatibility; small surface, no large win expected"
SearchIO,Bio.SearchIO._model,query_frame,HSPFragment.query_frame,property,public,defined,(property),False,"Query sequence reading frame, defaults to None.",parity,"drop-in compatibility; small surface, no large win expected"
SearchIO,Bio.SearchIO._model,hit_start,HSPFragment.hit_start,property,public,defined,(property),False,"Hit sequence start coordinate, defaults to None.",parity,"drop-in compatibility; small surface, no large win expected"
SearchIO,Bio.SearchIO._model,query_start,HSPFragment.query_start,property,public,defined,(property),False,"Query sequence start coordinate, defaults to None.",parity,"drop-in compatibility; small surface, no large win expected"
SearchIO,Bio.SearchIO._model,hit_end,HSPFragment.hit_end,property,public,defined,(property),False,"Hit sequence end coordinate, defaults to None.",parity,"drop-in compatibility; small surface, no large win expected"
SearchIO,Bio.SearchIO._model,query_end,HSPFragment.query_end,property,public,defined,(property),False,"Query sequence end coordinate, defaults to None.",parity,"drop-in compatibility; small surface, no large win expected"
SearchIO,Bio.SearchIO._model,hit_span,HSPFragment.hit_span,property,public,defined,(property),False,The number of residues covered by the hit sequence.,parity,"drop-in compatibility; small surface, no large win expected"
SearchIO,Bio.SearchIO._model,query_span,HSPFragment.query_span,property,public,defined,(property),False,The number of residues covered by the query sequence.,parity,"drop-in compatibility; small surface, no large win expected"
SearchIO,Bio.SearchIO._model,hit_range,HSPFragment.hit_range,property,public,defined,(property),False,Tuple of hit start and end coordinates.,parity,"drop-in compatibility; small surface, no large win expected"
SearchIO,Bio.SearchIO._model,query_range,HSPFragment.query_range,property,public,defined,(property),False,Tuple of query start and end coordinates.,parity,"drop-in compatibility; small surface, no large win expected"
SearchIO,Bio.SearchIO._model,QueryResult,QueryResult,class,public,re-exported,,False,Class representing search results from a single query.,parity,"drop-in compatibility; small surface, no large win expected"
SearchIO,Bio.SearchIO._model,hits,QueryResult.hits,property,public,defined,(property),False,Hit objects contained in the QueryResult.,parity,"drop-in compatibility; small surface, no large win expected"
SearchIO,Bio.SearchIO._model,hit_keys,QueryResult.hit_keys,property,public,defined,(property),False,Hit IDs of the Hit objects contained in the QueryResult.,parity,"drop-in compatibility; small surface, no large win expected"
SearchIO,Bio.SearchIO._model,items,QueryResult.items,property,public,defined,(property),False,List of tuples of Hit IDs and Hit objects.,parity,"drop-in compatibility; small surface, no large win expected"
SearchIO,Bio.SearchIO._model,iterhits,QueryResult.iterhits,method,public,defined,(self),False,Return an iterator over the Hit objects.,parity,"drop-in compatibility; small surface, no large win expected"
SearchIO,Bio.SearchIO._model,iterhit_keys,QueryResult.iterhit_keys,method,public,defined,(self),False,Return an iterator over the ID of the Hit objects.,parity,"drop-in compatibility; small surface, no large win expected"
SearchIO,Bio.SearchIO._model,iteritems,QueryResult.iteritems,method,public,defined,(self),False,Return an iterator yielding tuples of Hit ID and Hit objects.,parity,"drop-in compatibility; small surface, no large win expected"
SearchIO,Bio.SearchIO._model,id,QueryResult.id,property,public,defined,(property),False,QueryResult ID string,parity,"drop-in compatibility; small surface, no large win expected"
SearchIO,Bio.SearchIO._model,description,QueryResult.description,property,public,defined,(property),False,QueryResult description,parity,"drop-in compatibility; small surface, no large win expected"
SearchIO,Bio.SearchIO._model,hsps,QueryResult.hsps,property,public,defined,(property),False,Access the HSP objects contained in the QueryResult.,parity,"drop-in compatibility; small surface, no large win expected"
SearchIO,Bio.SearchIO._model,fragments,QueryResult.fragments,property,public,defined,(property),False,Access the HSPFragment objects contained in the QueryResult.,parity,"drop-in compatibility; small surface, no large win expected"
SearchIO,Bio.SearchIO._model,absorb,QueryResult.absorb,method,public,defined,"(self, hit)",False,Add a Hit object to the end of QueryResult.,parity,"drop-in compatibility; small surface, no large win expected"
SearchIO,Bio.SearchIO._model,append,QueryResult.append,method,public,defined,"(self, hit)",False,Add a Hit object to the end of QueryResult.,parity,"drop-in compatibility; small surface, no large win expected"
SearchIO,Bio.SearchIO._model,hit_filter,QueryResult.hit_filter,method,public,defined,"(self, func=None)",False,Create new QueryResult object whose Hit objects pass the filter function.,parity,"drop-in compatibility; small surface, no large win expected"
SearchIO,Bio.SearchIO._model,hit_map,QueryResult.hit_map,method,public,defined,"(self, func=None)",False,"Create new QueryResult object, mapping the given function to its Hits.",parity,"drop-in compatibility; small surface, no large win expected"
SearchIO,Bio.SearchIO._model,hsp_filter,QueryResult.hsp_filter,method,public,defined,"(self, func=None)",False,Create new QueryResult object whose HSP objects pass the filter function.,parity,"drop-in compatibility; small surface, no large win expected"
SearchIO,Bio.SearchIO._model,hsp_map,QueryResult.hsp_map,method,public,defined,"(self, func=None)",False,"Create new QueryResult object, mapping the given function to its HSPs.",parity,"drop-in compatibility; small surface, no large win expected"
SearchIO,Bio.SearchIO._model,pop,QueryResult.pop,method,public,defined,"(self, hit_key=-1, default=<object object at 0x7f465bb97480>)",False,Remove the specified hit key and return the Hit object.,parity,"drop-in compatibility; small surface, no large win expected"
SearchIO,Bio.SearchIO._model,index,QueryResult.index,method,public,defined,"(self, hit_key)",False,"Return the index of a given hit key, zero-based.",parity,"drop-in compatibility; small surface, no large win expected"
SearchIO,Bio.SearchIO._model,sort,QueryResult.sort,method,public,defined,"(self, key=None, reverse=False, in_place=True)",False,Sort the Hit objects.,parity,"drop-in compatibility; small surface, no large win expected"
SearchIO,Bio.SearchIO._model.hit,Hit,Hit,class,public,defined,,False,Class representing a single database hit of a search result.,parity,"drop-in compatibility; small surface, no large win expected"
SearchIO,Bio.SearchIO._model.hit,description,Hit.description,property,public,defined,(property),False,Hit description,parity,"drop-in compatibility; small surface, no large win expected"
SearchIO,Bio.SearchIO._model.hit,query_description,Hit.query_description,property,public,defined,(property),False,Description of the query that produced the hit,parity,"drop-in compatibility; small surface, no large win expected"
SearchIO,Bio.SearchIO._model.hit,id,Hit.id,property,public,defined,(property),False,Hit ID string.,parity,"drop-in compatibility; small surface, no large win expected"
SearchIO,Bio.SearchIO._model.hit,query_id,Hit.query_id,property,public,defined,(property),False,ID string of the query that produced the hit,parity,"drop-in compatibility; small surface, no large win expected"
SearchIO,Bio.SearchIO._model.hit,hsps,Hit.hsps,property,public,defined,(property),False,HSP objects contained in the Hit,parity,"drop-in compatibility; small surface, no large win expected"
SearchIO,Bio.SearchIO._model.hit,id_all,Hit.id_all,property,public,defined,(property),False,Alternative ID(s) of the Hit.,parity,"drop-in compatibility; small surface, no large win expected"
SearchIO,Bio.SearchIO._model.hit,description_all,Hit.description_all,property,public,defined,(property),False,Alternative descriptions of the Hit.,parity,"drop-in compatibility; small surface, no large win expected"
SearchIO,Bio.SearchIO._model.hit,fragments,Hit.fragments,property,public,defined,(property),False,Access the HSPFragment objects contained in the Hit.,parity,"drop-in compatibility; small surface, no large win expected"
SearchIO,Bio.SearchIO._model.hit,append,Hit.append,method,public,defined,"(self, hsp)",False,Add a HSP object to the end of Hit.,parity,"drop-in compatibility; small surface, no large win expected"
SearchIO,Bio.SearchIO._model.hit,filter,Hit.filter,method,public,defined,"(self, func=None)",False,Create new Hit object whose HSP objects pass the filter function.,parity,"drop-in compatibility; small surface, no large win expected"
SearchIO,Bio.SearchIO._model.hit,index,Hit.index,method,public,defined,"(self, hsp)",False,"Return the index of a given HSP object, zero-based.",parity,"drop-in compatibility; small surface, no large win expected"
SearchIO,Bio.SearchIO._model.hit,map,Hit.map,method,public,defined,"(self, func=None)",False,"Create new Hit object, mapping the given function to its HSPs.",parity,"drop-in compatibility; small surface, no large win expected"
SearchIO,Bio.SearchIO._model.hit,pop,Hit.pop,method,public,defined,"(self, index=-1)",False,Remove and returns the HSP object at the specified index.,parity,"drop-in compatibility; small surface, no large win expected"
SearchIO,Bio.SearchIO._model.hit,sort,Hit.sort,method,public,defined,"(self, key=None, reverse=False, in_place=True)",False,Sort the HSP objects.,parity,"drop-in compatibility; small surface, no large win expected"
SearchIO,Bio.SearchIO._model.hsp,HSP,HSP,class,public,defined,,False,Class representing high-scoring region(s) between query and hit.,parity,"drop-in compatibility; small surface, no large win expected"
SearchIO,Bio.SearchIO._model.hsp,aln_span,HSP.aln_span,property,public,defined,(property),False,Total number of columns in all HSPFragment objects.,parity,"drop-in compatibility; small surface, no large win expected"
SearchIO,Bio.SearchIO._model.hsp,hit_start,HSP.hit_start,property,public,defined,(property),False,Smallest coordinate value of all hit fragments.,parity,"drop-in compatibility; small surface, no large win expected"
SearchIO,Bio.SearchIO._model.hsp,query_start,HSP.query_start,property,public,defined,(property),False,Smallest coordinate value of all query fragments.,parity,"drop-in compatibility; small surface, no large win expected"
SearchIO,Bio.SearchIO._model.hsp,hit_end,HSP.hit_end,property,public,defined,(property),False,Largest coordinate value of all hit fragments.,parity,"drop-in compatibility; small surface, no large win expected"
SearchIO,Bio.SearchIO._model.hsp,query_end,HSP.query_end,property,public,defined,(property),False,Largest coordinate value of all hit fragments.,parity,"drop-in compatibility; small surface, no large win expected"
SearchIO,Bio.SearchIO._model.hsp,hit_span,HSP.hit_span,property,public,defined,(property),False,The number of hit residues covered by the HSP.,parity,"drop-in compatibility; small surface, no large win expected"
SearchIO,Bio.SearchIO._model.hsp,query_span,HSP.query_span,property,public,defined,(property),False,The number of query residues covered by the HSP.,parity,"drop-in compatibility; small surface, no large win expected"
SearchIO,Bio.SearchIO._model.hsp,hit_range,HSP.hit_range,property,public,defined,(property),False,Tuple of HSP hit start and end coordinates.,parity,"drop-in compatibility; small surface, no large win expected"
SearchIO,Bio.SearchIO._model.hsp,query_range,HSP.query_range,property,public,defined,(property),False,Tuple of HSP query start and end coordinates.,parity,"drop-in compatibility; small surface, no large win expected"
SearchIO,Bio.SearchIO._model.hsp,hit_inter_ranges,HSP.hit_inter_ranges,property,public,defined,(property),False,Hit sequence coordinates of the regions between fragments.,parity,"drop-in compatibility; small surface, no large win expected"
SearchIO,Bio.SearchIO._model.hsp,query_inter_ranges,HSP.query_inter_ranges,property,public,defined,(property),False,Query sequence coordinates of the regions between fragments.,parity,"drop-in compatibility; small surface, no large win expected"
SearchIO,Bio.SearchIO._model.hsp,hit_inter_spans,HSP.hit_inter_spans,property,public,defined,(property),False,Lengths of regions between hit fragments.,parity,"drop-in compatibility; small surface, no large win expected"
SearchIO,Bio.SearchIO._model.hsp,query_inter_spans,HSP.query_inter_spans,property,public,defined,(property),False,Lengths of regions between query fragments.,parity,"drop-in compatibility; small surface, no large win expected"
SearchIO,Bio.SearchIO._model.hsp,is_fragmented,HSP.is_fragmented,property,public,defined,(property),False,Whether the HSP has more than one HSPFragment objects.,parity,"drop-in compatibility; small surface, no large win expected"
SearchIO,Bio.SearchIO._model.hsp,hit_description,HSP.hit_description,property,public,defined,(property),False,Description of the hit sequence.,parity,"drop-in compatibility; small surface, no large win expected"
SearchIO,Bio.SearchIO._model.hsp,query_description,HSP.query_description,property,public,defined,(property),False,Description of the query sequence.,parity,"drop-in compatibility; small surface, no large win expected"
SearchIO,Bio.SearchIO._model.hsp,hit_id,HSP.hit_id,property,public,defined,(property),False,ID of the hit sequence.,parity,"drop-in compatibility; small surface, no large win expected"
SearchIO,Bio.SearchIO._model.hsp,query_id,HSP.query_id,property,public,defined,(property),False,ID of the query sequence.,parity,"drop-in compatibility; small surface, no large win expected"
SearchIO,Bio.SearchIO._model.hsp,molecule_type,HSP.molecule_type,property,public,defined,(property),False,molecule_type of the hit and query SeqRecord objects.,parity,"drop-in compatibility; small surface, no large win expected"
SearchIO,Bio.SearchIO._model.hsp,fragment,HSP.fragment,property,public,defined,(property),False,"HSPFragment object, first fragment.",parity,"drop-in compatibility; small surface, no large win expected"
SearchIO,Bio.SearchIO._model.hsp,hit,HSP.hit,property,public,defined,(property),False,"Hit sequence as a SeqRecord object, first fragment.",parity,"drop-in compatibility; small surface, no large win expected"
SearchIO,Bio.SearchIO._model.hsp,query,HSP.query,property,public,defined,(property),False,"Query sequence as a SeqRecord object, first fragment.",parity,"drop-in compatibility; small surface, no large win expected"
SearchIO,Bio.SearchIO._model.hsp,aln,HSP.aln,property,public,defined,(property),False,Alignment of the first fragment as a MultipleSeqAlignment object.,parity,"drop-in compatibility; small surface, no large win expected"
SearchIO,Bio.SearchIO._model.hsp,aln_annotation,HSP.aln_annotation,property,public,defined,(property),False,Dictionary of annotation(s) of the first fragment's alignment.,parity,"drop-in compatibility; small surface, no large win expected"
SearchIO,Bio.SearchIO._model.hsp,hit_features,HSP.hit_features,property,public,defined,(property),False,"Hit sequence features, first fragment.",parity,"drop-in compatibility; small surface, no large win expected"
SearchIO,Bio.SearchIO._model.hsp,query_features,HSP.query_features,property,public,defined,(property),False,"Query sequence features, first fragment.",parity,"drop-in compatibility; small surface, no large win expected"
SearchIO,Bio.SearchIO._model.hsp,hit_strand,HSP.hit_strand,property,public,defined,(property),False,"Hit strand orientation, first fragment.",parity,"drop-in compatibility; small surface, no large win expected"
SearchIO,Bio.SearchIO._model.hsp,query_strand,HSP.query_strand,property,public,defined,(property),False,"Query strand orientation, first fragment.",parity,"drop-in compatibility; small surface, no large win expected"
SearchIO,Bio.SearchIO._model.hsp,hit_frame,HSP.hit_frame,property,public,defined,(property),False,"Hit sequence reading frame, first fragment.",parity,"drop-in compatibility; small surface, no large win expected"
SearchIO,Bio.SearchIO._model.hsp,query_frame,HSP.query_frame,property,public,defined,(property),False,"Query sequence reading frame, first fragment.",parity,"drop-in compatibility; small surface, no large win expected"
SearchIO,Bio.SearchIO._model.hsp,fragments,HSP.fragments,property,public,defined,(property),False,List of all HSPFragment objects.,parity,"drop-in compatibility; small surface, no large win expected"
SearchIO,Bio.SearchIO._model.hsp,hit_all,HSP.hit_all,property,public,defined,(property),False,List of all fragments' hit sequences as SeqRecord objects.,parity,"drop-in compatibility; small surface, no large win expected"
SearchIO,Bio.SearchIO._model.hsp,query_all,HSP.query_all,property,public,defined,(property),False,List of all fragments' query sequences as SeqRecord objects.,parity,"drop-in compatibility; small surface, no large win expected"
SearchIO,Bio.SearchIO._model.hsp,aln_all,HSP.aln_all,property,public,defined,(property),False,List of all fragments' alignments as MultipleSeqAlignment objects.,parity,"drop-in compatibility; small surface, no large win expected"
SearchIO,Bio.SearchIO._model.hsp,aln_annotation_all,HSP.aln_annotation_all,property,public,defined,(property),False,Dictionary of annotation(s) of all fragments' alignments.,parity,"drop-in compatibility; small surface, no large win expected"
SearchIO,Bio.SearchIO._model.hsp,hit_features_all,HSP.hit_features_all,property,public,defined,(property),False,List of all hit sequence features.,parity,"drop-in compatibility; small surface, no large win expected"
SearchIO,Bio.SearchIO._model.hsp,query_features_all,HSP.query_features_all,property,public,defined,(property),False,List of all query sequence features.,parity,"drop-in compatibility; small surface, no large win expected"
SearchIO,Bio.SearchIO._model.hsp,hit_strand_all,HSP.hit_strand_all,property,public,defined,(property),False,List of all fragments' hit sequence strands.,parity,"drop-in compatibility; small surface, no large win expected"
SearchIO,Bio.SearchIO._model.hsp,query_strand_all,HSP.query_strand_all,property,public,defined,(property),False,List of all fragments' query sequence strands,parity,"drop-in compatibility; small surface, no large win expected"
SearchIO,Bio.SearchIO._model.hsp,hit_frame_all,HSP.hit_frame_all,property,public,defined,(property),False,List of all fragments' hit sequence reading frames.,parity,"drop-in compatibility; small surface, no large win expected"
SearchIO,Bio.SearchIO._model.hsp,query_frame_all,HSP.query_frame_all,property,public,defined,(property),False,List of all fragments' query sequence reading frames.,parity,"drop-in compatibility; small surface, no large win expected"
SearchIO,Bio.SearchIO._model.hsp,hit_start_all,HSP.hit_start_all,property,public,defined,(property),False,List of all fragments' hit start coordinates.,parity,"drop-in compatibility; small surface, no large win expected"
SearchIO,Bio.SearchIO._model.hsp,query_start_all,HSP.query_start_all,property,public,defined,(property),False,List of all fragments' query start coordinates.,parity,"drop-in compatibility; small surface, no large win expected"
SearchIO,Bio.SearchIO._model.hsp,hit_end_all,HSP.hit_end_all,property,public,defined,(property),False,List of all fragments' hit end coordinates.,parity,"drop-in compatibility; small surface, no large win expected"
SearchIO,Bio.SearchIO._model.hsp,query_end_all,HSP.query_end_all,property,public,defined,(property),False,List of all fragments' query end coordinates.,parity,"drop-in compatibility; small surface, no large win expected"
SearchIO,Bio.SearchIO._model.hsp,hit_span_all,HSP.hit_span_all,property,public,defined,(property),False,List of all fragments' hit sequence size.,parity,"drop-in compatibility; small surface, no large win expected"
SearchIO,Bio.SearchIO._model.hsp,query_span_all,HSP.query_span_all,property,public,defined,(property),False,List of all fragments' query sequence size.,parity,"drop-in compatibility; small surface, no large win expected"
SearchIO,Bio.SearchIO._model.hsp,hit_range_all,HSP.hit_range_all,property,public,defined,(property),False,List of all fragments' hit start and end coordinates.,parity,"drop-in compatibility; small surface, no large win expected"
SearchIO,Bio.SearchIO._model.hsp,query_range_all,HSP.query_range_all,property,public,defined,(property),False,List of all fragments' query start and end coordinates.,parity,"drop-in compatibility; small surface, no large win expected"
SearchIO,Bio.SearchIO._model.hsp,HSPFragment,HSPFragment,class,public,defined,,False,Class representing a contiguous alignment of hit-query sequence.,parity,"drop-in compatibility; small surface, no large win expected"
SearchIO,Bio.SearchIO._model.hsp,hit,HSPFragment.hit,property,public,defined,(property),False,"Hit sequence as a SeqRecord object, defaults to None.",parity,"drop-in compatibility; small surface, no large win expected"
SearchIO,Bio.SearchIO._model.hsp,query,HSPFragment.query,property,public,defined,(property),False,"Query sequence as a SeqRecord object, defaults to None.",parity,"drop-in compatibility; small surface, no large win expected"
SearchIO,Bio.SearchIO._model.hsp,aln,HSPFragment.aln,property,public,defined,(property),False,"Query-hit alignment as a MultipleSeqAlignment object, defaults to None.",parity,"drop-in compatibility; small surface, no large win expected"
SearchIO,Bio.SearchIO._model.hsp,molecule_type,HSPFragment.molecule_type,property,public,defined,(property),False,"molecule type used in the fragment's sequence records and alignment, defaults to None.",parity,"drop-in compatibility; small surface, no large win expected"
SearchIO,Bio.SearchIO._model.hsp,aln_span,HSPFragment.aln_span,property,public,defined,(property),False,The number of alignment columns covered by the fragment.,parity,"drop-in compatibility; small surface, no large win expected"
SearchIO,Bio.SearchIO._model.hsp,hit_description,HSPFragment.hit_description,property,public,defined,(property),False,Hit sequence description.,parity,"drop-in compatibility; small surface, no large win expected"
SearchIO,Bio.SearchIO._model.hsp,query_description,HSPFragment.query_description,property,public,defined,(property),False,Query sequence description.,parity,"drop-in compatibility; small surface, no large win expected"
SearchIO,Bio.SearchIO._model.hsp,hit_id,HSPFragment.hit_id,property,public,defined,(property),False,Hit sequence ID.,parity,"drop-in compatibility; small surface, no large win expected"
SearchIO,Bio.SearchIO._model.hsp,query_id,HSPFragment.query_id,property,public,defined,(property),False,Query sequence ID.,parity,"drop-in compatibility; small surface, no large win expected"
SearchIO,Bio.SearchIO._model.hsp,hit_features,HSPFragment.hit_features,property,public,defined,(property),False,Hit sequence features.,parity,"drop-in compatibility; small surface, no large win expected"
SearchIO,Bio.SearchIO._model.hsp,query_features,HSPFragment.query_features,property,public,defined,(property),False,Query sequence features.,parity,"drop-in compatibility; small surface, no large win expected"
SearchIO,Bio.SearchIO._model.hsp,hit_strand,HSPFragment.hit_strand,property,public,defined,(property),False,"Hit sequence strand, defaults to None.",parity,"drop-in compatibility; small surface, no large win expected"
SearchIO,Bio.SearchIO._model.hsp,query_strand,HSPFragment.query_strand,property,public,defined,(property),False,"Query sequence strand, defaults to None.",parity,"drop-in compatibility; small surface, no large win expected"
SearchIO,Bio.SearchIO._model.hsp,hit_frame,HSPFragment.hit_frame,property,public,defined,(property),False,"Hit sequence reading frame, defaults to None.",parity,"drop-in compatibility; small surface, no large win expected"
SearchIO,Bio.SearchIO._model.hsp,query_frame,HSPFragment.query_frame,property,public,defined,(property),False,"Query sequence reading frame, defaults to None.",parity,"drop-in compatibility; small surface, no large win expected"
SearchIO,Bio.SearchIO._model.hsp,hit_start,HSPFragment.hit_start,property,public,defined,(property),False,"Hit sequence start coordinate, defaults to None.",parity,"drop-in compatibility; small surface, no large win expected"
SearchIO,Bio.SearchIO._model.hsp,query_start,HSPFragment.query_start,property,public,defined,(property),False,"Query sequence start coordinate, defaults to None.",parity,"drop-in compatibility; small surface, no large win expected"
SearchIO,Bio.SearchIO._model.hsp,hit_end,HSPFragment.hit_end,property,public,defined,(property),False,"Hit sequence end coordinate, defaults to None.",parity,"drop-in compatibility; small surface, no large win expected"
SearchIO,Bio.SearchIO._model.hsp,query_end,HSPFragment.query_end,property,public,defined,(property),False,"Query sequence end coordinate, defaults to None.",parity,"drop-in compatibility; small surface, no large win expected"
SearchIO,Bio.SearchIO._model.hsp,hit_span,HSPFragment.hit_span,property,public,defined,(property),False,The number of residues covered by the hit sequence.,parity,"drop-in compatibility; small surface, no large win expected"
SearchIO,Bio.SearchIO._model.hsp,query_span,HSPFragment.query_span,property,public,defined,(property),False,The number of residues covered by the query sequence.,parity,"drop-in compatibility; small surface, no large win expected"
SearchIO,Bio.SearchIO._model.hsp,hit_range,HSPFragment.hit_range,property,public,defined,(property),False,Tuple of hit start and end coordinates.,parity,"drop-in compatibility; small surface, no large win expected"
SearchIO,Bio.SearchIO._model.hsp,query_range,HSPFragment.query_range,property,public,defined,(property),False,Tuple of query start and end coordinates.,parity,"drop-in compatibility; small surface, no large win expected"
SearchIO,Bio.SearchIO._model.query,QueryResult,QueryResult,class,public,defined,,False,Class representing search results from a single query.,parity,"drop-in compatibility; small surface, no large win expected"
SearchIO,Bio.SearchIO._model.query,hits,QueryResult.hits,property,public,defined,(property),False,Hit objects contained in the QueryResult.,parity,"drop-in compatibility; small surface, no large win expected"
SearchIO,Bio.SearchIO._model.query,hit_keys,QueryResult.hit_keys,property,public,defined,(property),False,Hit IDs of the Hit objects contained in the QueryResult.,parity,"drop-in compatibility; small surface, no large win expected"
SearchIO,Bio.SearchIO._model.query,items,QueryResult.items,property,public,defined,(property),False,List of tuples of Hit IDs and Hit objects.,parity,"drop-in compatibility; small surface, no large win expected"
SearchIO,Bio.SearchIO._model.query,iterhits,QueryResult.iterhits,method,public,defined,(self),False,Return an iterator over the Hit objects.,parity,"drop-in compatibility; small surface, no large win expected"
SearchIO,Bio.SearchIO._model.query,iterhit_keys,QueryResult.iterhit_keys,method,public,defined,(self),False,Return an iterator over the ID of the Hit objects.,parity,"drop-in compatibility; small surface, no large win expected"
SearchIO,Bio.SearchIO._model.query,iteritems,QueryResult.iteritems,method,public,defined,(self),False,Return an iterator yielding tuples of Hit ID and Hit objects.,parity,"drop-in compatibility; small surface, no large win expected"
SearchIO,Bio.SearchIO._model.query,id,QueryResult.id,property,public,defined,(property),False,QueryResult ID string,parity,"drop-in compatibility; small surface, no large win expected"
SearchIO,Bio.SearchIO._model.query,description,QueryResult.description,property,public,defined,(property),False,QueryResult description,parity,"drop-in compatibility; small surface, no large win expected"
SearchIO,Bio.SearchIO._model.query,hsps,QueryResult.hsps,property,public,defined,(property),False,Access the HSP objects contained in the QueryResult.,parity,"drop-in compatibility; small surface, no large win expected"
SearchIO,Bio.SearchIO._model.query,fragments,QueryResult.fragments,property,public,defined,(property),False,Access the HSPFragment objects contained in the QueryResult.,parity,"drop-in compatibility; small surface, no large win expected"
SearchIO,Bio.SearchIO._model.query,absorb,QueryResult.absorb,method,public,defined,"(self, hit)",False,Add a Hit object to the end of QueryResult.,parity,"drop-in compatibility; small surface, no large win expected"
SearchIO,Bio.SearchIO._model.query,append,QueryResult.append,method,public,defined,"(self, hit)",False,Add a Hit object to the end of QueryResult.,parity,"drop-in compatibility; small surface, no large win expected"
SearchIO,Bio.SearchIO._model.query,hit_filter,QueryResult.hit_filter,method,public,defined,"(self, func=None)",False,Create new QueryResult object whose Hit objects pass the filter function.,parity,"drop-in compatibility; small surface, no large win expected"
SearchIO,Bio.SearchIO._model.query,hit_map,QueryResult.hit_map,method,public,defined,"(self, func=None)",False,"Create new QueryResult object, mapping the given function to its Hits.",parity,"drop-in compatibility; small surface, no large win expected"
SearchIO,Bio.SearchIO._model.query,hsp_filter,QueryResult.hsp_filter,method,public,defined,"(self, func=None)",False,Create new QueryResult object whose HSP objects pass the filter function.,parity,"drop-in compatibility; small surface, no large win expected"
SearchIO,Bio.SearchIO._model.query,hsp_map,QueryResult.hsp_map,method,public,defined,"(self, func=None)",False,"Create new QueryResult object, mapping the given function to its HSPs.",parity,"drop-in compatibility; small surface, no large win expected"
SearchIO,Bio.SearchIO._model.query,pop,QueryResult.pop,method,public,defined,"(self, hit_key=-1, default=<object object at 0x7f465bb97480>)",False,Remove the specified hit key and return the Hit object.,parity,"drop-in compatibility; small surface, no large win expected"
SearchIO,Bio.SearchIO._model.query,index,QueryResult.index,method,public,defined,"(self, hit_key)",False,"Return the index of a given hit key, zero-based.",parity,"drop-in compatibility; small surface, no large win expected"
SearchIO,Bio.SearchIO._model.query,sort,QueryResult.sort,method,public,defined,"(self, key=None, reverse=False, in_place=True)",False,Sort the Hit objects.,parity,"drop-in compatibility; small surface, no large win expected"
SearchIO,Bio.SearchIO._utils,getattr_str,getattr_str,function,public,defined,"(obj, attr, fmt=None, fallback='?')",False,Return string of the given object's attribute.,parity,"drop-in compatibility; small surface, no large win expected"
SearchIO,Bio.SearchIO._utils,read_forward,read_forward,function,public,defined,(handle),False,"Read through whitespaces, return the first non-whitespace line.",parity,"drop-in compatibility; small surface, no large win expected"
SearchIO,Bio.SearchIO._utils,get_processor,get_processor,function,public,defined,"(format, mapping)",False,Return the object to process the given format according to the mapping.,parity,"drop-in compatibility; small surface, no large win expected"
SearchIO,Bio.SearchIO._utils,singleitem,singleitem,function,public,defined,"(attr=None, doc='')",False,Property for fetching attribute from first entry of container.,parity,"drop-in compatibility; small surface, no large win expected"
SearchIO,Bio.SearchIO._utils,allitems,allitems,function,public,defined,"(attr=None, doc='')",False,Property for fetching attribute from all entries of container.,parity,"drop-in compatibility; small surface, no large win expected"
SearchIO,Bio.SearchIO._utils,fullcascade,fullcascade,function,public,defined,"(attr, doc='')",False,Return a getter property with a cascading setter.,parity,"drop-in compatibility; small surface, no large win expected"
SearchIO,Bio.SearchIO._utils,optionalcascade,optionalcascade,function,public,defined,"(cont_attr, item_attr, doc='')",False,Return a getter property with a cascading setter.,parity,"drop-in compatibility; small surface, no large win expected"
SearchIO,Bio.SearchIO._utils,fragcascade,fragcascade,function,public,defined,"(attr, seq_type, doc='')",False,"Return a getter property with cascading setter, for HSPFragment objects.",parity,"drop-in compatibility; small surface, no large win expected"
Seq,Bio.Seq,SequenceDataAbstractBaseClass,SequenceDataAbstractBaseClass,class,public,defined,,False,Abstract base class for sequence content providers.,perf,"hot path: measured or structural speed gap, kernel candidate"
Seq,Bio.Seq,decode,SequenceDataAbstractBaseClass.decode,method,public,defined,"(self, encoding='utf-8')",False,Decode the data as bytes using the codec registered for encoding.,perf,"hot path: measured or structural speed gap, kernel candidate"
Seq,Bio.Seq,count,SequenceDataAbstractBaseClass.count,method,public,defined,"(self, sub, start=None, end=None)",False,Return the number of non-overlapping occurrences of sub in data[start:end].,perf,"hot path: measured or structural speed gap, kernel candidate"
Seq,Bio.Seq,find,SequenceDataAbstractBaseClass.find,method,public,defined,"(self, sub, start=None, end=None)",False,Return the lowest index in data where subsection sub is found.,perf,"hot path: measured or structural speed gap, kernel candidate"
Seq,Bio.Seq,rfind,SequenceDataAbstractBaseClass.rfind,method,public,defined,"(self, sub, start=None, end=None)",False,Return the highest index in data where subsection sub is found.,perf,"hot path: measured or structural speed gap, kernel candidate"
Seq,Bio.Seq,index,SequenceDataAbstractBaseClass.index,method,public,defined,"(self, sub, start=None, end=None)",False,Return the lowest index in data where subsection sub is found.,perf,"hot path: measured or structural speed gap, kernel candidate"
Seq,Bio.Seq,rindex,SequenceDataAbstractBaseClass.rindex,method,public,defined,"(self, sub, start=None, end=None)",False,Return the highest index in data where subsection sub is found.,perf,"hot path: measured or structural speed gap, kernel candidate"
Seq,Bio.Seq,startswith,SequenceDataAbstractBaseClass.startswith,method,public,defined,"(self, prefix, start=None, end=None)",False,"Return True if data starts with the specified prefix, False otherwise.",perf,"hot path: measured or structural speed gap, kernel candidate"
Seq,Bio.Seq,endswith,SequenceDataAbstractBaseClass.endswith,method,public,defined,"(self, suffix, start=None, end=None)",False,"Return True if data ends with the specified suffix, False otherwise.",perf,"hot path: measured or structural speed gap, kernel candidate"
Seq,Bio.Seq,split,SequenceDataAbstractBaseClass.split,method,public,defined,"(self, sep=None, maxsplit=-1)",False,"Return a list of the sections in the data, using sep as the delimiter.",perf,"hot path: measured or structural speed gap, kernel candidate"
Seq,Bio.Seq,rsplit,SequenceDataAbstractBaseClass.rsplit,method,public,defined,"(self, sep=None, maxsplit=-1)",False,"Return a list of the sections in the data, using sep as the delimiter.",perf,"hot path: measured or structural speed gap, kernel candidate"
Seq,Bio.Seq,strip,SequenceDataAbstractBaseClass.strip,method,public,defined,"(self, chars=None)",False,Strip leading and trailing characters contained in the argument.,perf,"hot path: measured or structural speed gap, kernel candidate"
Seq,Bio.Seq,lstrip,SequenceDataAbstractBaseClass.lstrip,method,public,defined,"(self, chars=None)",False,Strip leading characters contained in the argument.,perf,"hot path: measured or structural speed gap, kernel candidate"
Seq,Bio.Seq,rstrip,SequenceDataAbstractBaseClass.rstrip,method,public,defined,"(self, chars=None)",False,Strip trailing characters contained in the argument.,perf,"hot path: measured or structural speed gap, kernel candidate"
Seq,Bio.Seq,removeprefix,SequenceDataAbstractBaseClass.removeprefix,method,public,defined,"(self, prefix)",False,Remove the prefix if present.,perf,"hot path: measured or structural speed gap, kernel candidate"
Seq,Bio.Seq,removesuffix,SequenceDataAbstractBaseClass.removesuffix,method,public,defined,"(self, suffix)",False,Remove the suffix if present.,perf,"hot path: measured or structural speed gap, kernel candidate"
Seq,Bio.Seq,upper,SequenceDataAbstractBaseClass.upper,method,public,defined,(self),False,Return a copy of data with all ASCII characters converted to uppercase.,perf,"hot path: measured or structural speed gap, kernel candidate"
Seq,Bio.Seq,lower,SequenceDataAbstractBaseClass.lower,method,public,defined,(self),False,Return a copy of data with all ASCII characters converted to lowercase.,perf,"hot path: measured or structural speed gap, kernel candidate"
Seq,Bio.Seq,isupper,SequenceDataAbstractBaseClass.isupper,method,public,defined,(self),False,Return True if all ASCII characters in data are uppercase.,perf,"hot path: measured or structural speed gap, kernel candidate"
Seq,Bio.Seq,islower,SequenceDataAbstractBaseClass.islower,method,public,defined,(self),False,Return True if all ASCII characters in data are lowercase.,perf,"hot path: measured or structural speed gap, kernel candidate"
Seq,Bio.Seq,replace,SequenceDataAbstractBaseClass.replace,method,public,defined,"(self, old, new)",False,Return a copy with all occurrences of substring old replaced by new.,perf,"hot path: measured or structural speed gap, kernel candidate"
Seq,Bio.Seq,translate,SequenceDataAbstractBaseClass.translate,method,public,defined,"(self, table, delete=b'')",False,Return a copy with each character mapped by the given translation table.,perf,"hot path: measured or structural speed gap, kernel candidate"
Seq,Bio.Seq,defined,SequenceDataAbstractBaseClass.defined,property,public,defined,(property),False,"Return True if the sequence is defined, False if undefined or partially defined.",perf,"hot path: measured or structural speed gap, kernel candidate"
Seq,Bio.Seq,defined_ranges,SequenceDataAbstractBaseClass.defined_ranges,property,public,defined,(property),False,Return a tuple of the ranges where the sequence contents is defined.,perf,"hot path: measured or structural speed gap, kernel candidate"
Seq,Bio.Seq,count,_SeqAbstractBaseClass.count,method,public,defined,"(self, sub, start=None, end=None)",False,"Return a non-overlapping count, like that of a python string.",perf,"hot path: measured or structural speed gap, kernel candidate"
Seq,Bio.Seq,count_overlap,_SeqAbstractBaseClass.count_overlap,method,public,defined,"(self, sub, start=None, end=None)",False,Return an overlapping count.,perf,"hot path: measured or structural speed gap, kernel candidate"
Seq,Bio.Seq,find,_SeqAbstractBaseClass.find,method,public,defined,"(self, sub, start=None, end=None)",False,Return the lowest index in the sequence where subsequence sub is found.,perf,"hot path: measured or structural speed gap, kernel candidate"
Seq,Bio.Seq,rfind,_SeqAbstractBaseClass.rfind,method,public,defined,"(self, sub, start=None, end=None)",False,Return the highest index in the sequence where subsequence sub is found.,perf,"hot path: measured or structural speed gap, kernel candidate"
Seq,Bio.Seq,index,_SeqAbstractBaseClass.index,method,public,defined,"(self, sub, start=None, end=None)",False,Return the lowest index in the sequence where subsequence sub is found.,perf,"hot path: measured or structural speed gap, kernel candidate"
Seq,Bio.Seq,rindex,_SeqAbstractBaseClass.rindex,method,public,defined,"(self, sub, start=None, end=None)",False,Return the highest index in the sequence where subsequence sub is found.,perf,"hot path: measured or structural speed gap, kernel candidate"
Seq,Bio.Seq,search,_SeqAbstractBaseClass.search,method,public,defined,"(self, subs)",False,Search the substrings subs in self and yield the index and substring found.,perf,"hot path: measured or structural speed gap, kernel candidate"
Seq,Bio.Seq,startswith,_SeqAbstractBaseClass.startswith,method,public,defined,"(self, prefix, start=None, end=None)",False,"Return True if the sequence starts with the given prefix, False otherwise.",perf,"hot path: measured or structural speed gap, kernel candidate"
Seq,Bio.Seq,endswith,_SeqAbstractBaseClass.endswith,method,public,defined,"(self, suffix, start=None, end=None)",False,"Return True if the sequence ends with the given suffix, False otherwise.",perf,"hot path: measured or structural speed gap, kernel candidate"
Seq,Bio.Seq,split,_SeqAbstractBaseClass.split,method,public,defined,"(self, sep=None, maxsplit=-1)",False,Return a list of subsequences when splitting the sequence by separator sep.,perf,"hot path: measured or structural speed gap, kernel candidate"
Seq,Bio.Seq,rsplit,_SeqAbstractBaseClass.rsplit,method,public,defined,"(self, sep=None, maxsplit=-1)",False,Return a list of subsequences by splitting the sequence from the right.,perf,"hot path: measured or structural speed gap, kernel candidate"
Seq,Bio.Seq,strip,_SeqAbstractBaseClass.strip,method,public,defined,"(self, chars=None, inplace=False)",False,Return a sequence object with leading and trailing ends stripped.,perf,"hot path: measured or structural speed gap, kernel candidate"
Seq,Bio.Seq,lstrip,_SeqAbstractBaseClass.lstrip,method,public,defined,"(self, chars=None, inplace=False)",False,Return a sequence object with leading and trailing ends stripped.,perf,"hot path: measured or structural speed gap, kernel candidate"
Seq,Bio.Seq,rstrip,_SeqAbstractBaseClass.rstrip,method,public,defined,"(self, chars=None, inplace=False)",False,Return a sequence object with trailing ends stripped.,perf,"hot path: measured or structural speed gap, kernel candidate"
Seq,Bio.Seq,removeprefix,_SeqAbstractBaseClass.removeprefix,method,public,defined,"(self, prefix, inplace=False)",False,Return a new Seq object with prefix (left) removed.,perf,"hot path: measured or structural speed gap, kernel candidate"
Seq,Bio.Seq,removesuffix,_SeqAbstractBaseClass.removesuffix,method,public,defined,"(self, suffix, inplace=False)",False,Return a new Seq object with suffix (right) removed.,perf,"hot path: measured or structural speed gap, kernel candidate"
Seq,Bio.Seq,upper,_SeqAbstractBaseClass.upper,method,public,defined,"(self, inplace=False)",False,Return the sequence in upper case.,perf,"hot path: measured or structural speed gap, kernel candidate"
Seq,Bio.Seq,lower,_SeqAbstractBaseClass.lower,method,public,defined,"(self, inplace=False)",False,Return the sequence in lower case.,perf,"hot path: measured or structural speed gap, kernel candidate"
Seq,Bio.Seq,isupper,_SeqAbstractBaseClass.isupper,method,public,defined,(self),False,Return True if all ASCII characters in data are uppercase.,perf,"hot path: measured or structural speed gap, kernel candidate"
Seq,Bio.Seq,islower,_SeqAbstractBaseClass.islower,method,public,defined,(self),False,Return True if all ASCII characters in data are lowercase.,perf,"hot path: measured or structural speed gap, kernel candidate"
Seq,Bio.Seq,translate,_SeqAbstractBaseClass.translate,method,public,defined,"(self, table='Standard', stop_symbol='*', to_stop=False, cds=False, gap='-')",False,Turn a nucleotide sequence into a protein sequence by creating a new sequence object.,perf,"hot path: measured or structural speed gap, kernel candidate"
Seq,Bio.Seq,complement,_SeqAbstractBaseClass.complement,method,public,defined,"(self, inplace=False)",False,Return the complement as a DNA sequence.,perf,"hot path: measured or structural speed gap, kernel candidate"
Seq,Bio.Seq,complement_rna,_SeqAbstractBaseClass.complement_rna,method,public,defined,"(self, inplace=False)",False,Return the complement as an RNA sequence.,perf,"hot path: measured or structural speed gap, kernel candidate"
Seq,Bio.Seq,reverse_complement,_SeqAbstractBaseClass.reverse_complement,method,public,defined,"(self, inplace=False)",False,Return the reverse complement as a DNA sequence.,perf,"hot path: measured or structural speed gap, kernel candidate"
Seq,Bio.Seq,reverse_complement_rna,_SeqAbstractBaseClass.reverse_complement_rna,method,public,defined,"(self, inplace=False)",False,Return the reverse complement as an RNA sequence.,perf,"hot path: measured or structural speed gap, kernel candidate"
Seq,Bio.Seq,transcribe,_SeqAbstractBaseClass.transcribe,method,public,defined,"(self, inplace=False)",False,Transcribe a DNA sequence into RNA and return the RNA sequence as a new Seq object.,perf,"hot path: measured or structural speed gap, kernel candidate"
Seq,Bio.Seq,back_transcribe,_SeqAbstractBaseClass.back_transcribe,method,public,defined,"(self, inplace=False)",False,Return the DNA sequence from an RNA sequence by creating a new Seq object.,perf,"hot path: measured or structural speed gap, kernel candidate"
Seq,Bio.Seq,join,_SeqAbstractBaseClass.join,method,public,defined,"(self, other)",False,"Return a merge of the sequences in other, spaced by the sequence from self.",perf,"hot path: measured or structural speed gap, kernel candidate"
Seq,Bio.Seq,replace,_SeqAbstractBaseClass.replace,method,public,defined,"(self, old, new, inplace=False)",False,Return a copy with all occurrences of subsequence old replaced by new.,perf,"hot path: measured or structural speed gap, kernel candidate"
Seq,Bio.Seq,defined,_SeqAbstractBaseClass.defined,property,public,defined,(property),False,"Return True if the sequence is defined, False if undefined or partially defined.",perf,"hot path: measured or structural speed gap, kernel candidate"
Seq,Bio.Seq,defined_ranges,_SeqAbstractBaseClass.defined_ranges,property,public,defined,(property),False,Return a tuple of the ranges where the sequence contents is defined.,perf,"hot path: measured or structural speed gap, kernel candidate"
Seq,Bio.Seq,Seq,Seq,class,public,defined,,False,Read-only sequence object (essentially a string with biological methods).,perf,"hot path: measured or structural speed gap, kernel candidate"
Seq,Bio.Seq,MutableSeq,MutableSeq,class,public,defined,,False,An editable sequence object.,perf,"hot path: measured or structural speed gap, kernel candidate"
Seq,Bio.Seq,append,MutableSeq.append,method,public,defined,"(self, c)",False,Add a subsequence to the mutable sequence object.,perf,"hot path: measured or structural speed gap, kernel candidate"
Seq,Bio.Seq,insert,MutableSeq.insert,method,public,defined,"(self, i, c)",False,Add a subsequence to the mutable sequence object at a given index.,perf,"hot path: measured or structural speed gap, kernel candidate"
Seq,Bio.Seq,pop,MutableSeq.pop,method,public,defined,"(self, i=-1)",False,Remove a subsequence of a single letter at given index.,perf,"hot path: measured or structural speed gap, kernel candidate"
Seq,Bio.Seq,remove,MutableSeq.remove,method,public,defined,"(self, item)",False,Remove a subsequence of a single letter from mutable sequence.,perf,"hot path: measured or structural speed gap, kernel candidate"
Seq,Bio.Seq,reverse,MutableSeq.reverse,method,public,defined,(self),False,Modify the mutable sequence to reverse itself.,perf,"hot path: measured or structural speed gap, kernel candidate"
Seq,Bio.Seq,extend,MutableSeq.extend,method,public,defined,"(self, other)",False,Add a sequence to the original mutable sequence object.,perf,"hot path: measured or structural speed gap, kernel candidate"
Seq,Bio.Seq,UndefinedSequenceError,UndefinedSequenceError,exception,public,defined,,False,Sequence contents is undefined.,perf,"hot path: measured or structural speed gap, kernel candidate"
Seq,Bio.Seq,upper,_UndefinedSequenceData.upper,method,public,defined,(self),False,Return an upper case copy of the sequence.,perf,"hot path: measured or structural speed gap, kernel candidate"
Seq,Bio.Seq,lower,_UndefinedSequenceData.lower,method,public,defined,(self),False,Return a lower case copy of the sequence.,perf,"hot path: measured or structural speed gap, kernel candidate"
Seq,Bio.Seq,isupper,_UndefinedSequenceData.isupper,method,public,defined,(self),False,Return True if all ASCII characters in data are uppercase.,perf,"hot path: measured or structural speed gap, kernel candidate"
Seq,Bio.Seq,islower,_UndefinedSequenceData.islower,method,public,defined,(self),False,Return True if all ASCII characters in data are lowercase.,perf,"hot path: measured or structural speed gap, kernel candidate"
Seq,Bio.Seq,replace,_UndefinedSequenceData.replace,method,public,defined,"(self, old, new)",False,Return a copy with all occurrences of substring old replaced by new.,perf,"hot path: measured or structural speed gap, kernel candidate"
Seq,Bio.Seq,defined,_UndefinedSequenceData.defined,property,public,defined,(property),False,"Return False, as the sequence is not defined and has a non-zero length.",perf,"hot path: measured or structural speed gap, kernel candidate"
Seq,Bio.Seq,defined_ranges,_UndefinedSequenceData.defined_ranges,property,public,defined,(property),False,Return a tuple of the ranges where the sequence contents is defined.,perf,"hot path: measured or structural speed gap, kernel candidate"
Seq,Bio.Seq,upper,_PartiallyDefinedSequenceData.upper,method,public,defined,(self),False,Return an upper case copy of the sequence.,perf,"hot path: measured or structural speed gap, kernel candidate"
Seq,Bio.Seq,lower,_PartiallyDefinedSequenceData.lower,method,public,defined,(self),False,Return a lower case copy of the sequence.,perf,"hot path: measured or structural speed gap, kernel candidate"
Seq,Bio.Seq,isupper,_PartiallyDefinedSequenceData.isupper,method,public,defined,(self),False,Return True if all ASCII characters in data are uppercase.,perf,"hot path: measured or structural speed gap, kernel candidate"
Seq,Bio.Seq,islower,_PartiallyDefinedSequenceData.islower,method,public,defined,(self),False,Return True if all ASCII characters in data are lowercase.,perf,"hot path: measured or structural speed gap, kernel candidate"
Seq,Bio.Seq,translate,_PartiallyDefinedSequenceData.translate,method,public,defined,"(self, table, delete=b'')",False,Return a copy with each character mapped by the given translation table.,perf,"hot path: measured or structural speed gap, kernel candidate"
Seq,Bio.Seq,replace,_PartiallyDefinedSequenceData.replace,method,public,defined,"(self, old, new)",False,Return a copy with all occurrences of substring old replaced by new.,perf,"hot path: measured or structural speed gap, kernel candidate"
Seq,Bio.Seq,defined,_PartiallyDefinedSequenceData.defined,property,public,defined,(property),False,"Return False, as the sequence is not fully defined and has a non-zero length.",perf,"hot path: measured or structural speed gap, kernel candidate"
Seq,Bio.Seq,defined_ranges,_PartiallyDefinedSequenceData.defined_ranges,property,public,defined,(property),False,Return a tuple of the ranges where the sequence contents is defined.,perf,"hot path: measured or structural speed gap, kernel candidate"
Seq,Bio.Seq,transcribe,transcribe,function,public,defined,(dna),False,Transcribe a DNA sequence into RNA.,perf,"hot path: measured or structural speed gap, kernel candidate"
Seq,Bio.Seq,back_transcribe,back_transcribe,function,public,defined,(rna),False,Return the RNA sequence back-transcribed into DNA.,perf,"hot path: measured or structural speed gap, kernel candidate"
Seq,Bio.Seq,translate,translate,function,public,defined,"(sequence, table='Standard', stop_symbol='*', to_stop=False, cds=False, gap=None)",False,Translate a nucleotide sequence into amino acids.,perf,"hot path: measured or structural speed gap, kernel candidate"
Seq,Bio.Seq,reverse_complement,reverse_complement,function,public,defined,"(sequence, inplace=False)",False,Return the reverse complement as a DNA sequence.,perf,"hot path: measured or structural speed gap, kernel candidate"
Seq,Bio.Seq,reverse_complement_rna,reverse_complement_rna,function,public,defined,"(sequence, inplace=False)",False,Return the reverse complement as an RNA sequence.,perf,"hot path: measured or structural speed gap, kernel candidate"
Seq,Bio.Seq,complement,complement,function,public,defined,"(sequence, inplace=False)",False,Return the complement as a DNA sequence.,perf,"hot path: measured or structural speed gap, kernel candidate"
Seq,Bio.Seq,complement_rna,complement_rna,function,public,defined,"(sequence, inplace=False)",False,Return the complement as an RNA sequence.,perf,"hot path: measured or structural speed gap, kernel candidate"
SeqFeature,Bio.SeqFeature,LocationParserError,LocationParserError,exception,public,defined,,False,Could not parse a feature location string.,parity,"drop-in compatibility; small surface, no large win expected"
SeqFeature,Bio.SeqFeature,SeqFeature,SeqFeature,class,public,defined,,False,Represent a Sequence Feature on an object.,parity,"drop-in compatibility; small surface, no large win expected"
SeqFeature,Bio.SeqFeature,extract,SeqFeature.extract,method,public,defined,"(self, parent_sequence, references=None)",False,Extract the feature's sequence from supplied parent sequence.,parity,"drop-in compatibility; small surface, no large win expected"
SeqFeature,Bio.SeqFeature,translate,SeqFeature.translate,method,public,defined,"(self, parent_sequence, table='Standard', start_offset=None, stop_symbol='*', to_stop=False, cds=None, gap=None)",False,Get a translation of the feature's sequence.,parity,"drop-in compatibility; small surface, no large win expected"
SeqFeature,Bio.SeqFeature,Reference,Reference,class,public,defined,,False,Represent a Generic Reference object.,parity,"drop-in compatibility; small surface, no large win expected"
SeqFeature,Bio.SeqFeature,Location,Location,class,public,defined,,False,Abstract base class representing a location.,parity,"drop-in compatibility; small surface, no large win expected"
SeqFeature,Bio.SeqFeature,fromstring,Location.fromstring,staticmethod,public,defined,"(text, length=None, circular=False, stranded=True)",False,Create a Location object from a string.,parity,"drop-in compatibility; small surface, no large win expected"
SeqFeature,Bio.SeqFeature,SimpleLocation,SimpleLocation,class,public,defined,,False,Specify the location of a feature along a sequence.,parity,"drop-in compatibility; small surface, no large win expected"
SeqFeature,Bio.SeqFeature,fromstring,SimpleLocation.fromstring,staticmethod,public,defined,"(text, length=None, circular=False)",False,Create a SimpleLocation object from a string.,parity,"drop-in compatibility; small surface, no large win expected"
SeqFeature,Bio.SeqFeature,strand,SimpleLocation.strand,property,public,defined,(property),False,"Strand of the location (+1, -1, 0 or None).",parity,"drop-in compatibility; small surface, no large win expected"
SeqFeature,Bio.SeqFeature,parts,SimpleLocation.parts,property,public,defined,(property),False,"Read only list of sections (always one, the SimpleLocation object).",parity,"drop-in compatibility; small surface, no large win expected"
SeqFeature,Bio.SeqFeature,start,SimpleLocation.start,property,public,defined,(property),False,"Start location - left most (minimum) value, regardless of strand.",parity,"drop-in compatibility; small surface, no large win expected"
SeqFeature,Bio.SeqFeature,end,SimpleLocation.end,property,public,defined,(property),False,"End location - right most (maximum) value, regardless of strand.",parity,"drop-in compatibility; small surface, no large win expected"
SeqFeature,Bio.SeqFeature,extract,SimpleLocation.extract,method,public,defined,"(self, parent_sequence, references=None)",False,Extract the sequence from supplied parent sequence using the SimpleLocation object.,parity,"drop-in compatibility; small surface, no large win expected"
SeqFeature,Bio.SeqFeature,FeatureLocation,FeatureLocation,class,public,defined,,False,Specify the location of a feature along a sequence.,parity,"drop-in compatibility; small surface, no large win expected"
SeqFeature,Bio.SeqFeature,fromstring,SimpleLocation.fromstring,staticmethod,public,defined,"(text, length=None, circular=False)",False,Create a SimpleLocation object from a string.,parity,"drop-in compatibility; small surface, no large win expected"
SeqFeature,Bio.SeqFeature,strand,SimpleLocation.strand,property,public,defined,(property),False,"Strand of the location (+1, -1, 0 or None).",parity,"drop-in compatibility; small surface, no large win expected"
SeqFeature,Bio.SeqFeature,parts,SimpleLocation.parts,property,public,defined,(property),False,"Read only list of sections (always one, the SimpleLocation object).",parity,"drop-in compatibility; small surface, no large win expected"
SeqFeature,Bio.SeqFeature,start,SimpleLocation.start,property,public,defined,(property),False,"Start location - left most (minimum) value, regardless of strand.",parity,"drop-in compatibility; small surface, no large win expected"
SeqFeature,Bio.SeqFeature,end,SimpleLocation.end,property,public,defined,(property),False,"End location - right most (maximum) value, regardless of strand.",parity,"drop-in compatibility; small surface, no large win expected"
SeqFeature,Bio.SeqFeature,extract,SimpleLocation.extract,method,public,defined,"(self, parent_sequence, references=None)",False,Extract the sequence from supplied parent sequence using the SimpleLocation object.,parity,"drop-in compatibility; small surface, no large win expected"
SeqFeature,Bio.SeqFeature,CompoundLocation,CompoundLocation,class,public,defined,,False,For handling joins etc where a feature location has several parts.,parity,"drop-in compatibility; small surface, no large win expected"
SeqFeature,Bio.SeqFeature,strand,CompoundLocation.strand,property,public,defined,(property),False,Overall strand of the compound location.,parity,"drop-in compatibility; small surface, no large win expected"
SeqFeature,Bio.SeqFeature,start,CompoundLocation.start,property,public,defined,(property),False,"Start location - left most (minimum) value, regardless of strand.",parity,"drop-in compatibility; small surface, no large win expected"
SeqFeature,Bio.SeqFeature,end,CompoundLocation.end,property,public,defined,(property),False,"End location - right most (maximum) value, regardless of strand.",parity,"drop-in compatibility; small surface, no large win expected"
SeqFeature,Bio.SeqFeature,ref,CompoundLocation.ref,property,public,defined,(property),False,"Not present in CompoundLocation, dummy method for API compatibility.",parity,"drop-in compatibility; small surface, no large win expected"
SeqFeature,Bio.SeqFeature,ref_db,CompoundLocation.ref_db,property,public,defined,(property),False,"Not present in CompoundLocation, dummy method for API compatibility.",parity,"drop-in compatibility; small surface, no large win expected"
SeqFeature,Bio.SeqFeature,extract,CompoundLocation.extract,method,public,defined,"(self, parent_sequence, references=None)",False,Extract the sequence from supplied parent sequence using the CompoundLocation object.,parity,"drop-in compatibility; small surface, no large win expected"
SeqFeature,Bio.SeqFeature,Position,Position,class,public,defined,,False,Abstract base class representing a position.,parity,"drop-in compatibility; small surface, no large win expected"
SeqFeature,Bio.SeqFeature,fromstring,Position.fromstring,staticmethod,public,defined,"(text, offset=0)",False,Build a Position object from the text string.,parity,"drop-in compatibility; small surface, no large win expected"
SeqFeature,Bio.SeqFeature,ExactPosition,ExactPosition,class,public,defined,,False,Specify the specific position of a boundary.,parity,"drop-in compatibility; small surface, no large win expected"
SeqFeature,Bio.SeqFeature,UncertainPosition,UncertainPosition,class,public,defined,,False,Specify a specific position which is uncertain.,parity,"drop-in compatibility; small surface, no large win expected"
SeqFeature,Bio.SeqFeature,UnknownPosition,UnknownPosition,class,public,defined,,False,Specify a specific position which is unknown (has no position).,parity,"drop-in compatibility; small surface, no large win expected"
SeqFeature,Bio.SeqFeature,WithinPosition,WithinPosition,class,public,defined,,False,Specify the position of a boundary within some coordinates.,parity,"drop-in compatibility; small surface, no large win expected"
SeqFeature,Bio.SeqFeature,BetweenPosition,BetweenPosition,class,public,defined,,False,Specify the position of a boundary between two coordinates (OBSOLETE?).,parity,"drop-in compatibility; small surface, no large win expected"
SeqFeature,Bio.SeqFeature,BeforePosition,BeforePosition,class,public,defined,,False,Specify a position where the actual location occurs before it.,parity,"drop-in compatibility; small surface, no large win expected"
SeqFeature,Bio.SeqFeature,AfterPosition,AfterPosition,class,public,defined,,False,Specify a position where the actual location is found after it.,parity,"drop-in compatibility; small surface, no large win expected"
SeqFeature,Bio.SeqFeature,OneOfPosition,OneOfPosition,class,public,defined,,False,Specify a position where the location can be multiple positions.,parity,"drop-in compatibility; small surface, no large win expected"
SeqIO,Bio.SeqIO,AlignmentSequenceIterator,AlignmentSequenceIterator,class,public,defined,,False,Pareses an alignment file and yields sequence records.,parity,"drop-in compatibility; small surface, no large win expected"
SeqIO,Bio.SeqIO,fmt,AlignmentSequenceIterator.fmt,property,public,defined,(property),False,Alignment file format name.,parity,"drop-in compatibility; small surface, no large win expected"
SeqIO,Bio.SeqIO,AlignmentSequenceWriter,AlignmentSequenceWriter,class,public,defined,,False,Writes sequences as an alignment.,parity,"drop-in compatibility; small surface, no large win expected"
SeqIO,Bio.SeqIO,write_records,AlignmentSequenceWriter.write_records,method,public,defined,"(self, records)",False,"Write records to the output file, and return the number of records.",parity,"drop-in compatibility; small surface, no large win expected"
SeqIO,Bio.SeqIO,write,write,function,public,defined,"(sequences: collections.abc.Iterable[Bio.SeqRecord.SeqRecord] | Bio.SeqRecord.SeqRecord, handle: Union[IO[str], os.PathLike, str, bytes], format: str) -> int",False,Write complete set of sequences to a file.,parity,"drop-in compatibility; small surface, no large win expected"
SeqIO,Bio.SeqIO,parse,parse,function,public,defined,"(handle, format, alphabet=None)",False,Turn a sequence file into an iterator returning SeqRecords.,parity,"drop-in compatibility; small surface, no large win expected"
SeqIO,Bio.SeqIO,read,read,function,public,defined,"(handle, format, alphabet=None)",False,Turn a sequence file into a single SeqRecord.,parity,"drop-in compatibility; small surface, no large win expected"
SeqIO,Bio.SeqIO,to_dict,to_dict,function,public,defined,"(sequences, key_function=None)",False,Turn a sequence iterator or list into a dictionary.,parity,"drop-in compatibility; small surface, no large win expected"
SeqIO,Bio.SeqIO,index,index,function,public,defined,"(filename, format, alphabet=None, key_function=None)",False,Indexes a sequence file and returns a dictionary like object.,parity,"drop-in compatibility; small surface, no large win expected"
SeqIO,Bio.SeqIO,index_db,index_db,function,public,defined,"(index_filename, filenames=None, format=None, alphabet=None, key_function=None)",False,Index several sequence files and return a dictionary like object.,parity,"drop-in compatibility; small surface, no large win expected"
SeqIO,Bio.SeqIO,convert,convert,function,public,defined,"(in_file, in_format, out_file, out_format, molecule_type=None)",False,"Convert between two sequence file formats, return number of records.",parity,"drop-in compatibility; small surface, no large win expected"
SeqIO,Bio.SeqIO.AbiIO,AbiIterator,AbiIterator,class,public,defined,,False,Parser for Abi files.,parity,"drop-in compatibility; small surface, no large win expected"
SeqIO,Bio.SeqIO.AceIO,AceIterator,AceIterator,class,public,defined,,False,Return SeqRecord objects from an ACE file.,parity,"drop-in compatibility; small surface, no large win expected"
SeqIO,Bio.SeqIO.FastaIO,SimpleFastaParser,SimpleFastaParser,function,public,defined,(handle),False,Iterate over Fasta records as string tuples.,perf,"hot path: measured or structural speed gap, kernel candidate"
SeqIO,Bio.SeqIO.FastaIO,FastaTwoLineParser,FastaTwoLineParser,function,public,defined,(handle),False,Iterate over no-wrapping Fasta records as string tuples.,perf,"hot path: measured or structural speed gap, kernel candidate"
SeqIO,Bio.SeqIO.FastaIO,FastaIterator,FastaIterator,class,public,defined,,False,Parser for plain Fasta files without comments.,perf,"hot path: measured or structural speed gap, kernel candidate"
SeqIO,Bio.SeqIO.FastaIO,FastaTwoLineIterator,FastaTwoLineIterator,class,public,defined,,False,Parser for Fasta files with exactly two lines per record.,perf,"hot path: measured or structural speed gap, kernel candidate"
SeqIO,Bio.SeqIO.FastaIO,FastaBlastIterator,FastaBlastIterator,class,public,defined,,False,"Parser for Fasta files, allowing for comments as in BLAST.",perf,"hot path: measured or structural speed gap, kernel candidate"
SeqIO,Bio.SeqIO.FastaIO,FastaPearsonIterator,FastaPearsonIterator,class,public,defined,,False,"Parser for Fasta files, allowing for comments as in the FASTA aligner.",perf,"hot path: measured or structural speed gap, kernel candidate"
SeqIO,Bio.SeqIO.FastaIO,FastaWriter,FastaWriter,class,public,defined,,False,FASTA file writer.,perf,"hot path: measured or structural speed gap, kernel candidate"
SeqIO,Bio.SeqIO.FastaIO,to_string,FastaWriter.to_string,classmethod,public,defined,"(cls, record)",False,"Turn a SeqRecord into a FASTA formatted string, and return it.",perf,"hot path: measured or structural speed gap, kernel candidate"
SeqIO,Bio.SeqIO.FastaIO,write_record,FastaWriter.write_record,method,public,defined,"(self, record)",False,Write a single Fasta record to the file.,perf,"hot path: measured or structural speed gap, kernel candidate"
SeqIO,Bio.SeqIO.FastaIO,FastaTwoLineWriter,FastaTwoLineWriter,class,public,defined,,False,Class to write 2-line per record Fasta format files.,perf,"hot path: measured or structural speed gap, kernel candidate"
SeqIO,Bio.SeqIO.FastaIO,to_string,FastaTwoLineWriter.to_string,classmethod,public,defined,"(cls, record)",False,Return a string in FASTA format with the sequence as one line.,perf,"hot path: measured or structural speed gap, kernel candidate"
SeqIO,Bio.SeqIO.FastaIO,as_fasta,as_fasta,function,public,defined,(record),False,Turn a SeqRecord into a FASTA formatted string.,perf,"hot path: measured or structural speed gap, kernel candidate"
SeqIO,Bio.SeqIO.FastaIO,as_fasta_2line,as_fasta_2line,function,public,defined,(record),False,Turn a SeqRecord into a two-line FASTA formatted string.,perf,"hot path: measured or structural speed gap, kernel candidate"
SeqIO,Bio.SeqIO.GckIO,GckIterator,GckIterator,class,public,defined,,False,Parser for GCK files.,parity,"drop-in compatibility; small surface, no large win expected"
SeqIO,Bio.SeqIO.GfaIO,Gfa1Iterator,Gfa1Iterator,class,public,defined,,False,Parser for GFA 1.x files.,parity,"drop-in compatibility; small surface, no large win expected"
SeqIO,Bio.SeqIO.GfaIO,Gfa2Iterator,Gfa2Iterator,class,public,defined,,False,Parser for GFA 2.0 files.,parity,"drop-in compatibility; small surface, no large win expected"
SeqIO,Bio.SeqIO.IgIO,IgIterator,IgIterator,class,public,defined,,False,Parser for IntelliGenetics files.,parity,"drop-in compatibility; small surface, no large win expected"
SeqIO,Bio.SeqIO.InsdcIO,GenBankIterator,GenBankIterator,class,public,defined,,False,Parser for GenBank files.,parity,"drop-in compatibility; small surface, no large win expected"
SeqIO,Bio.SeqIO.InsdcIO,EmblIterator,EmblIterator,class,public,defined,,False,Parser for EMBL files.,parity,"drop-in compatibility; small surface, no large win expected"
SeqIO,Bio.SeqIO.InsdcIO,ImgtIterator,ImgtIterator,class,public,defined,,False,Parser for IMGT files.,parity,"drop-in compatibility; small surface, no large win expected"
SeqIO,Bio.SeqIO.InsdcIO,GenBankCdsFeatureIterator,GenBankCdsFeatureIterator,class,public,defined,,False,"Parser for GenBank files, creating a SeqRecord for each CDS feature.",parity,"drop-in compatibility; small surface, no large win expected"
SeqIO,Bio.SeqIO.InsdcIO,EmblCdsFeatureIterator,EmblCdsFeatureIterator,class,public,defined,,False,"Parser for EMBL files, creating a SeqRecord for each CDS feature.",parity,"drop-in compatibility; small surface, no large win expected"
SeqIO,Bio.SeqIO.InsdcIO,GenBankWriter,GenBankWriter,class,public,defined,,False,GenBank writer.,parity,"drop-in compatibility; small surface, no large win expected"
SeqIO,Bio.SeqIO.InsdcIO,write_record,GenBankWriter.write_record,method,public,defined,"(self, record)",False,Write a single record to the output file.,parity,"drop-in compatibility; small surface, no large win expected"
SeqIO,Bio.SeqIO.InsdcIO,EmblWriter,EmblWriter,class,public,defined,,False,EMBL writer.,parity,"drop-in compatibility; small surface, no large win expected"
SeqIO,Bio.SeqIO.InsdcIO,write_record,EmblWriter.write_record,method,public,defined,"(self, record)",False,Write a single record to the output file.,parity,"drop-in compatibility; small surface, no large win expected"
SeqIO,Bio.SeqIO.InsdcIO,ImgtWriter,ImgtWriter,class,public,defined,,False,IMGT writer (EMBL format variant).,parity,"drop-in compatibility; small surface, no large win expected"
SeqIO,Bio.SeqIO.Interfaces,SequenceIterator,SequenceIterator,class,public,defined,,False,Base class for building SeqRecord iterators.,parity,"drop-in compatibility; small surface, no large win expected"
SeqIO,Bio.SeqIO.Interfaces,modes,SequenceIterator.modes,property,public,defined,(property),False,Can the parser handle binary and/or text modes.,parity,"drop-in compatibility; small surface, no large win expected"
SeqIO,Bio.SeqIO.Interfaces,SequenceWriter,SequenceWriter,class,public,defined,,False,Base class for sequence writers. This class should be subclassed.,parity,"drop-in compatibility; small surface, no large win expected"
SeqIO,Bio.SeqIO.Interfaces,modes,SequenceWriter.modes,property,public,defined,(property),False,Can the parser handle binary and/or text modes.,parity,"drop-in compatibility; small surface, no large win expected"
SeqIO,Bio.SeqIO.Interfaces,clean,SequenceWriter.clean,method,public,defined,"(self, text: str) -> str",False,Use this to avoid getting newlines in the output.,parity,"drop-in compatibility; small surface, no large win expected"
SeqIO,Bio.SeqIO.Interfaces,to_string,SequenceWriter.to_string,classmethod,public,defined,"(cls, record)",False,Format the record and return the string.,parity,"drop-in compatibility; small surface, no large win expected"
SeqIO,Bio.SeqIO.Interfaces,write_record,SequenceWriter.write_record,method,public,defined,"(self, record)",False,Write a single record to the output file.,parity,"drop-in compatibility; small surface, no large win expected"
SeqIO,Bio.SeqIO.Interfaces,write_records,SequenceWriter.write_records,method,public,defined,"(self, records)",False,"Write records to the output file, and return the number of records.",parity,"drop-in compatibility; small surface, no large win expected"
SeqIO,Bio.SeqIO.Interfaces,write_file,SequenceWriter.write_file,method,public,defined,"(self, records)",False,"Write a complete file with the records, and return the number of records.",parity,"drop-in compatibility; small surface, no large win expected"
SeqIO,Bio.SeqIO.NibIO,NibIterator,NibIterator,class,public,defined,,False,Parser for nib files.,parity,"drop-in compatibility; small surface, no large win expected"
SeqIO,Bio.SeqIO.NibIO,NibWriter,NibWriter,class,public,defined,,False,Nib file writer.,parity,"drop-in compatibility; small surface, no large win expected"
SeqIO,Bio.SeqIO.NibIO,write_header,NibWriter.write_header,method,public,defined,(self),False,Write the file header.,parity,"drop-in compatibility; small surface, no large win expected"
SeqIO,Bio.SeqIO.NibIO,write_record,NibWriter.write_record,method,public,defined,"(self, record)",False,Write a single record to the output file.,parity,"drop-in compatibility; small surface, no large win expected"
SeqIO,Bio.SeqIO.NibIO,write_records,NibWriter.write_records,method,public,defined,"(self, records)",False,"Write records to the output file, and return the number of records.",parity,"drop-in compatibility; small surface, no large win expected"
SeqIO,Bio.SeqIO.PdbIO,AtomIterator,AtomIterator,function,public,defined,"(pdb_id, structure)",False,Return SeqRecords from Structure objects.,parity,"drop-in compatibility; small surface, no large win expected"
SeqIO,Bio.SeqIO.PdbIO,PdbSeqresIterator,PdbSeqresIterator,class,public,defined,,False,Parser for PDB files.,parity,"drop-in compatibility; small surface, no large win expected"
SeqIO,Bio.SeqIO.PdbIO,PdbAtomIterator,PdbAtomIterator,class,public,defined,,False,Parser for structures in a PDB files.,parity,"drop-in compatibility; small surface, no large win expected"
SeqIO,Bio.SeqIO.PdbIO,CifSeqresIterator,CifSeqresIterator,class,public,defined,,False,Parser for chains in an mmCIF files.,parity,"drop-in compatibility; small surface, no large win expected"
SeqIO,Bio.SeqIO.PdbIO,CifAtomIterator,CifAtomIterator,class,public,defined,,False,Parser for structures in an mmCIF files.,parity,"drop-in compatibility; small surface, no large win expected"
SeqIO,Bio.SeqIO.PhdIO,PhdIterator,PhdIterator,class,public,defined,,False,Parser for PHD files.,parity,"drop-in compatibility; small surface, no large win expected"
SeqIO,Bio.SeqIO.PhdIO,PhdWriter,PhdWriter,class,public,defined,,False,Class to write Phd format files.,parity,"drop-in compatibility; small surface, no large win expected"
SeqIO,Bio.SeqIO.PhdIO,write_record,PhdWriter.write_record,method,public,defined,"(self, record)",False,Write a single Phd record to the file.,parity,"drop-in compatibility; small surface, no large win expected"
SeqIO,Bio.SeqIO.PirIO,PirIterator,PirIterator,class,public,defined,,False,Parser for PIR files.,parity,"drop-in compatibility; small surface, no large win expected"
SeqIO,Bio.SeqIO.PirIO,PirWriter,PirWriter,class,public,defined,,False,Class to write PIR format files.,parity,"drop-in compatibility; small surface, no large win expected"
SeqIO,Bio.SeqIO.PirIO,write_record,PirWriter.write_record,method,public,defined,"(self, record)",False,Write a single PIR record to the file.,parity,"drop-in compatibility; small surface, no large win expected"
SeqIO,Bio.SeqIO.QualityIO,solexa_quality_from_phred,solexa_quality_from_phred,function,public,defined,(phred_quality: float) -> float,False,Convert a PHRED quality (range 0 to about 90) to a Solexa quality.,perf,"hot path: measured or structural speed gap, kernel candidate"
SeqIO,Bio.SeqIO.QualityIO,phred_quality_from_solexa,phred_quality_from_solexa,function,public,defined,(solexa_quality: float) -> float,False,Convert a Solexa quality (which can be negative) to a PHRED quality.,perf,"hot path: measured or structural speed gap, kernel candidate"
SeqIO,Bio.SeqIO.QualityIO,FastqGeneralIterator,FastqGeneralIterator,function,public,defined,"(source: Union[IO[str], os.PathLike, str, bytes]) -> collections.abc.Iterator[tuple[str, str, str]]",False,Iterate over Fastq records as string tuples (not as SeqRecord objects).,perf,"hot path: measured or structural speed gap, kernel candidate"
SeqIO,Bio.SeqIO.QualityIO,FastqIteratorAbstractBaseClass,FastqIteratorAbstractBaseClass,class,public,defined,,False,Abstract base class for FASTQ file parsers.,perf,"hot path: measured or structural speed gap, kernel candidate"
SeqIO,Bio.SeqIO.QualityIO,q_mapping,FastqIteratorAbstractBaseClass.q_mapping,property,public,defined,(property),False,Dictionary that maps letters in the quality string to quality values.,perf,"hot path: measured or structural speed gap, kernel candidate"
SeqIO,Bio.SeqIO.QualityIO,q_key,FastqIteratorAbstractBaseClass.q_key,property,public,defined,(property),False,Key name (string) of the quality values in record.letter_annotations.,perf,"hot path: measured or structural speed gap, kernel candidate"
SeqIO,Bio.SeqIO.QualityIO,FastqPhredIterator,FastqPhredIterator,class,public,defined,,False,Parser for FASTQ files.,perf,"hot path: measured or structural speed gap, kernel candidate"
SeqIO,Bio.SeqIO.QualityIO,FastqSolexaIterator,FastqSolexaIterator,class,public,defined,,False,Parser for old Solexa/Illumina FASTQ like files.,perf,"hot path: measured or structural speed gap, kernel candidate"
SeqIO,Bio.SeqIO.QualityIO,FastqIlluminaIterator,FastqIlluminaIterator,class,public,defined,,False,Parser for Illumina 1.3 to 1.7 FASTQ like files.,perf,"hot path: measured or structural speed gap, kernel candidate"
SeqIO,Bio.SeqIO.QualityIO,QualPhredIterator,QualPhredIterator,class,public,defined,,False,Parser for QUAL files with PHRED quality scores but no sequence.,perf,"hot path: measured or structural speed gap, kernel candidate"
SeqIO,Bio.SeqIO.QualityIO,FastqPhredWriter,FastqPhredWriter,class,public,defined,,False,Class to write standard FASTQ format files (using PHRED quality scores).,perf,"hot path: measured or structural speed gap, kernel candidate"
SeqIO,Bio.SeqIO.QualityIO,to_string,FastqPhredWriter.to_string,classmethod,public,defined,"(cls, record)",False,"Turn a SeqRecord into a Sanger FASTQ formatted string, and return it.",perf,"hot path: measured or structural speed gap, kernel candidate"
SeqIO,Bio.SeqIO.QualityIO,write_record,FastqPhredWriter.write_record,method,public,defined,"(self, record: Bio.SeqRecord.SeqRecord) -> None",False,Write a single FASTQ record to the file.,perf,"hot path: measured or structural speed gap, kernel candidate"
SeqIO,Bio.SeqIO.QualityIO,as_fastq,as_fastq,function,public,defined,(record: Bio.SeqRecord.SeqRecord) -> str,False,"Turn a SeqRecord into a Sanger FASTQ formatted string, and return it.",perf,"hot path: measured or structural speed gap, kernel candidate"
SeqIO,Bio.SeqIO.QualityIO,QualPhredWriter,QualPhredWriter,class,public,defined,,False,Class to write QUAL format files (using PHRED quality scores).,perf,"hot path: measured or structural speed gap, kernel candidate"
SeqIO,Bio.SeqIO.QualityIO,to_string,QualPhredWriter.to_string,classmethod,public,defined,"(cls, record: Bio.SeqRecord.SeqRecord) -> str",False,Turn a SeqRecord into a QUAL formatted string.,perf,"hot path: measured or structural speed gap, kernel candidate"
SeqIO,Bio.SeqIO.QualityIO,write_record,QualPhredWriter.write_record,method,public,defined,"(self, record: Bio.SeqRecord.SeqRecord) -> None",False,Write a single QUAL record to the file.,perf,"hot path: measured or structural speed gap, kernel candidate"
SeqIO,Bio.SeqIO.QualityIO,as_qual,as_qual,function,public,defined,(record: Bio.SeqRecord.SeqRecord) -> str,False,Turn a SeqRecord into a QUAL formatted string.,perf,"hot path: measured or structural speed gap, kernel candidate"
SeqIO,Bio.SeqIO.QualityIO,FastqSolexaWriter,FastqSolexaWriter,class,public,defined,,False,Write old style Solexa/Illumina FASTQ format files (with Solexa qualities).,perf,"hot path: measured or structural speed gap, kernel candidate"
SeqIO,Bio.SeqIO.QualityIO,to_string,FastqSolexaWriter.to_string,classmethod,public,defined,"(cls, record: Bio.SeqRecord.SeqRecord) -> str",False,Turn a SeqRecord into a Solexa FASTQ formatted string.,perf,"hot path: measured or structural speed gap, kernel candidate"
SeqIO,Bio.SeqIO.QualityIO,write_record,FastqSolexaWriter.write_record,method,public,defined,"(self, record: Bio.SeqRecord.SeqRecord) -> None",False,Write a single FASTQ record to the file.,perf,"hot path: measured or structural speed gap, kernel candidate"
SeqIO,Bio.SeqIO.QualityIO,as_fastq_solexa,as_fastq_solexa,function,public,defined,(record: Bio.SeqRecord.SeqRecord) -> str,False,Turn a SeqRecord into a Solexa FASTQ formatted string.,perf,"hot path: measured or structural speed gap, kernel candidate"
SeqIO,Bio.SeqIO.QualityIO,FastqIlluminaWriter,FastqIlluminaWriter,class,public,defined,,False,Write Illumina 1.3+ FASTQ format files (with PHRED quality scores).,perf,"hot path: measured or structural speed gap, kernel candidate"
SeqIO,Bio.SeqIO.QualityIO,to_string,FastqIlluminaWriter.to_string,classmethod,public,defined,"(cls, record: Bio.SeqRecord.SeqRecord) -> str",False,Turn a SeqRecord into an Illumina FASTQ formatted string.,perf,"hot path: measured or structural speed gap, kernel candidate"
SeqIO,Bio.SeqIO.QualityIO,write_record,FastqIlluminaWriter.write_record,method,public,defined,"(self, record: Bio.SeqRecord.SeqRecord) -> None",False,Write a single FASTQ record to the file.,perf,"hot path: measured or structural speed gap, kernel candidate"
SeqIO,Bio.SeqIO.QualityIO,as_fastq_illumina,as_fastq_illumina,function,public,defined,(record: Bio.SeqRecord.SeqRecord) -> str,False,Turn a SeqRecord into an Illumina FASTQ formatted string.,perf,"hot path: measured or structural speed gap, kernel candidate"
SeqIO,Bio.SeqIO.QualityIO,PairedFastaQualIterator,PairedFastaQualIterator,function,public,defined,"(fasta_source: Union[IO[str], os.PathLike, str, bytes], qual_source: Union[IO[str], os.PathLike, str, bytes], alphabet: None = None) -> collections.abc.Iterator[Bio.SeqRecord.SeqRecord]",False,Iterate over matched FASTA and QUAL files as SeqRecord objects.,perf,"hot path: measured or structural speed gap, kernel candidate"
SeqIO,Bio.SeqIO.QualityIO,InvalidCharError,InvalidCharError,exception,public,defined,,False,Error for strings that have an invalid character.,perf,"hot path: measured or structural speed gap, kernel candidate"
SeqIO,Bio.SeqIO.SeqXmlIO,ContentHandler,ContentHandler,class,public,defined,,False,Handles XML events generated by the parser (PRIVATE).,parity,"drop-in compatibility; small surface, no large win expected"
SeqIO,Bio.SeqIO.SeqXmlIO,startDocument,ContentHandler.startDocument,method,public,defined,(self),False,Set XML handlers when an XML declaration is found.,parity,"drop-in compatibility; small surface, no large win expected"
SeqIO,Bio.SeqIO.SeqXmlIO,startSeqXMLElement,ContentHandler.startSeqXMLElement,method,public,defined,"(self, name, qname, attrs)",False,Handle start of a seqXML element.,parity,"drop-in compatibility; small surface, no large win expected"
SeqIO,Bio.SeqIO.SeqXmlIO,endSeqXMLElement,ContentHandler.endSeqXMLElement,method,public,defined,"(self, name, qname)",False,Handle end of the seqXML element.,parity,"drop-in compatibility; small surface, no large win expected"
SeqIO,Bio.SeqIO.SeqXmlIO,startEntryElement,ContentHandler.startEntryElement,method,public,defined,"(self, name, qname, attrs)",False,Set new entry with id and the optional entry source (PRIVATE).,parity,"drop-in compatibility; small surface, no large win expected"
SeqIO,Bio.SeqIO.SeqXmlIO,endEntryElement,ContentHandler.endEntryElement,method,public,defined,"(self, name, qname)",False,Handle end of an entry element.,parity,"drop-in compatibility; small surface, no large win expected"
SeqIO,Bio.SeqIO.SeqXmlIO,startEntryFieldElementVersion01,ContentHandler.startEntryFieldElementVersion01,method,public,defined,"(self, name, qname, attrs)",False,Receive a field of an entry element and forward it for version 0.1.,parity,"drop-in compatibility; small surface, no large win expected"
SeqIO,Bio.SeqIO.SeqXmlIO,startEntryFieldElement,ContentHandler.startEntryFieldElement,method,public,defined,"(self, name, qname, attrs)",False,Receive a field of an entry element and forward it for versions >=0.2.,parity,"drop-in compatibility; small surface, no large win expected"
SeqIO,Bio.SeqIO.SeqXmlIO,startSpeciesElement,ContentHandler.startSpeciesElement,method,public,defined,"(self, attrs)",False,Parse the species information.,parity,"drop-in compatibility; small surface, no large win expected"
SeqIO,Bio.SeqIO.SeqXmlIO,endSpeciesElement,ContentHandler.endSpeciesElement,method,public,defined,"(self, name, qname)",False,Handle end of a species element.,parity,"drop-in compatibility; small surface, no large win expected"
SeqIO,Bio.SeqIO.SeqXmlIO,startDescriptionElement,ContentHandler.startDescriptionElement,method,public,defined,"(self, attrs)",False,Parse the description.,parity,"drop-in compatibility; small surface, no large win expected"
SeqIO,Bio.SeqIO.SeqXmlIO,endDescriptionElement,ContentHandler.endDescriptionElement,method,public,defined,"(self, name, qname)",False,Handle the end of a description element.,parity,"drop-in compatibility; small surface, no large win expected"
SeqIO,Bio.SeqIO.SeqXmlIO,startSequenceElement,ContentHandler.startSequenceElement,method,public,defined,"(self, attrs)",False,"Parse DNA, RNA, or protein sequence.",parity,"drop-in compatibility; small surface, no large win expected"
SeqIO,Bio.SeqIO.SeqXmlIO,endSequenceElement,ContentHandler.endSequenceElement,method,public,defined,"(self, name, qname)",False,Handle the end of a sequence element.,parity,"drop-in compatibility; small surface, no large win expected"
SeqIO,Bio.SeqIO.SeqXmlIO,startDBRefElement,ContentHandler.startDBRefElement,method,public,defined,"(self, attrs)",False,Parse a database cross reference.,parity,"drop-in compatibility; small surface, no large win expected"
SeqIO,Bio.SeqIO.SeqXmlIO,endDBRefElement,ContentHandler.endDBRefElement,method,public,defined,"(self, name, qname)",False,Handle the end of a DBRef element.,parity,"drop-in compatibility; small surface, no large win expected"
SeqIO,Bio.SeqIO.SeqXmlIO,startPropertyElement,ContentHandler.startPropertyElement,method,public,defined,"(self, attrs)",False,Handle the start of a property element.,parity,"drop-in compatibility; small surface, no large win expected"
SeqIO,Bio.SeqIO.SeqXmlIO,endPropertyElement,ContentHandler.endPropertyElement,method,public,defined,"(self, name, qname)",False,Handle the end of a property element.,parity,"drop-in compatibility; small surface, no large win expected"
SeqIO,Bio.SeqIO.SeqXmlIO,characters,ContentHandler.characters,method,public,defined,"(self, data)",False,Handle character data.,parity,"drop-in compatibility; small surface, no large win expected"
SeqIO,Bio.SeqIO.SeqXmlIO,SeqXmlIterator,SeqXmlIterator,class,public,defined,,False,Parser for seqXML files.,parity,"drop-in compatibility; small surface, no large win expected"
SeqIO,Bio.SeqIO.SeqXmlIO,SeqXmlWriter,SeqXmlWriter,class,public,defined,,False,Writes SeqRecords into seqXML file.,parity,"drop-in compatibility; small surface, no large win expected"
SeqIO,Bio.SeqIO.SeqXmlIO,write_records,SeqXmlWriter.write_records,method,public,defined,"(self, records)",False,"Write records to the output file, and return the number of records.",parity,"drop-in compatibility; small surface, no large win expected"
SeqIO,Bio.SeqIO.SeqXmlIO,write_header,SeqXmlWriter.write_header,method,public,defined,(self),False,Write root node with document metadata.,parity,"drop-in compatibility; small surface, no large win expected"
SeqIO,Bio.SeqIO.SeqXmlIO,write_record,SeqXmlWriter.write_record,method,public,defined,"(self, record)",False,Write one record.,parity,"drop-in compatibility; small surface, no large win expected"
SeqIO,Bio.SeqIO.SeqXmlIO,write_footer,SeqXmlWriter.write_footer,method,public,defined,(self),False,Close the root node and finish the XML document.,parity,"drop-in compatibility; small surface, no large win expected"
SeqIO,Bio.SeqIO.SffIO,ReadRocheXmlManifest,ReadRocheXmlManifest,function,public,defined,(handle),False,"Read any Roche style XML manifest data in the SFF ""index"".",parity,"drop-in compatibility; small surface, no large win expected"
SeqIO,Bio.SeqIO.SffIO,SffIterator,SffIterator,class,public,defined,,False,Parser for Standard Flowgram Format (SFF) files.,parity,"drop-in compatibility; small surface, no large win expected"
SeqIO,Bio.SeqIO.SffIO,SffWriter,SffWriter,class,public,defined,,False,SFF file writer.,parity,"drop-in compatibility; small surface, no large win expected"
SeqIO,Bio.SeqIO.SffIO,write_records,SffWriter.write_records,method,public,defined,"(self, records)",False,"Write records to the output file, and return the number of records.",parity,"drop-in compatibility; small surface, no large win expected"
SeqIO,Bio.SeqIO.SffIO,write_header,SffWriter.write_header,method,public,defined,(self),False,Write the SFF file header.,parity,"drop-in compatibility; small surface, no large win expected"
SeqIO,Bio.SeqIO.SffIO,write_record,SffWriter.write_record,method,public,defined,"(self, record)",False,Write a single additional record to the output file.,parity,"drop-in compatibility; small surface, no large win expected"
SeqIO,Bio.SeqIO.SnapGeneIO,SnapGeneIterator,SnapGeneIterator,class,public,defined,,False,Parser for SnapGene files.,parity,"drop-in compatibility; small surface, no large win expected"
SeqIO,Bio.SeqIO.SwissIO,SwissIterator,SwissIterator,class,public,defined,,False,Parser to break up a Swiss-Prot/UniProt file into SeqRecord objects.,parity,"drop-in compatibility; small surface, no large win expected"
SeqIO,Bio.SeqIO.TabIO,TabIterator,TabIterator,class,public,defined,,False,Parser for tab-delimited files.,parity,"drop-in compatibility; small surface, no large win expected"
SeqIO,Bio.SeqIO.TabIO,TabWriter,TabWriter,class,public,defined,,False,Class to write simple tab separated format files.,parity,"drop-in compatibility; small surface, no large win expected"
SeqIO,Bio.SeqIO.TabIO,to_string,TabWriter.to_string,classmethod,public,defined,"(cls, record)",False,Return record as tab separated (id(tab)seq) string.,parity,"drop-in compatibility; small surface, no large win expected"
SeqIO,Bio.SeqIO.TabIO,write_record,TabWriter.write_record,method,public,defined,"(self, record)",False,Write a single tab line to the file.,parity,"drop-in compatibility; small surface, no large win expected"
SeqIO,Bio.SeqIO.TabIO,as_tab,as_tab,function,public,defined,(record),False,Return record as tab separated (id(tab)seq) string.,parity,"drop-in compatibility; small surface, no large win expected"
SeqIO,Bio.SeqIO.TwoBitIO,upper,_TwoBitSequenceData.upper,method,public,defined,(self),False,Remove the sequence mask.,parity,"drop-in compatibility; small surface, no large win expected"
SeqIO,Bio.SeqIO.TwoBitIO,lower,_TwoBitSequenceData.lower,method,public,defined,(self),False,Extend the sequence mask to the full sequence.,parity,"drop-in compatibility; small surface, no large win expected"
SeqIO,Bio.SeqIO.TwoBitIO,TwoBitIterator,TwoBitIterator,class,public,defined,,False,Parser for UCSC twoBit (.2bit) files.,parity,"drop-in compatibility; small surface, no large win expected"
SeqIO,Bio.SeqIO.TwoBitIO,keys,TwoBitIterator.keys,method,public,defined,(self),False,Return a list with the names of the sequences in the file.,parity,"drop-in compatibility; small surface, no large win expected"
SeqIO,Bio.SeqIO.UniprotIO,UniprotIterator,UniprotIterator,class,public,defined,,False,"Parser for UniProt XML files, returning SeqRecord objects.",parity,"drop-in compatibility; small surface, no large win expected"
SeqIO,Bio.SeqIO.XdnaIO,XdnaIterator,XdnaIterator,class,public,defined,,False,Parser for Xdna files.,parity,"drop-in compatibility; small surface, no large win expected"
SeqIO,Bio.SeqIO.XdnaIO,XdnaWriter,XdnaWriter,class,public,defined,,False,Write files in the Xdna format.,parity,"drop-in compatibility; small surface, no large win expected"
SeqIO,Bio.SeqIO.XdnaIO,write_records,XdnaWriter.write_records,method,public,defined,"(self, records)",False,Write the specified record to a Xdna file.,parity,"drop-in compatibility; small surface, no large win expected"
SeqIO,Bio.SeqIO._index,SeqFileRandomAccess,SeqFileRandomAccess,class,public,defined,,False,Base class for defining random access to sequence files.,perf,"hot path: measured or structural speed gap, kernel candidate"
SeqIO,Bio.SeqIO._index,get,SeqFileRandomAccess.get,method,public,defined,"(self, offset)",False,Return SeqRecord.,perf,"hot path: measured or structural speed gap, kernel candidate"
SeqIO,Bio.SeqIO._index,SffRandomAccess,SffRandomAccess,class,public,defined,,False,Random access to a Standard Flowgram Format (SFF) file.,perf,"hot path: measured or structural speed gap, kernel candidate"
SeqIO,Bio.SeqIO._index,get,SffRandomAccess.get,method,public,defined,"(self, offset)",False,Return the SeqRecord starting at the given offset.,perf,"hot path: measured or structural speed gap, kernel candidate"
SeqIO,Bio.SeqIO._index,get_raw,SffRandomAccess.get_raw,method,public,defined,"(self, offset)",False,Return the raw record from the file as a bytes string.,perf,"hot path: measured or structural speed gap, kernel candidate"
SeqIO,Bio.SeqIO._index,SffTrimedRandomAccess,SffTrimedRandomAccess,class,public,defined,,False,Random access to an SFF file with defined trimming applied to each sequence.,perf,"hot path: measured or structural speed gap, kernel candidate"
SeqIO,Bio.SeqIO._index,get,SffTrimedRandomAccess.get,method,public,defined,"(self, offset)",False,Return the SeqRecord starting at the given offset.,perf,"hot path: measured or structural speed gap, kernel candidate"
SeqIO,Bio.SeqIO._index,SequentialSeqFileRandomAccess,SequentialSeqFileRandomAccess,class,public,defined,,False,Random access to a simple sequential sequence file.,perf,"hot path: measured or structural speed gap, kernel candidate"
SeqIO,Bio.SeqIO._index,get_raw,SequentialSeqFileRandomAccess.get_raw,method,public,defined,"(self, offset)",False,Return the raw record from the file as a bytes string.,perf,"hot path: measured or structural speed gap, kernel candidate"
SeqIO,Bio.SeqIO._index,GenBankRandomAccess,GenBankRandomAccess,class,public,defined,,False,Indexed dictionary like access to a GenBank file.,perf,"hot path: measured or structural speed gap, kernel candidate"
SeqIO,Bio.SeqIO._index,EmblRandomAccess,EmblRandomAccess,class,public,defined,,False,Indexed dictionary like access to an EMBL file.,perf,"hot path: measured or structural speed gap, kernel candidate"
SeqIO,Bio.SeqIO._index,SwissRandomAccess,SwissRandomAccess,class,public,defined,,False,Random access to a SwissProt file.,perf,"hot path: measured or structural speed gap, kernel candidate"
SeqIO,Bio.SeqIO._index,UniprotRandomAccess,UniprotRandomAccess,class,public,defined,,False,Random access to a UniProt XML file.,perf,"hot path: measured or structural speed gap, kernel candidate"
SeqIO,Bio.SeqIO._index,get_raw,UniprotRandomAccess.get_raw,method,public,defined,"(self, offset)",False,Return the raw record from the file as a bytes string.,perf,"hot path: measured or structural speed gap, kernel candidate"
SeqIO,Bio.SeqIO._index,get,UniprotRandomAccess.get,method,public,defined,"(self, offset)",False,Return the SeqRecord starting at the given offset.,perf,"hot path: measured or structural speed gap, kernel candidate"
SeqIO,Bio.SeqIO._index,IntelliGeneticsRandomAccess,IntelliGeneticsRandomAccess,class,public,defined,,False,Random access to a IntelliGenetics file.,perf,"hot path: measured or structural speed gap, kernel candidate"
SeqIO,Bio.SeqIO._index,get_raw,IntelliGeneticsRandomAccess.get_raw,method,public,defined,"(self, offset)",False,Return the raw record from the file as a bytes string.,perf,"hot path: measured or structural speed gap, kernel candidate"
SeqIO,Bio.SeqIO._index,TabRandomAccess,TabRandomAccess,class,public,defined,,False,Random access to a simple tabbed file.,perf,"hot path: measured or structural speed gap, kernel candidate"
SeqIO,Bio.SeqIO._index,get_raw,TabRandomAccess.get_raw,method,public,defined,"(self, offset)",False,Return the raw record from the file as a bytes string.,perf,"hot path: measured or structural speed gap, kernel candidate"
SeqIO,Bio.SeqIO._index,FastqRandomAccess,FastqRandomAccess,class,public,defined,,False,Random access to a FASTQ file (any supported variant).,perf,"hot path: measured or structural speed gap, kernel candidate"
SeqIO,Bio.SeqIO._index,get_raw,FastqRandomAccess.get_raw,method,public,defined,"(self, offset)",False,Return the raw record from the file as a bytes string.,perf,"hot path: measured or structural speed gap, kernel candidate"
SeqIO,Bio.SeqIO._twoBitIO,convert,convert,function,public,defined,,False,"convert twoBit data to the DNA sequence, apply blocks of N's (representing unknown sequences) and masked (lower case) bl",parity,"drop-in compatibility; small surface, no large win expected"
SeqRecord,Bio.SeqRecord,update,_RestrictedDict.update,method,public,defined,"(self, new_dict)",False,"D.update([E, ]**F) -> None.  Update D from mapping/iterable E and F.",perf,"hot path: measured or structural speed gap, kernel candidate"
SeqRecord,Bio.SeqRecord,SeqRecord,SeqRecord,class,public,defined,,False,A SeqRecord object holds a sequence and information about it.,perf,"hot path: measured or structural speed gap, kernel candidate"
SeqRecord,Bio.SeqRecord,letter_annotations,SeqRecord.letter_annotations,property,public,defined,(property),False,Dictionary of per-letter-annotation for the sequence.,perf,"hot path: measured or structural speed gap, kernel candidate"
SeqRecord,Bio.SeqRecord,seq,SeqRecord.seq,property,public,defined,(property),False,"The sequence itself, as a Seq or MutableSeq object.",perf,"hot path: measured or structural speed gap, kernel candidate"
SeqRecord,Bio.SeqRecord,format,SeqRecord.format,method,public,defined,"(self, format: str) -> str",False,Return the record as a string in the specified file format.,perf,"hot path: measured or structural speed gap, kernel candidate"
SeqRecord,Bio.SeqRecord,count,SeqRecord.count,method,public,defined,"(self, sub, start=None, end=None)",False,Return the number of non-overlapping occurrences of sub in seq[start:end].,perf,"hot path: measured or structural speed gap, kernel candidate"
SeqRecord,Bio.SeqRecord,upper,SeqRecord.upper,method,public,defined,(self) -> 'SeqRecord',False,Return a copy of the record with an upper case sequence.,perf,"hot path: measured or structural speed gap, kernel candidate"
SeqRecord,Bio.SeqRecord,lower,SeqRecord.lower,method,public,defined,(self) -> 'SeqRecord',False,Return a copy of the record with a lower case sequence.,perf,"hot path: measured or structural speed gap, kernel candidate"
SeqRecord,Bio.SeqRecord,isupper,SeqRecord.isupper,method,public,defined,(self),False,Return True if all ASCII characters in the record's sequence are uppercase.,perf,"hot path: measured or structural speed gap, kernel candidate"
SeqRecord,Bio.SeqRecord,islower,SeqRecord.islower,method,public,defined,(self),False,Return True if all ASCII characters in the record's sequence are lowercase.,perf,"hot path: measured or structural speed gap, kernel candidate"
SeqRecord,Bio.SeqRecord,reverse_complement,SeqRecord.reverse_complement,method,public,defined,"(self, id: bool = False, name: bool = False, description: bool = False, features: bool = True, annotations: bool = False, letter_annotations: bool = True, dbxrefs: bool = False) -> 'SeqRecord'",False,Return new SeqRecord with reverse complement sequence.,perf,"hot path: measured or structural speed gap, kernel candidate"
SeqRecord,Bio.SeqRecord,translate,SeqRecord.translate,method,public,defined,"(self, table: str = 'Standard', stop_symbol: str = '*', to_stop: bool = False, cds: bool = False, gap: str | None = None, id: bool = False, name: bool = False, description: bool = False, features: bool = False, annotations: bool = False, letter_annotations: bool = False, dbxrefs: bool = False) -> 'SeqRecord'",False,Return new SeqRecord with translated sequence.,perf,"hot path: measured or structural speed gap, kernel candidate"
SeqUtils,Bio.SeqUtils,gc_fraction,gc_fraction,function,public,defined,"(seq, ambiguous='remove')",False,Calculate G+C percentage in seq (float between 0 and 1).,perf,"hot path: measured or structural speed gap, kernel candidate"
SeqUtils,Bio.SeqUtils,GC123,GC123,function,public,defined,(seq),False,"Calculate G+C content: total, for first, second and third positions.",perf,"hot path: measured or structural speed gap, kernel candidate"
SeqUtils,Bio.SeqUtils,GC_skew,GC_skew,function,public,defined,"(seq, window=100)",False,Calculate GC skew (G-C)/(G+C) for multiple windows along the sequence.,perf,"hot path: measured or structural speed gap, kernel candidate"
SeqUtils,Bio.SeqUtils,xGC_skew,xGC_skew,function,public,defined,"(seq, window=1000, zoom=100, r=300, px=100, py=100)",False,Calculate and plot normal and accumulated GC skew (GRAPHICS !!!).,skip,"draws a window and returns None; nothing to compare, nothing to port"
SeqUtils,Bio.SeqUtils,nt_search,nt_search,function,public,defined,"(seq, subseq)",False,"Search for a DNA subseq in seq, return list of [subseq, positions].",perf,"hot path: measured or structural speed gap, kernel candidate"
SeqUtils,Bio.SeqUtils,seq3,seq3,function,public,defined,"(seq, custom_map=None, undef_code='Xaa')",False,Convert protein sequence from one-letter to three-letter code.,perf,"hot path: measured or structural speed gap, kernel candidate"
SeqUtils,Bio.SeqUtils,seq1,seq1,function,public,defined,"(seq, custom_map=None, undef_code='X')",False,Convert protein sequence from three-letter to one-letter code.,perf,"hot path: measured or structural speed gap, kernel candidate"
SeqUtils,Bio.SeqUtils,molecular_weight,molecular_weight,function,public,defined,"(seq, seq_type='DNA', double_stranded=False, circular=False, monoisotopic=False)",False,"Calculate the molecular mass of DNA, RNA or protein sequences as float.",perf,"hot path: measured or structural speed gap, kernel candidate"
SeqUtils,Bio.SeqUtils,six_frame_translations,six_frame_translations,function,public,defined,"(seq, genetic_code=1)",False,Return pretty string showing the 6 frame translations and GC content.,perf,"hot path: measured or structural speed gap, kernel candidate"
SeqUtils,Bio.SeqUtils,CodonAdaptationIndex,CodonAdaptationIndex,class,public,defined,,False,A codon adaptation index (CAI) implementation.,perf,"hot path: measured or structural speed gap, kernel candidate"
SeqUtils,Bio.SeqUtils,calculate,CodonAdaptationIndex.calculate,method,public,defined,"(self, sequence)",False,Calculate and return the CAI (float) for the provided DNA sequence.,perf,"hot path: measured or structural speed gap, kernel candidate"
SeqUtils,Bio.SeqUtils,optimize,CodonAdaptationIndex.optimize,method,public,defined,"(self, sequence, seq_type='DNA', strict=True)",False,Return a new DNA sequence with preferred codons only.,perf,"hot path: measured or structural speed gap, kernel candidate"
SeqUtils,Bio.SeqUtils.CheckSum,crc32,crc32,function,public,defined,(seq),False,Return the crc32 checksum for a sequence (string or Seq object).,perf,"hot path: measured or structural speed gap, kernel candidate"
SeqUtils,Bio.SeqUtils.CheckSum,crc64,crc64,function,public,defined,(s),False,Return the crc64 checksum for a sequence (string or Seq object).,perf,"hot path: measured or structural speed gap, kernel candidate"
SeqUtils,Bio.SeqUtils.CheckSum,gcg,gcg,function,public,defined,(seq),False,Return the GCG checksum (int) for a sequence (string or Seq object).,perf,"hot path: measured or structural speed gap, kernel candidate"
SeqUtils,Bio.SeqUtils.CheckSum,seguid,seguid,function,public,defined,(seq),False,Return the SEGUID (string) for a sequence (string or Seq object).,perf,"hot path: measured or structural speed gap, kernel candidate"
SeqUtils,Bio.SeqUtils.IsoelectricPoint,IsoelectricPoint,IsoelectricPoint,class,public,defined,,False,A class for calculating the IEP or charge at given pH of a protein.,perf,"hot path: measured or structural speed gap, kernel candidate"
SeqUtils,Bio.SeqUtils.IsoelectricPoint,charge_at_pH,IsoelectricPoint.charge_at_pH,method,public,defined,"(self, pH)",False,Calculate the charge of a protein at given pH.,perf,"hot path: measured or structural speed gap, kernel candidate"
SeqUtils,Bio.SeqUtils.IsoelectricPoint,pi,IsoelectricPoint.pi,method,public,defined,"(self, pH=7.775, min_=4.05, max_=12)",False,Calculate and return the isoelectric point as float.,perf,"hot path: measured or structural speed gap, kernel candidate"
SeqUtils,Bio.SeqUtils.MeltingTemp,make_table,make_table,function,public,defined,"(oldtable=None, values=None)",False,Return a table with thermodynamic parameters (as dictionary).,perf,"hot path: measured or structural speed gap, kernel candidate"
SeqUtils,Bio.SeqUtils.MeltingTemp,salt_correction,salt_correction,function,public,defined,"(Na=0, K=0, Tris=0, Mg=0, dNTPs=0, method=1, seq=None)",False,Calculate a term to correct Tm for salt ions.,perf,"hot path: measured or structural speed gap, kernel candidate"
SeqUtils,Bio.SeqUtils.MeltingTemp,chem_correction,chem_correction,function,public,defined,"(melting_temp, DMSO=0, fmd=0, DMSOfactor=0.75, fmdfactor=0.65, fmdmethod=1, GC=None)",False,Correct a given Tm for DMSO and formamide.,perf,"hot path: measured or structural speed gap, kernel candidate"
SeqUtils,Bio.SeqUtils.MeltingTemp,Tm_Wallace,Tm_Wallace,function,public,defined,"(seq, check=True, strict=True)",False,Calculate and return the Tm using the 'Wallace rule'.,perf,"hot path: measured or structural speed gap, kernel candidate"
SeqUtils,Bio.SeqUtils.MeltingTemp,Tm_GC,Tm_GC,function,public,defined,"(seq, check=True, strict=True, valueset=7, userset=None, Na=50, K=0, Tris=0, Mg=0, dNTPs=0, saltcorr=0, mismatch=True)",False,Return the Tm using empirical formulas based on GC content.,perf,"hot path: measured or structural speed gap, kernel candidate"
SeqUtils,Bio.SeqUtils.MeltingTemp,Tm_NN,Tm_NN,function,public,defined,"(seq, check=True, strict=True, c_seq=None, shift=0, nn_table=None, tmm_table=None, imm_table=None, de_table=None, dnac1=25, dnac2=25, selfcomp=False, Na=50, K=0, Tris=0, Mg=0, dNTPs=0, saltcorr=5)",False,Return the Tm using nearest neighbor thermodynamics.,perf,"hot path: measured or structural speed gap, kernel candidate"
SeqUtils,Bio.SeqUtils.ProtParam,ProteinAnalysis,ProteinAnalysis,class,public,defined,,False,Class containing methods for protein analysis.,perf,"hot path: measured or structural speed gap, kernel candidate"
SeqUtils,Bio.SeqUtils.ProtParam,count_amino_acids,ProteinAnalysis.count_amino_acids,method,public,defined,(self),False,"Count standard amino acids, return a dict.",perf,"hot path: measured or structural speed gap, kernel candidate"
SeqUtils,Bio.SeqUtils.ProtParam,amino_acids_percent,ProteinAnalysis.amino_acids_percent,method,public,defined,,False,Get the amino acid content in percentages.,perf,"hot path: measured or structural speed gap, kernel candidate"
SeqUtils,Bio.SeqUtils.ProtParam,molecular_weight,ProteinAnalysis.molecular_weight,method,public,defined,(self),False,Calculate MW from Protein sequence.,perf,"hot path: measured or structural speed gap, kernel candidate"
SeqUtils,Bio.SeqUtils.ProtParam,aromaticity,ProteinAnalysis.aromaticity,method,public,defined,(self),False,"Calculate the aromaticity according to Lobry, 1994.",perf,"hot path: measured or structural speed gap, kernel candidate"
SeqUtils,Bio.SeqUtils.ProtParam,instability_index,ProteinAnalysis.instability_index,method,public,defined,(self),False,Calculate the instability index according to Guruprasad et al 1990.,perf,"hot path: measured or structural speed gap, kernel candidate"
SeqUtils,Bio.SeqUtils.ProtParam,flexibility,ProteinAnalysis.flexibility,method,public,defined,(self),False,"Calculate the flexibility according to Vihinen, 1994.",perf,"hot path: measured or structural speed gap, kernel candidate"
SeqUtils,Bio.SeqUtils.ProtParam,gravy,ProteinAnalysis.gravy,method,public,defined,"(self, scale='KyteDoolitle')",False,"Calculate the GRAVY (Grand Average of Hydropathy) according to Kyte and Doolitle, 1982.",perf,"hot path: measured or structural speed gap, kernel candidate"
SeqUtils,Bio.SeqUtils.ProtParam,protein_scale,ProteinAnalysis.protein_scale,method,public,defined,"(self, param_dict, window, edge=1.0)",False,Compute a profile by any amino acid scale.,perf,"hot path: measured or structural speed gap, kernel candidate"
SeqUtils,Bio.SeqUtils.ProtParam,isoelectric_point,ProteinAnalysis.isoelectric_point,method,public,defined,(self),False,Calculate the isoelectric point.,perf,"hot path: measured or structural speed gap, kernel candidate"
SeqUtils,Bio.SeqUtils.ProtParam,charge_at_pH,ProteinAnalysis.charge_at_pH,method,public,defined,"(self, pH)",False,Calculate the charge of a protein at given pH.,perf,"hot path: measured or structural speed gap, kernel candidate"
SeqUtils,Bio.SeqUtils.ProtParam,secondary_structure_fraction,ProteinAnalysis.secondary_structure_fraction,method,public,defined,(self),False,"Calculate fraction of helix, turn and sheet.",perf,"hot path: measured or structural speed gap, kernel candidate"
SeqUtils,Bio.SeqUtils.ProtParam,molar_extinction_coefficient,ProteinAnalysis.molar_extinction_coefficient,method,public,defined,(self),False,Calculate the molar extinction coefficient.,perf,"hot path: measured or structural speed gap, kernel candidate"
SeqUtils,Bio.SeqUtils.lcc,lcc_mult,lcc_mult,function,public,defined,"(seq, wsize)",False,Calculate Local Composition Complexity (LCC) values over sliding window.,perf,"hot path: measured or structural speed gap, kernel candidate"
SeqUtils,Bio.SeqUtils.lcc,lcc_simp,lcc_simp,function,public,defined,(seq),False,Calculate Local Composition Complexity (LCC) for a sequence.,perf,"hot path: measured or structural speed gap, kernel candidate"
Sequencing,Bio.Sequencing.Ace,rd,rd,class,public,defined,,False,"RD (reads), store a read with its name, sequence etc.",parity,"drop-in compatibility; small surface, no large win expected"
Sequencing,Bio.Sequencing.Ace,qa,qa,class,public,defined,,False,"QA (read quality), including which part if any was used as the consensus.",parity,"drop-in compatibility; small surface, no large win expected"
Sequencing,Bio.Sequencing.Ace,ds,ds,class,public,defined,,False,"DS lines, include file name of a read's chromatogram file.",parity,"drop-in compatibility; small surface, no large win expected"
Sequencing,Bio.Sequencing.Ace,af,af,class,public,defined,,False,"AF lines, define the location of the read within the contig.",parity,"drop-in compatibility; small surface, no large win expected"
Sequencing,Bio.Sequencing.Ace,bs,bs,class,public,defined,,False,"BS (base segment), which read was chosen as the consensus at each position.",parity,"drop-in compatibility; small surface, no large win expected"
Sequencing,Bio.Sequencing.Ace,rt,rt,class,public,defined,,False,"RT (transient read tags), generated by crossmatch and phrap.",parity,"drop-in compatibility; small surface, no large win expected"
Sequencing,Bio.Sequencing.Ace,ct,ct,class,public,defined,,False,CT (consensus tags).,parity,"drop-in compatibility; small surface, no large win expected"
Sequencing,Bio.Sequencing.Ace,wa,wa,class,public,defined,,False,"WA (whole assembly tag), holds the assembly program name, version, etc.",parity,"drop-in compatibility; small surface, no large win expected"
Sequencing,Bio.Sequencing.Ace,wr,wr,class,public,defined,,False,WR lines.,parity,"drop-in compatibility; small surface, no large win expected"
Sequencing,Bio.Sequencing.Ace,Reads,Reads,class,public,defined,,False,Holds information about a read supporting an ACE contig.,parity,"drop-in compatibility; small surface, no large win expected"
Sequencing,Bio.Sequencing.Ace,Contig,Contig,class,public,defined,,False,Holds information about a contig from an ACE record.,parity,"drop-in compatibility; small surface, no large win expected"
Sequencing,Bio.Sequencing.Ace,parse,parse,function,public,defined,(source),False,Iterate of ACE file contig by contig.,parity,"drop-in compatibility; small surface, no large win expected"
Sequencing,Bio.Sequencing.Ace,ACEFileRecord,ACEFileRecord,class,public,defined,,False,Holds data of an ACE file.,parity,"drop-in compatibility; small surface, no large win expected"
Sequencing,Bio.Sequencing.Ace,sort,ACEFileRecord.sort,method,public,defined,(self),False,"Sorts wr, rt and ct tags into the appropriate contig / read instance, if possible.",parity,"drop-in compatibility; small surface, no large win expected"
Sequencing,Bio.Sequencing.Ace,read,read,function,public,defined,(handle),False,Parse a full ACE file into a list of contigs.,parity,"drop-in compatibility; small surface, no large win expected"
Sequencing,Bio.Sequencing.Phd,Record,Record,class,public,defined,,False,Hold information from a PHD file.,parity,"drop-in compatibility; small surface, no large win expected"
Sequencing,Bio.Sequencing.Phd,read,read,function,public,defined,(source),False,Read one PHD record from the file and return it as a Record object.,parity,"drop-in compatibility; small surface, no large win expected"
Sequencing,Bio.Sequencing.Phd,parse,parse,function,public,defined,(source),False,Iterate over a file yielding multiple PHD records.,parity,"drop-in compatibility; small surface, no large win expected"
SwissProt,Bio.SwissProt,SwissProtParserError,SwissProtParserError,exception,public,defined,,False,An error occurred while parsing a SwissProt file.,parity,parses a local file; the fetcher it is filed under lives elsewhere in the package
SwissProt,Bio.SwissProt,Record,Record,class,public,defined,,False,Holds information from a SwissProt record.,parity,parses a local file; the fetcher it is filed under lives elsewhere in the package
SwissProt,Bio.SwissProt,Reference,Reference,class,public,defined,,False,Holds information from one reference in a SwissProt entry.,parity,parses a local file; the fetcher it is filed under lives elsewhere in the package
SwissProt,Bio.SwissProt,FeatureTable,FeatureTable,class,public,defined,,False,Stores feature annotations for specific regions of the sequence.,parity,parses a local file; the fetcher it is filed under lives elsewhere in the package
SwissProt,Bio.SwissProt,parse,parse,function,public,defined,(source),False,Read multiple SwissProt records from file.,parity,parses a local file; the fetcher it is filed under lives elsewhere in the package
SwissProt,Bio.SwissProt,read,read,function,public,defined,(source),False,Read one SwissProt record from file.,parity,parses a local file; the fetcher it is filed under lives elsewhere in the package
SwissProt,Bio.SwissProt.KeyWList,Record,Record,class,public,defined,,False,Store information of one keyword or category from the keywords list.,parity,parses a local file; the fetcher it is filed under lives elsewhere in the package
SwissProt,Bio.SwissProt.KeyWList,parse,parse,function,public,defined,(handle),False,Parse the keyword list from file handle.,parity,parses a local file; the fetcher it is filed under lives elsewhere in the package
TogoWS,Bio.TogoWS,entry,entry,function,public,defined,"(db, id, format=None, field=None)",False,Call TogoWS 'entry' to fetch a record.,skip,"network transport: an HTTP request, nothing for C to speed up"
TogoWS,Bio.TogoWS,search_count,search_count,function,public,defined,"(db, query)",False,Call TogoWS search count to see how many matches a search gives.,skip,"network transport: an HTTP request, nothing for C to speed up"
TogoWS,Bio.TogoWS,search_iter,search_iter,function,public,defined,"(db, query, limit=None, batch=100)",False,Call TogoWS search iterating over the results (generator function).,skip,"network transport: an HTTP request, nothing for C to speed up"
TogoWS,Bio.TogoWS,search,search,function,public,defined,"(db, query, offset=None, limit=None, format=None)",False,Call TogoWS search.,skip,"network transport: an HTTP request, nothing for C to speed up"
TogoWS,Bio.TogoWS,convert,convert,function,public,defined,"(data, in_format, out_format)",False,Call TogoWS for file format conversion.,skip,"network transport: an HTTP request, nothing for C to speed up"
UniGene,Bio.UniGene,SequenceLine,SequenceLine,class,public,defined,,False,Store the information for one SEQUENCE line from a Unigene file.,parity,parses a local file; the fetcher it is filed under lives elsewhere in the package
UniGene,Bio.UniGene,ProtsimLine,ProtsimLine,class,public,defined,,False,Store the information for one PROTSIM line from a Unigene file.,parity,parses a local file; the fetcher it is filed under lives elsewhere in the package
UniGene,Bio.UniGene,STSLine,STSLine,class,public,defined,,False,Store the information for one STS line from a Unigene file.,parity,parses a local file; the fetcher it is filed under lives elsewhere in the package
UniGene,Bio.UniGene,Record,Record,class,public,defined,,False,Store a Unigene record.,parity,parses a local file; the fetcher it is filed under lives elsewhere in the package
UniGene,Bio.UniGene,parse,parse,function,public,defined,(handle),False,"Read and load a UniGene records, for files containing multiple records.",parity,parses a local file; the fetcher it is filed under lives elsewhere in the package
UniGene,Bio.UniGene,read,read,function,public,defined,(handle),False,"Read and load a UniGene record, one record per file.",parity,parses a local file; the fetcher it is filed under lives elsewhere in the package
UniProt,Bio.UniProt,search,search,function,public,defined,"(query: str, fields: list[str] | None = None, batch_size: int = 500) -> Bio.UniProt._UniProtSearchResults",False,Search the UniProt database.,skip,"network transport: an HTTP request, nothing for C to speed up"
UniProt,Bio.UniProt.GOA,gpi_iterator,gpi_iterator,function,public,defined,(handle),False,Read GPI format files.,parity,"drop-in compatibility; small surface, no large win expected"
UniProt,Bio.UniProt.GOA,gpa_iterator,gpa_iterator,function,public,defined,(handle),False,Read GPA format files.,parity,"drop-in compatibility; small surface, no large win expected"
UniProt,Bio.UniProt.GOA,gafbyproteiniterator,gafbyproteiniterator,function,public,defined,(handle),False,Iterate over records in a gene association file.,parity,"drop-in compatibility; small surface, no large win expected"
UniProt,Bio.UniProt.GOA,gafiterator,gafiterator,function,public,defined,(handle),False,Iterate over a GAF 1.0 or 2.x file.,parity,"drop-in compatibility; small surface, no large win expected"
UniProt,Bio.UniProt.GOA,writerec,writerec,function,public,defined,"(outrec, handle, fields=['DB', 'DB_Object_ID', 'DB_Object_Symbol', 'Qualifier', 'GO_ID', 'DB:Reference', 'Evidence', 'With', 'Aspect', 'DB_Object_Name', 'Synonym', 'DB_Object_Type', 'Taxon_ID', 'Date', 'Assigned_By', 'Annotation_Extension', 'Gene_Product_Form_ID'])",False,Write a single UniProt-GOA record to an output stream.,parity,"drop-in compatibility; small surface, no large win expected"
UniProt,Bio.UniProt.GOA,writebyproteinrec,writebyproteinrec,function,public,defined,"(outprotrec, handle, fields=['DB', 'DB_Object_ID', 'DB_Object_Symbol', 'Qualifier', 'GO_ID', 'DB:Reference', 'Evidence', 'With', 'Aspect', 'DB_Object_Name', 'Synonym', 'DB_Object_Type', 'Taxon_ID', 'Date', 'Assigned_By', 'Annotation_Extension', 'Gene_Product_Form_ID'])",False,Write a list of GAF records to an output stream.,parity,"drop-in compatibility; small surface, no large win expected"
UniProt,Bio.UniProt.GOA,record_has,record_has,function,public,defined,"(inrec, fieldvals)",False,"Accept a record, and a dictionary of field values.",parity,"drop-in compatibility; small surface, no large win expected"
bgzf,Bio.bgzf,open,open,function,public,defined,"(filename, mode='rb')",False,"Open a BGZF file for reading, writing or appending.",perf,"hot path: measured or structural speed gap, kernel candidate"
bgzf,Bio.bgzf,make_virtual_offset,make_virtual_offset,function,public,defined,"(block_start_offset, within_block_offset)",False,Compute a BGZF virtual offset from block start and within block offsets.,perf,"hot path: measured or structural speed gap, kernel candidate"
bgzf,Bio.bgzf,split_virtual_offset,split_virtual_offset,function,public,defined,(virtual_offset),False,Divides a 64-bit BGZF virtual offset into block start & within block offsets.,perf,"hot path: measured or structural speed gap, kernel candidate"
bgzf,Bio.bgzf,BgzfBlocks,BgzfBlocks,function,public,defined,(handle),False,Low level debugging function to inspect BGZF blocks.,perf,"hot path: measured or structural speed gap, kernel candidate"
bgzf,Bio.bgzf,BgzfReader,BgzfReader,class,public,defined,,False,"BGZF reader, acts like a read only handle but seek/tell differ.",perf,"hot path: measured or structural speed gap, kernel candidate"
bgzf,Bio.bgzf,tell,BgzfReader.tell,method,public,defined,(self),False,Return a 64-bit unsigned BGZF virtual offset.,perf,"hot path: measured or structural speed gap, kernel candidate"
bgzf,Bio.bgzf,seek,BgzfReader.seek,method,public,defined,"(self, virtual_offset)",False,Seek to a 64-bit unsigned BGZF virtual offset.,perf,"hot path: measured or structural speed gap, kernel candidate"
bgzf,Bio.bgzf,read,BgzfReader.read,method,public,defined,"(self, size=-1)",False,Read method for the BGZF module.,perf,"hot path: measured or structural speed gap, kernel candidate"
bgzf,Bio.bgzf,readline,BgzfReader.readline,method,public,defined,(self),False,Read a single line for the BGZF file.,perf,"hot path: measured or structural speed gap, kernel candidate"
bgzf,Bio.bgzf,close,BgzfReader.close,method,public,defined,(self),False,Close BGZF file.,perf,"hot path: measured or structural speed gap, kernel candidate"
bgzf,Bio.bgzf,seekable,BgzfReader.seekable,method,public,defined,(self),False,Return True indicating the BGZF supports random access.,perf,"hot path: measured or structural speed gap, kernel candidate"
bgzf,Bio.bgzf,isatty,BgzfReader.isatty,method,public,defined,(self),False,Return True if connected to a TTY device.,perf,"hot path: measured or structural speed gap, kernel candidate"
bgzf,Bio.bgzf,fileno,BgzfReader.fileno,method,public,defined,(self),False,Return integer file descriptor.,perf,"hot path: measured or structural speed gap, kernel candidate"
bgzf,Bio.bgzf,BgzfWriter,BgzfWriter,class,public,defined,,False,Define a BGZFWriter object.,perf,"hot path: measured or structural speed gap, kernel candidate"
bgzf,Bio.bgzf,write,BgzfWriter.write,method,public,defined,"(self, data)",False,Write method for the class.,perf,"hot path: measured or structural speed gap, kernel candidate"
bgzf,Bio.bgzf,flush,BgzfWriter.flush,method,public,defined,(self),False,Flush data explicitally.,perf,"hot path: measured or structural speed gap, kernel candidate"
bgzf,Bio.bgzf,close,BgzfWriter.close,method,public,defined,(self),False,"Flush data, write 28 bytes BGZF EOF marker, and close BGZF file.",perf,"hot path: measured or structural speed gap, kernel candidate"
bgzf,Bio.bgzf,tell,BgzfWriter.tell,method,public,defined,(self),False,Return a BGZF 64-bit virtual offset.,perf,"hot path: measured or structural speed gap, kernel candidate"
bgzf,Bio.bgzf,seekable,BgzfWriter.seekable,method,public,defined,(self),False,Return True indicating the BGZF supports random access.,perf,"hot path: measured or structural speed gap, kernel candidate"
bgzf,Bio.bgzf,isatty,BgzfWriter.isatty,method,public,defined,(self),False,Return True if connected to a TTY device.,perf,"hot path: measured or structural speed gap, kernel candidate"
bgzf,Bio.bgzf,fileno,BgzfWriter.fileno,method,public,defined,(self),False,Return integer file descriptor.,perf,"hot path: measured or structural speed gap, kernel candidate"
codonalign,Bio.codonalign,build,build,function,public,defined,"(pro_align, nucl_seqs, corr_dict=None, gap_char='-', unknown='X', codon_table=None, complete_protein=False, anchor_len=10, max_score=10)",False,Build a codon alignment from protein alignment and corresponding nucleotides.,parity,"drop-in compatibility; small surface, no large win expected"
codonalign,Bio.codonalign.codonalignment,CodonAlignment,CodonAlignment,class,public,defined,,False,Codon Alignment class that inherits from MultipleSeqAlignment.,parity,"drop-in compatibility; small surface, no large win expected"
codonalign,Bio.codonalign.codonalignment,get_aln_length,CodonAlignment.get_aln_length,method,public,defined,(self),False,Get alignment length.,parity,"drop-in compatibility; small surface, no large win expected"
codonalign,Bio.codonalign.codonalignment,toMultipleSeqAlignment,CodonAlignment.toMultipleSeqAlignment,method,public,defined,(self),False,Convert the CodonAlignment to a MultipleSeqAlignment.,parity,"drop-in compatibility; small surface, no large win expected"
codonalign,Bio.codonalign.codonalignment,get_dn_ds_matrix,CodonAlignment.get_dn_ds_matrix,method,public,defined,"(self, method='NG86', codon_table=None)",False,"Available methods include NG86, LWL85, YN00 and ML.",parity,"drop-in compatibility; small surface, no large win expected"
codonalign,Bio.codonalign.codonalignment,get_dn_ds_tree,CodonAlignment.get_dn_ds_tree,method,public,defined,"(self, dn_ds_method='NG86', tree_method='UPGMA', codon_table=None)",False,Construct dn tree and ds tree.,parity,"drop-in compatibility; small surface, no large win expected"
codonalign,Bio.codonalign.codonalignment,from_msa,CodonAlignment.from_msa,classmethod,public,defined,"(cls, align)",False,Convert a MultipleSeqAlignment to CodonAlignment.,parity,"drop-in compatibility; small surface, no large win expected"
codonalign,Bio.codonalign.codonalignment,mktest,mktest,function,public,defined,"(codon_alns, codon_table=None, alpha=0.05)",False,McDonald-Kreitman test for neutrality.,parity,"drop-in compatibility; small surface, no large win expected"
codonalign,Bio.codonalign.codonseq,CodonSeq,CodonSeq,class,public,defined,,False,CodonSeq is designed to be within the SeqRecords of a CodonAlignment class.,parity,"drop-in compatibility; small surface, no large win expected"
codonalign,Bio.codonalign.codonseq,get_codon,CodonSeq.get_codon,method,public,defined,"(self, index)",False,Get the index codon from the sequence.,parity,"drop-in compatibility; small surface, no large win expected"
codonalign,Bio.codonalign.codonseq,get_codon_num,CodonSeq.get_codon_num,method,public,defined,(self),False,Return the number of codons in the CodonSeq.,parity,"drop-in compatibility; small surface, no large win expected"
codonalign,Bio.codonalign.codonseq,translate,CodonSeq.translate,method,public,defined,"(self, codon_table=None, stop_symbol='*', rf_table=None, ungap_seq=True)",False,Translate the CodonSeq based on the reading frame in rf_table.,parity,"drop-in compatibility; small surface, no large win expected"
codonalign,Bio.codonalign.codonseq,toSeq,CodonSeq.toSeq,method,public,defined,(self),False,Convert DNA to seq object.,parity,"drop-in compatibility; small surface, no large win expected"
codonalign,Bio.codonalign.codonseq,get_full_rf_table,CodonSeq.get_full_rf_table,method,public,defined,(self),False,Return full rf_table of the CodonSeq records.,parity,"drop-in compatibility; small surface, no large win expected"
codonalign,Bio.codonalign.codonseq,full_translate,CodonSeq.full_translate,method,public,defined,"(self, codon_table=None, stop_symbol='*')",False,Apply full translation with gaps considered.,parity,"drop-in compatibility; small surface, no large win expected"
codonalign,Bio.codonalign.codonseq,ungap,CodonSeq.ungap,method,public,defined,"(self, gap='-')",False,Return a copy of the sequence without the gap character(s).,parity,"drop-in compatibility; small surface, no large win expected"
codonalign,Bio.codonalign.codonseq,from_seq,CodonSeq.from_seq,classmethod,public,defined,"(cls, seq, rf_table=None)",False,Get codon sequence from sequence data.,parity,"drop-in compatibility; small surface, no large win expected"
codonalign,Bio.codonalign.codonseq,cal_dn_ds,cal_dn_ds,function,public,defined,"(codon_seq1, codon_seq2, method='NG86', codon_table=None, k=1, cfreq=None)",False,Calculate dN and dS of the given two sequences.,parity,"drop-in compatibility; small surface, no large win expected"
cpairwise2,Bio.cpairwise2,rint,rint,function,public,defined,,False,,skip,"already implemented in C upstream -- reuse, do not rewrite"
motifs,Bio.motifs,create,create,function,public,defined,"(instances, alphabet='ACGT')",False,Create a Motif object.,parity,"drop-in compatibility; small surface, no large win expected"
motifs,Bio.motifs,parse,parse,function,public,defined,"(handle, fmt, strict=True)",False,Parse an output file from a motif finding program.,parity,"drop-in compatibility; small surface, no large win expected"
motifs,Bio.motifs,read,read,function,public,defined,"(handle, fmt, strict=True)",False,Read a motif from a handle using the specified file-format.,parity,"drop-in compatibility; small surface, no large win expected"
motifs,Bio.motifs,Motif,Motif,class,public,defined,,False,A class representing sequence motifs.,parity,"drop-in compatibility; small surface, no large win expected"
motifs,Bio.motifs,mask,Motif.mask,property,public,defined,(property),False,,parity,"drop-in compatibility; small surface, no large win expected"
motifs,Bio.motifs,pseudocounts,Motif.pseudocounts,property,public,defined,(property),False,,parity,"drop-in compatibility; small surface, no large win expected"
motifs,Bio.motifs,background,Motif.background,property,public,defined,(property),False,,parity,"drop-in compatibility; small surface, no large win expected"
motifs,Bio.motifs,pwm,Motif.pwm,property,public,defined,(property),False,Calculate and return the position weight matrix for this motif.,parity,"drop-in compatibility; small surface, no large win expected"
motifs,Bio.motifs,pssm,Motif.pssm,property,public,defined,(property),False,Calculate and return the position specific scoring matrix for this motif.,parity,"drop-in compatibility; small surface, no large win expected"
motifs,Bio.motifs,reverse_complement,Motif.reverse_complement,method,public,defined,(self),False,Return the reverse complement of the motif as a new motif.,parity,"drop-in compatibility; small surface, no large win expected"
motifs,Bio.motifs,consensus,Motif.consensus,property,public,defined,(property),False,Return the consensus sequence.,parity,"drop-in compatibility; small surface, no large win expected"
motifs,Bio.motifs,anticonsensus,Motif.anticonsensus,property,public,defined,(property),False,Return the least probable pattern to be generated from this motif.,parity,"drop-in compatibility; small surface, no large win expected"
motifs,Bio.motifs,degenerate_consensus,Motif.degenerate_consensus,property,public,defined,(property),False,Return the degenerate consensus sequence.,parity,"drop-in compatibility; small surface, no large win expected"
motifs,Bio.motifs,relative_entropy,Motif.relative_entropy,property,public,defined,(property),False,Return an array with the relative entropy for each column of the motif.,parity,"drop-in compatibility; small surface, no large win expected"
motifs,Bio.motifs,weblogo,Motif.weblogo,method,public,defined,"(self, fname, fmt='PNG', **kwds)",False,Download and save a weblogo using the Berkeley weblogo service.,parity,"drop-in compatibility; small surface, no large win expected"
motifs,Bio.motifs,format,Motif.format,method,public,defined,"(self, format_spec)",False,Return a string representation of the Motif in the given format.,parity,"drop-in compatibility; small surface, no large win expected"
motifs,Bio.motifs,write,write,function,public,defined,"(motifs, fmt, **kwargs)",False,Return a string representation of motifs in the given format.,parity,"drop-in compatibility; small surface, no large win expected"
motifs,Bio.motifs._pwm,calculate,calculate,function,public,defined,,False,"calculate(sequence, pwm, scores)",parity,"drop-in compatibility; small surface, no large win expected"
motifs,Bio.motifs.alignace,Record,Record,class,public,defined,,False,AlignACE record (subclass of Python list).,parity,"drop-in compatibility; small surface, no large win expected"
motifs,Bio.motifs.alignace,read,read,function,public,defined,(handle),False,Parse an AlignACE format handle as a Record object.,parity,"drop-in compatibility; small surface, no large win expected"
motifs,Bio.motifs.clusterbuster,Record,Record,class,public,defined,,False,Class to store the information in a Cluster Buster matrix table.,parity,"drop-in compatibility; small surface, no large win expected"
motifs,Bio.motifs.clusterbuster,read,read,function,public,defined,(handle),False,Read motifs in Cluster Buster position frequency matrix format from a file handle.,parity,"drop-in compatibility; small surface, no large win expected"
motifs,Bio.motifs.clusterbuster,write,write,function,public,defined,"(motifs, precision=0)",False,Return the representation of motifs in Cluster Buster position frequency matrix format.,parity,"drop-in compatibility; small surface, no large win expected"
motifs,Bio.motifs.jaspar,Motif,Motif,class,public,defined,,False,A subclass of Bio.motifs.Motif used to represent a JASPAR profile.,parity,"drop-in compatibility; small surface, no large win expected"
motifs,Bio.motifs.jaspar,base_id,Motif.base_id,property,public,defined,(property),False,Return the JASPAR base matrix ID.,parity,"drop-in compatibility; small surface, no large win expected"
motifs,Bio.motifs.jaspar,version,Motif.version,property,public,defined,(property),False,Return the JASPAR matrix version.,parity,"drop-in compatibility; small surface, no large win expected"
motifs,Bio.motifs.jaspar,Record,Record,class,public,defined,,False,Represent a list of jaspar motifs.,parity,"drop-in compatibility; small surface, no large win expected"
motifs,Bio.motifs.jaspar,to_dict,Record.to_dict,method,public,defined,(self),False,Return the list of matrices as a dictionary of matrices.,parity,"drop-in compatibility; small surface, no large win expected"
motifs,Bio.motifs.jaspar,read,read,function,public,defined,"(handle, format)",False,Read motif(s) from a file in one of several different JASPAR formats.,parity,"drop-in compatibility; small surface, no large win expected"
motifs,Bio.motifs.jaspar,write,write,function,public,defined,"(motifs, format)",False,"Return the representation of motifs in ""pfm"" or ""jaspar"" format.",parity,"drop-in compatibility; small surface, no large win expected"
motifs,Bio.motifs.jaspar,calculate_pseudocounts,calculate_pseudocounts,function,public,defined,(motif),False,Calculate pseudocounts.,parity,"drop-in compatibility; small surface, no large win expected"
motifs,Bio.motifs.jaspar,split_jaspar_id,split_jaspar_id,function,public,defined,(id),False,Split a JASPAR matrix ID into its component.,parity,"drop-in compatibility; small surface, no large win expected"
motifs,Bio.motifs.mast,Record,Record,class,public,defined,,False,The class for holding the results from a MAST run.,parity,"drop-in compatibility; small surface, no large win expected"
motifs,Bio.motifs.mast,read,read,function,public,defined,(handle),False,Parse a MAST XML format handle as a Record object.,parity,"drop-in compatibility; small surface, no large win expected"
motifs,Bio.motifs.matrix,GenericPositionMatrix,GenericPositionMatrix,class,public,defined,,False,Base class for the support of position matrix operations.,perf,"hot path: measured or structural speed gap, kernel candidate"
motifs,Bio.motifs.matrix,consensus,GenericPositionMatrix.consensus,property,public,defined,(property),False,Return the consensus sequence.,perf,"hot path: measured or structural speed gap, kernel candidate"
motifs,Bio.motifs.matrix,anticonsensus,GenericPositionMatrix.anticonsensus,property,public,defined,(property),False,Return the anticonsensus sequence.,perf,"hot path: measured or structural speed gap, kernel candidate"
motifs,Bio.motifs.matrix,degenerate_consensus,GenericPositionMatrix.degenerate_consensus,property,public,defined,(property),False,Return the degenerate consensus sequence.,perf,"hot path: measured or structural speed gap, kernel candidate"
motifs,Bio.motifs.matrix,calculate_consensus,GenericPositionMatrix.calculate_consensus,method,public,defined,"(self, substitution_matrix=None, plurality=None, identity=0, setcase=None)",False,Return the consensus sequence (as a string) for the given parameters.,perf,"hot path: measured or structural speed gap, kernel candidate"
motifs,Bio.motifs.matrix,gc_content,GenericPositionMatrix.gc_content,property,public,defined,(property),False,Compute the fraction GC content.,perf,"hot path: measured or structural speed gap, kernel candidate"
motifs,Bio.motifs.matrix,reverse_complement,GenericPositionMatrix.reverse_complement,method,public,defined,(self),False,Compute reverse complement.,perf,"hot path: measured or structural speed gap, kernel candidate"
motifs,Bio.motifs.matrix,FrequencyPositionMatrix,FrequencyPositionMatrix,class,public,defined,,False,Class for the support of frequency calculations on the Position Matrix.,perf,"hot path: measured or structural speed gap, kernel candidate"
motifs,Bio.motifs.matrix,normalize,FrequencyPositionMatrix.normalize,method,public,defined,"(self, pseudocounts=None)",False,Create and return a position-weight matrix by normalizing the counts matrix.,perf,"hot path: measured or structural speed gap, kernel candidate"
motifs,Bio.motifs.matrix,PositionWeightMatrix,PositionWeightMatrix,class,public,defined,,False,Class for the support of weight calculations on the Position Matrix.,perf,"hot path: measured or structural speed gap, kernel candidate"
motifs,Bio.motifs.matrix,log_odds,PositionWeightMatrix.log_odds,method,public,defined,"(self, background=None)",False,Return the Position-Specific Scoring Matrix.,perf,"hot path: measured or structural speed gap, kernel candidate"
motifs,Bio.motifs.matrix,PositionSpecificScoringMatrix,PositionSpecificScoringMatrix,class,public,defined,,False,Class for the support of Position Specific Scoring Matrix calculations.,perf,"hot path: measured or structural speed gap, kernel candidate"
motifs,Bio.motifs.matrix,calculate,PositionSpecificScoringMatrix.calculate,method,public,defined,"(self, sequence)",False,Return the PWM score for a given sequence for all positions.,perf,"hot path: measured or structural speed gap, kernel candidate"
motifs,Bio.motifs.matrix,search,PositionSpecificScoringMatrix.search,method,public,defined,"(self, sequence, threshold=0.0, both=True, chunksize=1000000)",False,Find hits with PWM score above given threshold.,perf,"hot path: measured or structural speed gap, kernel candidate"
motifs,Bio.motifs.matrix,max,PositionSpecificScoringMatrix.max,property,public,defined,(property),False,Maximal possible score for this motif.,perf,"hot path: measured or structural speed gap, kernel candidate"
motifs,Bio.motifs.matrix,min,PositionSpecificScoringMatrix.min,property,public,defined,(property),False,Minimal possible score for this motif.,perf,"hot path: measured or structural speed gap, kernel candidate"
motifs,Bio.motifs.matrix,gc_content,PositionSpecificScoringMatrix.gc_content,property,public,defined,(property),False,Compute the GC-ratio.,perf,"hot path: measured or structural speed gap, kernel candidate"
motifs,Bio.motifs.matrix,mean,PositionSpecificScoringMatrix.mean,method,public,defined,"(self, background=None)",False,Return expected value of the score of a motif.,perf,"hot path: measured or structural speed gap, kernel candidate"
motifs,Bio.motifs.matrix,std,PositionSpecificScoringMatrix.std,method,public,defined,"(self, background=None)",False,Return standard deviation of the score of a motif.,perf,"hot path: measured or structural speed gap, kernel candidate"
motifs,Bio.motifs.matrix,dist_pearson,PositionSpecificScoringMatrix.dist_pearson,method,public,defined,"(self, other)",False,Return the similarity score based on pearson correlation for the given motif against self.,perf,"hot path: measured or structural speed gap, kernel candidate"
motifs,Bio.motifs.matrix,dist_pearson_at,PositionSpecificScoringMatrix.dist_pearson_at,method,public,defined,"(self, other, offset)",False,Return the similarity score based on pearson correlation at the given offset.,perf,"hot path: measured or structural speed gap, kernel candidate"
motifs,Bio.motifs.matrix,distribution,PositionSpecificScoringMatrix.distribution,method,public,defined,"(self, background=None, precision=1000)",False,Calculate the distribution of the scores at the given precision.,perf,"hot path: measured or structural speed gap, kernel candidate"
motifs,Bio.motifs.meme,read,read,function,public,defined,(handle),False,Parse the text output of the MEME program into a meme.Record object.,parity,"drop-in compatibility; small surface, no large win expected"
motifs,Bio.motifs.meme,Motif,Motif,class,public,defined,,False,A subclass of Motif used in parsing MEME (and MAST) output.,parity,"drop-in compatibility; small surface, no large win expected"
motifs,Bio.motifs.meme,Record,Record,class,public,defined,,False,A class for holding the results of a MEME run.,parity,"drop-in compatibility; small surface, no large win expected"
motifs,Bio.motifs.minimal,read,read,function,public,defined,(handle),False,Parse the text output of the MEME program into a meme.Record object.,parity,"drop-in compatibility; small surface, no large win expected"
motifs,Bio.motifs.minimal,Record,Record,class,public,defined,,False,Class for holding the results of a minimal MEME run.,parity,"drop-in compatibility; small surface, no large win expected"
motifs,Bio.motifs.pfm,Record,Record,class,public,defined,,False,Class to store the information in a position frequency matrix table.,parity,"drop-in compatibility; small surface, no large win expected"
motifs,Bio.motifs.pfm,read,read,function,public,defined,"(handle, pfm_format)",False,Read motif(s) from a file in various position frequency matrix formats.,parity,"drop-in compatibility; small surface, no large win expected"
motifs,Bio.motifs.pfm,write,write,function,public,defined,(motifs),False,Return the representation of motifs in Cluster Buster position frequency matrix format.,parity,"drop-in compatibility; small surface, no large win expected"
motifs,Bio.motifs.thresholds,ScoreDistribution,ScoreDistribution,class,public,defined,,False,Class representing approximate score distribution for a given motif.,parity,"drop-in compatibility; small surface, no large win expected"
motifs,Bio.motifs.thresholds,modify,ScoreDistribution.modify,method,public,defined,"(self, scores, mo_probs, bg_probs)",False,Modify motifs and background density.,parity,"drop-in compatibility; small surface, no large win expected"
motifs,Bio.motifs.thresholds,threshold_fpr,ScoreDistribution.threshold_fpr,method,public,defined,"(self, fpr)",False,Approximate the log-odds threshold which makes the type I error (false positive rate).,parity,"drop-in compatibility; small surface, no large win expected"
motifs,Bio.motifs.thresholds,threshold_fnr,ScoreDistribution.threshold_fnr,method,public,defined,"(self, fnr)",False,Approximate the log-odds threshold which makes the type II error (false negative rate).,parity,"drop-in compatibility; small surface, no large win expected"
motifs,Bio.motifs.thresholds,threshold_balanced,ScoreDistribution.threshold_balanced,method,public,defined,"(self, rate_proportion=1.0, return_rate=False)",False,Approximate log-odds threshold making FNR equal to FPR times rate_proportion.,parity,"drop-in compatibility; small surface, no large win expected"
motifs,Bio.motifs.thresholds,threshold_patser,ScoreDistribution.threshold_patser,method,public,defined,(self),False,"Threshold selection mimicking the behaviour of patser (Hertz, Stormo 1999) software.",parity,"drop-in compatibility; small surface, no large win expected"
motifs,Bio.motifs.transfac,Motif,Motif,class,public,defined,,False,Store the information for one TRANSFAC motif.,parity,"drop-in compatibility; small surface, no large win expected"
motifs,Bio.motifs.transfac,Record,Record,class,public,defined,,False,Store the information in a TRANSFAC matrix table.,parity,"drop-in compatibility; small surface, no large win expected"
motifs,Bio.motifs.transfac,read,read,function,public,defined,"(handle, strict=True)",False,Parse a transfac format handle into a Record object.,parity,"drop-in compatibility; small surface, no large win expected"
motifs,Bio.motifs.transfac,write,write,function,public,defined,(motifs),False,Write the representation of a motif in TRANSFAC format.,parity,"drop-in compatibility; small surface, no large win expected"
motifs,Bio.motifs.xms,XMSScanner,XMSScanner,class,public,defined,,False,Class for scanning XMS XML file.,parity,"drop-in compatibility; small surface, no large win expected"
motifs,Bio.motifs.xms,handle_motif,XMSScanner.handle_motif,method,public,defined,"(self, node)",False,Read the motif's name and column from the node and add the motif record.,parity,"drop-in compatibility; small surface, no large win expected"
motifs,Bio.motifs.xms,get_property_value,XMSScanner.get_property_value,method,public,defined,"(self, node, key_name)",False,Extract the value of the motif's property named key_name from node.,parity,"drop-in compatibility; small surface, no large win expected"
motifs,Bio.motifs.xms,get_acgt,XMSScanner.get_acgt,method,public,defined,"(self, node)",False,"Get and return the motif's weights of A, C, G, T.",parity,"drop-in compatibility; small surface, no large win expected"
motifs,Bio.motifs.xms,get_text,XMSScanner.get_text,method,public,defined,"(self, nodelist)",False,Return a string representation of the motif's properties listed on nodelist .,parity,"drop-in compatibility; small surface, no large win expected"
motifs,Bio.motifs.xms,Record,Record,class,public,defined,,False,Class to store the information in a XMS matrix table.,parity,"drop-in compatibility; small surface, no large win expected"
motifs,Bio.motifs.xms,read,read,function,public,defined,(handle),False,Read motifs in XMS matrix format from a file handle.,parity,"drop-in compatibility; small surface, no large win expected"
pairwise2,Bio.pairwise2,Alignment,Alignment,class,public,defined,,False,"Alignment(seqA, seqB, score, start, end)",skip,deprecated upstream in fact (not in the flag column)
pairwise2,Bio.pairwise2,align,align,constant,public,defined,,False,Provide functions that do alignments.,skip,deprecated upstream in fact (not in the flag column)
pairwise2,Bio.pairwise2,identity_match,identity_match,class,public,defined,,False,Create a match function for use in an alignment.,skip,deprecated upstream in fact (not in the flag column)
pairwise2,Bio.pairwise2,dictionary_match,dictionary_match,class,public,defined,,False,Create a match function for use in an alignment.,skip,deprecated upstream in fact (not in the flag column)
pairwise2,Bio.pairwise2,affine_penalty,affine_penalty,class,public,defined,,False,Create a gap function for use in an alignment.,skip,deprecated upstream in fact (not in the flag column)
pairwise2,Bio.pairwise2,calc_affine_penalty,calc_affine_penalty,function,public,defined,"(length, open, extend, penalize_extend_when_opening)",False,Calculate a penalty score for the gap function.,skip,deprecated upstream in fact (not in the flag column)
pairwise2,Bio.pairwise2,print_matrix,print_matrix,function,public,defined,(matrix),False,Print out a matrix for debugging purposes.,skip,deprecated upstream in fact (not in the flag column)
pairwise2,Bio.pairwise2,format_alignment,format_alignment,function,public,defined,"(align1, align2, score, begin, end, full_sequences=False)",False,Format the alignment prettily into a string.,skip,deprecated upstream in fact (not in the flag column)
phenotype,Bio.phenotype,write,write,function,public,defined,"(plates, handle, format)",False,Write complete set of PlateRecords to a file.,parity,"drop-in compatibility; small surface, no large win expected"
phenotype,Bio.phenotype,parse,parse,function,public,defined,"(handle, format)",False,Turn a phenotype file into an iterator returning PlateRecords.,parity,"drop-in compatibility; small surface, no large win expected"
phenotype,Bio.phenotype,read,read,function,public,defined,"(handle, format)",False,Turn a phenotype file into a single PlateRecord.,parity,"drop-in compatibility; small surface, no large win expected"
phenotype,Bio.phenotype.phen_micro,PlateRecord,PlateRecord,class,public,defined,,False,PlateRecord object for storing Phenotype Microarray plates data.,parity,"drop-in compatibility; small surface, no large win expected"
phenotype,Bio.phenotype.phen_micro,get_row,PlateRecord.get_row,method,public,defined,"(self, row)",False,Get all the wells of a given row.,parity,"drop-in compatibility; small surface, no large win expected"
phenotype,Bio.phenotype.phen_micro,get_column,PlateRecord.get_column,method,public,defined,"(self, column)",False,Get all the wells of a given column.,parity,"drop-in compatibility; small surface, no large win expected"
phenotype,Bio.phenotype.phen_micro,subtract_control,PlateRecord.subtract_control,method,public,defined,"(self, control='A01', wells=None)",False,Subtract a 'control' well from the other plates wells.,parity,"drop-in compatibility; small surface, no large win expected"
phenotype,Bio.phenotype.phen_micro,WellRecord,WellRecord,class,public,defined,,False,WellRecord stores all time course signals of a phenotype Microarray well.,parity,"drop-in compatibility; small surface, no large win expected"
phenotype,Bio.phenotype.phen_micro,get_raw,WellRecord.get_raw,method,public,defined,(self),False,Get a list of time/signal pairs.,parity,"drop-in compatibility; small surface, no large win expected"
phenotype,Bio.phenotype.phen_micro,get_times,WellRecord.get_times,method,public,defined,(self),False,Get a list of the recorded time points.,parity,"drop-in compatibility; small surface, no large win expected"
phenotype,Bio.phenotype.phen_micro,get_signals,WellRecord.get_signals,method,public,defined,(self),False,Get a list of the recorded signals (ordered by collection time).,parity,"drop-in compatibility; small surface, no large win expected"
phenotype,Bio.phenotype.phen_micro,fit,WellRecord.fit,method,public,defined,"(self, function=('gompertz', 'logistic', 'richards'))",False,Fit a sigmoid function to this well and extract curve parameters.,parity,"drop-in compatibility; small surface, no large win expected"
phenotype,Bio.phenotype.phen_micro,JsonIterator,JsonIterator,function,public,defined,(handle),False,Iterate over PM json records as PlateRecord objects.,parity,"drop-in compatibility; small surface, no large win expected"
phenotype,Bio.phenotype.phen_micro,CsvIterator,CsvIterator,function,public,defined,(handle),False,Iterate over PM csv records as PlateRecord objects.,parity,"drop-in compatibility; small surface, no large win expected"
phenotype,Bio.phenotype.phen_micro,JsonWriter,JsonWriter,class,public,defined,,False,Class to write PM Json format files.,parity,"drop-in compatibility; small surface, no large win expected"
phenotype,Bio.phenotype.phen_micro,write,JsonWriter.write,method,public,defined,"(self, handle)",False,Write this instance's plates to a file handle.,parity,"drop-in compatibility; small surface, no large win expected"
phenotype,Bio.phenotype.pm_fitting,logistic,logistic,function,public,defined,"(x, A, u, d, v, y0)",False,Logistic growth model.,skip,delegates the numerics to a third-party library
phenotype,Bio.phenotype.pm_fitting,gompertz,gompertz,function,public,defined,"(x, A, u, d, v, y0)",False,Gompertz growth model.,skip,delegates the numerics to a third-party library
phenotype,Bio.phenotype.pm_fitting,richards,richards,function,public,defined,"(x, A, u, d, v, y0)",False,Richards growth model (equivalent to Stannard).,skip,delegates the numerics to a third-party library
phenotype,Bio.phenotype.pm_fitting,guess_lag,guess_lag,function,public,defined,"(x, y)",False,Given two axes returns a guess of the lag point.,skip,delegates the numerics to a third-party library
phenotype,Bio.phenotype.pm_fitting,guess_plateau,guess_plateau,function,public,defined,"(x, y)",False,Given two axes returns a guess of the plateau point.,skip,delegates the numerics to a third-party library
phenotype,Bio.phenotype.pm_fitting,fit,fit,function,public,defined,"(function, x, y)",False,Fit the provided function to the x and y values.,skip,delegates the numerics to a third-party library
phenotype,Bio.phenotype.pm_fitting,get_area,get_area,function,public,defined,"(y, x)",False,Get the area under the curve.,skip,delegates the numerics to a third-party library
